
=== [baseline_s43] net=(64, 64) lr=0.0003 seed=43 ===
Using cpu device
---------------------------------
| rollout/           |          |
|    ep_len_mean     | 253      |
|    ep_rew_mean     | -16.4    |
| time/              |          |
|    fps             | 4104     |
|    iterations      | 1        |
|    time_elapsed    | 1        |
|    total_timesteps | 8192     |
---------------------------------
-----------------------------------------
| rollout/                |             |
|    ep_len_mean          | 250         |
|    ep_rew_mean          | -16.5       |
| time/                   |             |
|    fps                  | 3021        |
|    iterations           | 2           |
|    time_elapsed         | 5           |
|    total_timesteps      | 16384       |
| train/                  |             |
|    approx_kl            | 0.009481972 |
|    clip_fraction        | 0.0436      |
|    clip_range           | 0.2         |
|    entropy_loss         | -1.79       |
|    explained_variance   | 0.0948      |
|    learning_rate        | 0.0003      |
|    loss                 | 0.878       |
|    n_updates            | 10          |
|    policy_gradient_loss | -0.00473    |
|    value_loss           | 3.08        |
-----------------------------------------
Eval num_timesteps=20000, episode_reward=-21.90 +/- 0.44
Episode length: 260.10 +/- 22.54
-----------------------------------------
| eval/                   |             |
|    mean_ep_length       | 260         |
|    mean_reward          | -21.9       |
| time/                   |             |
|    total_timesteps      | 20000       |
| train/                  |             |
|    approx_kl            | 0.011930096 |
|    clip_fraction        | 0.0689      |
|    clip_range           | 0.2         |
|    entropy_loss         | -1.76       |
|    explained_variance   | 0.806       |
|    learning_rate        | 0.0003      |
|    loss                 | 0.199       |
|    n_updates            | 20          |
|    policy_gradient_loss | -0.00357    |
|    value_loss           | 0.901       |
-----------------------------------------
New best mean reward!
---------------------------------
| rollout/           |          |
|    ep_len_mean     | 251      |
|    ep_rew_mean     | -16.5    |
| time/              |          |
|    fps             | 2308     |
|    iterations      | 3        |
|    time_elapsed    | 10       |
|    total_timesteps | 24576    |
---------------------------------
-----------------------------------------
| rollout/                |             |
|    ep_len_mean          | 264         |
|    ep_rew_mean          | -16.2       |
| time/                   |             |
|    fps                  | 2340        |
|    iterations           | 4           |
|    time_elapsed         | 13          |
|    total_timesteps      | 32768       |
| train/                  |             |
|    approx_kl            | 0.013283588 |
|    clip_fraction        | 0.125       |
|    clip_range           | 0.2         |
|    entropy_loss         | -1.73       |
|    explained_variance   | 0.945       |
|    learning_rate        | 0.0003      |
|    loss                 | 0.219       |
|    n_updates            | 30          |
|    policy_gradient_loss | -0.00529    |
|    value_loss           | 0.46        |
-----------------------------------------
Eval num_timesteps=40000, episode_reward=-22.50 +/- 0.22
Episode length: 340.40 +/- 21.28
-----------------------------------------
| eval/                   |             |
|    mean_ep_length       | 340         |
|    mean_reward          | -22.5       |
| time/                   |             |
|    total_timesteps      | 40000       |
| train/                  |             |
|    approx_kl            | 0.016923968 |
|    clip_fraction        | 0.182       |
|    clip_range           | 0.2         |
|    entropy_loss         | -1.7        |
|    explained_variance   | 0.968       |
|    learning_rate        | 0.0003      |
|    loss                 | 0.153       |
|    n_updates            | 40          |
|    policy_gradient_loss | -0.00827    |
|    value_loss           | 0.398       |
-----------------------------------------
---------------------------------
| rollout/           |          |
|    ep_len_mean     | 289      |
|    ep_rew_mean     | -15.2    |
| time/              |          |
|    fps             | 2087     |
|    iterations      | 5        |
|    time_elapsed    | 19       |
|    total_timesteps | 40960    |
---------------------------------
-----------------------------------------
| rollout/                |             |
|    ep_len_mean          | 319         |
|    ep_rew_mean          | -13.8       |
| time/                   |             |
|    fps                  | 2146        |
|    iterations           | 6           |
|    time_elapsed         | 22          |
|    total_timesteps      | 49152       |
| train/                  |             |
|    approx_kl            | 0.010125207 |
|    clip_fraction        | 0.0829      |
|    clip_range           | 0.2         |
|    entropy_loss         | -1.65       |
|    explained_variance   | 0.973       |
|    learning_rate        | 0.0003      |
|    loss                 | 0.1         |
|    n_updates            | 50          |
|    policy_gradient_loss | -0.00426    |
|    value_loss           | 0.343       |
-----------------------------------------
-----------------------------------------
| rollout/                |             |
|    ep_len_mean          | 345         |
|    ep_rew_mean          | -12.5       |
| time/                   |             |
|    fps                  | 2204        |
|    iterations           | 7           |
|    time_elapsed         | 26          |
|    total_timesteps      | 57344       |
| train/                  |             |
|    approx_kl            | 0.010904232 |
|    clip_fraction        | 0.111       |
|    clip_range           | 0.2         |
|    entropy_loss         | -1.6        |
|    explained_variance   | 0.981       |
|    learning_rate        | 0.0003      |
|    loss                 | 0.0943      |
|    n_updates            | 60          |
|    policy_gradient_loss | -0.00564    |
|    value_loss           | 0.241       |
-----------------------------------------
Eval num_timesteps=60000, episode_reward=-22.40 +/- 0.20
Episode length: 359.90 +/- 23.03
-----------------------------------------
| eval/                   |             |
|    mean_ep_length       | 360         |
|    mean_reward          | -22.4       |
| time/                   |             |
|    total_timesteps      | 60000       |
| train/                  |             |
|    approx_kl            | 0.008243384 |
|    clip_fraction        | 0.0252      |
|    clip_range           | 0.2         |
|    entropy_loss         | -1.59       |
|    explained_variance   | 0.986       |
|    learning_rate        | 0.0003      |
|    loss                 | 0.113       |
|    n_updates            | 70          |
|    policy_gradient_loss | -0.00268    |
|    value_loss           | 0.236       |
-----------------------------------------
---------------------------------
| rollout/           |          |
|    ep_len_mean     | 364      |
|    ep_rew_mean     | -11.2    |
| time/              |          |
|    fps             | 2055     |
|    iterations      | 8        |
|    time_elapsed    | 31       |
|    total_timesteps | 65536    |
---------------------------------
-----------------------------------------
| rollout/                |             |
|    ep_len_mean          | 367         |
|    ep_rew_mean          | -10.7       |
| time/                   |             |
|    fps                  | 2099        |
|    iterations           | 9           |
|    time_elapsed         | 35          |
|    total_timesteps      | 73728       |
| train/                  |             |
|    approx_kl            | 0.010060848 |
|    clip_fraction        | 0.0697      |
|    clip_range           | 0.2         |
|    entropy_loss         | -1.57       |
|    explained_variance   | 0.989       |
|    learning_rate        | 0.0003      |
|    loss                 | 0.0687      |
|    n_updates            | 80          |
|    policy_gradient_loss | -0.00429    |
|    value_loss           | 0.202       |
-----------------------------------------
Eval num_timesteps=80000, episode_reward=-22.40 +/- 0.20
Episode length: 349.50 +/- 25.60
------------------------------------------
| eval/                   |              |
|    mean_ep_length       | 350          |
|    mean_reward          | -22.4        |
| time/                   |              |
|    total_timesteps      | 80000        |
| train/                  |              |
|    approx_kl            | 0.0089186765 |
|    clip_fraction        | 0.0472       |
|    clip_range           | 0.2          |
|    entropy_loss         | -1.52        |
|    explained_variance   | 0.99         |
|    learning_rate        | 0.0003       |
|    loss                 | 0.126        |
|    n_updates            | 90           |
|    policy_gradient_loss | -0.00374     |
|    value_loss           | 0.22         |
------------------------------------------
---------------------------------
| rollout/           |          |
|    ep_len_mean     | 363      |
|    ep_rew_mean     | -10.7    |
| time/              |          |
|    fps             | 2011     |
|    iterations      | 10       |
|    time_elapsed    | 40       |
|    total_timesteps | 81920    |
---------------------------------
-----------------------------------------
| rollout/                |             |
|    ep_len_mean          | 360         |
|    ep_rew_mean          | -10.9       |
| time/                   |             |
|    fps                  | 2062        |
|    iterations           | 11          |
|    time_elapsed         | 43          |
|    total_timesteps      | 90112       |
| train/                  |             |
|    approx_kl            | 0.007102301 |
|    clip_fraction        | 0.0469      |
|    clip_range           | 0.2         |
|    entropy_loss         | -1.48       |
|    explained_variance   | 0.99        |
|    learning_rate        | 0.0003      |
|    loss                 | 0.0973      |
|    n_updates            | 100         |
|    policy_gradient_loss | -0.00354    |
|    value_loss           | 0.193       |
-----------------------------------------
-----------------------------------------
| rollout/                |             |
|    ep_len_mean          | 358         |
|    ep_rew_mean          | -11.1       |
| time/                   |             |
|    fps                  | 2106        |
|    iterations           | 12          |
|    time_elapsed         | 46          |
|    total_timesteps      | 98304       |
| train/                  |             |
|    approx_kl            | 0.008424148 |
|    clip_fraction        | 0.0372      |
|    clip_range           | 0.2         |
|    entropy_loss         | -1.42       |
|    explained_variance   | 0.991       |
|    learning_rate        | 0.0003      |
|    loss                 | 0.107       |
|    n_updates            | 110         |
|    policy_gradient_loss | -0.00405    |
|    value_loss           | 0.19        |
-----------------------------------------
Eval num_timesteps=100000, episode_reward=-22.35 +/- 0.23
Episode length: 356.40 +/- 17.48
------------------------------------------
| eval/                   |              |
|    mean_ep_length       | 356          |
|    mean_reward          | -22.4        |
| time/                   |              |
|    total_timesteps      | 100000       |
| train/                  |              |
|    approx_kl            | 0.0071267933 |
|    clip_fraction        | 0.0266       |
|    clip_range           | 0.2          |
|    entropy_loss         | -1.4         |
|    explained_variance   | 0.992        |
|    learning_rate        | 0.0003       |
|    loss                 | 0.0743       |
|    n_updates            | 120          |
|    policy_gradient_loss | -0.00167     |
|    value_loss           | 0.17         |
------------------------------------------
---------------------------------
| rollout/           |          |
|    ep_len_mean     | 358      |
|    ep_rew_mean     | -11.1    |
| time/              |          |
|    fps             | 2044     |
|    iterations      | 13       |
|    time_elapsed    | 52       |
|    total_timesteps | 106496   |
---------------------------------
------------------------------------------
| rollout/                |              |
|    ep_len_mean          | 360          |
|    ep_rew_mean          | -11.1        |
| time/                   |              |
|    fps                  | 2069         |
|    iterations           | 14           |
|    time_elapsed         | 55           |
|    total_timesteps      | 114688       |
| train/                  |              |
|    approx_kl            | 0.0131915435 |
|    clip_fraction        | 0.066        |
|    clip_range           | 0.2          |
|    entropy_loss         | -1.38        |
|    explained_variance   | 0.99         |
|    learning_rate        | 0.0003       |
|    loss                 | 0.0911       |
|    n_updates            | 130          |
|    policy_gradient_loss | -0.00547     |
|    value_loss           | 0.211        |
------------------------------------------
Eval num_timesteps=120000, episode_reward=-22.35 +/- 0.32
Episode length: 341.20 +/- 16.31
------------------------------------------
| eval/                   |              |
|    mean_ep_length       | 341          |
|    mean_reward          | -22.4        |
| time/                   |              |
|    total_timesteps      | 120000       |
| train/                  |              |
|    approx_kl            | 0.0055217943 |
|    clip_fraction        | 0.0328       |
|    clip_range           | 0.2          |
|    entropy_loss         | -1.33        |
|    explained_variance   | 0.991        |
|    learning_rate        | 0.0003       |
|    loss                 | 0.0555       |
|    n_updates            | 140          |
|    policy_gradient_loss | -0.00245     |
|    value_loss           | 0.181        |
------------------------------------------
---------------------------------
| rollout/           |          |
|    ep_len_mean     | 361      |
|    ep_rew_mean     | -11.1    |
| time/              |          |
|    fps             | 2014     |
|    iterations      | 15       |
|    time_elapsed    | 61       |
|    total_timesteps | 122880   |
---------------------------------
------------------------------------------
| rollout/                |              |
|    ep_len_mean          | 360          |
|    ep_rew_mean          | -11.2        |
| time/                   |              |
|    fps                  | 2038         |
|    iterations           | 16           |
|    time_elapsed         | 64           |
|    total_timesteps      | 131072       |
| train/                  |              |
|    approx_kl            | 0.0071372893 |
|    clip_fraction        | 0.0226       |
|    clip_range           | 0.2          |
|    entropy_loss         | -1.3         |
|    explained_variance   | 0.992        |
|    learning_rate        | 0.0003       |
|    loss                 | 0.07         |
|    n_updates            | 150          |
|    policy_gradient_loss | -0.00286     |
|    value_loss           | 0.159        |
------------------------------------------
------------------------------------------
| rollout/                |              |
|    ep_len_mean          | 360          |
|    ep_rew_mean          | -11.3        |
| time/                   |              |
|    fps                  | 2058         |
|    iterations           | 17           |
|    time_elapsed         | 67           |
|    total_timesteps      | 139264       |
| train/                  |              |
|    approx_kl            | 0.0069025704 |
|    clip_fraction        | 0.085        |
|    clip_range           | 0.2          |
|    entropy_loss         | -1.33        |
|    explained_variance   | 0.992        |
|    learning_rate        | 0.0003       |
|    loss                 | 0.0916       |
|    n_updates            | 160          |
|    policy_gradient_loss | -0.00551     |
|    value_loss           | 0.166        |
------------------------------------------
Eval num_timesteps=140000, episode_reward=-22.35 +/- 0.23
Episode length: 342.90 +/- 17.78
-----------------------------------------
| eval/                   |             |
|    mean_ep_length       | 343         |
|    mean_reward          | -22.4       |
| time/                   |             |
|    total_timesteps      | 140000      |
| train/                  |             |
|    approx_kl            | 0.006139865 |
|    clip_fraction        | 0.0375      |
|    clip_range           | 0.2         |
|    entropy_loss         | -1.28       |
|    explained_variance   | 0.993       |
|    learning_rate        | 0.0003      |
|    loss                 | 0.0404      |
|    n_updates            | 170         |
|    policy_gradient_loss | -0.00415    |
|    value_loss           | 0.138       |
-----------------------------------------
---------------------------------
| rollout/           |          |
|    ep_len_mean     | 360      |
|    ep_rew_mean     | -11.3    |
| time/              |          |
|    fps             | 2015     |
|    iterations      | 18       |
|    time_elapsed    | 73       |
|    total_timesteps | 147456   |
---------------------------------
------------------------------------------
| rollout/                |              |
|    ep_len_mean          | 357          |
|    ep_rew_mean          | -11.4        |
| time/                   |              |
|    fps                  | 2033         |
|    iterations           | 19           |
|    time_elapsed         | 76           |
|    total_timesteps      | 155648       |
| train/                  |              |
|    approx_kl            | 0.0053852974 |
|    clip_fraction        | 0.023        |
|    clip_range           | 0.2          |
|    entropy_loss         | -1.21        |
|    explained_variance   | 0.993        |
|    learning_rate        | 0.0003       |
|    loss                 | 0.06         |
|    n_updates            | 180          |
|    policy_gradient_loss | -0.00211     |
|    value_loss           | 0.132        |
------------------------------------------
Eval num_timesteps=160000, episode_reward=-22.50 +/- 0.22
Episode length: 358.50 +/- 20.78
-----------------------------------------
| eval/                   |             |
|    mean_ep_length       | 358         |
|    mean_reward          | -22.5       |
| time/                   |             |
|    total_timesteps      | 160000      |
| train/                  |             |
|    approx_kl            | 0.006778195 |
|    clip_fraction        | 0.0409      |
|    clip_range           | 0.2         |
|    entropy_loss         | -1.16       |
|    explained_variance   | 0.993       |
|    learning_rate        | 0.0003      |
|    loss                 | 0.0504      |
|    n_updates            | 190         |
|    policy_gradient_loss | -0.00281    |
|    value_loss           | 0.142       |
-----------------------------------------
---------------------------------
| rollout/           |          |
|    ep_len_mean     | 357      |
|    ep_rew_mean     | -11.3    |
| time/              |          |
|    fps             | 1992     |
|    iterations      | 20       |
|    time_elapsed    | 82       |
|    total_timesteps | 163840   |
---------------------------------
-----------------------------------------
| rollout/                |             |
|    ep_len_mean          | 356         |
|    ep_rew_mean          | -11.3       |
| time/                   |             |
|    fps                  | 2007        |
|    iterations           | 21          |
|    time_elapsed         | 85          |
|    total_timesteps      | 172032      |
| train/                  |             |
|    approx_kl            | 0.007410455 |
|    clip_fraction        | 0.0387      |
|    clip_range           | 0.2         |
|    entropy_loss         | -1.1        |
|    explained_variance   | 0.993       |
|    learning_rate        | 0.0003      |
|    loss                 | 0.0369      |
|    n_updates            | 200         |
|    policy_gradient_loss | -0.00581    |
|    value_loss           | 0.133       |
-----------------------------------------
Eval num_timesteps=180000, episode_reward=-22.35 +/- 0.23
Episode length: 351.40 +/- 20.77
------------------------------------------
| eval/                   |              |
|    mean_ep_length       | 351          |
|    mean_reward          | -22.4        |
| time/                   |              |
|    total_timesteps      | 180000       |
| train/                  |              |
|    approx_kl            | 0.0056204246 |
|    clip_fraction        | 0.0287       |
|    clip_range           | 0.2          |
|    entropy_loss         | -1.06        |
|    explained_variance   | 0.993        |
|    learning_rate        | 0.0003       |
|    loss                 | 0.0746       |
|    n_updates            | 210          |
|    policy_gradient_loss | -0.00405     |
|    value_loss           | 0.142        |
------------------------------------------
---------------------------------
| rollout/           |          |
|    ep_len_mean     | 356      |
|    ep_rew_mean     | -11.2    |
| time/              |          |
|    fps             | 1964     |
|    iterations      | 22       |
|    time_elapsed    | 91       |
|    total_timesteps | 180224   |
---------------------------------
-----------------------------------------
| rollout/                |             |
|    ep_len_mean          | 354         |
|    ep_rew_mean          | -11.2       |
| time/                   |             |
|    fps                  | 1985        |
|    iterations           | 23          |
|    time_elapsed         | 94          |
|    total_timesteps      | 188416      |
| train/                  |             |
|    approx_kl            | 0.007429179 |
|    clip_fraction        | 0.037       |
|    clip_range           | 0.2         |
|    entropy_loss         | -1.02       |
|    explained_variance   | 0.994       |
|    learning_rate        | 0.0003      |
|    loss                 | 0.0635      |
|    n_updates            | 220         |
|    policy_gradient_loss | -0.00379    |
|    value_loss           | 0.132       |
-----------------------------------------
------------------------------------------
| rollout/                |              |
|    ep_len_mean          | 352          |
|    ep_rew_mean          | -11.2        |
| time/                   |              |
|    fps                  | 2003         |
|    iterations           | 24           |
|    time_elapsed         | 98           |
|    total_timesteps      | 196608       |
| train/                  |              |
|    approx_kl            | 0.0048526074 |
|    clip_fraction        | 0.0484       |
|    clip_range           | 0.2          |
|    entropy_loss         | -0.965       |
|    explained_variance   | 0.993        |
|    learning_rate        | 0.0003       |
|    loss                 | 0.0509       |
|    n_updates            | 230          |
|    policy_gradient_loss | -0.00644     |
|    value_loss           | 0.137        |
------------------------------------------
Eval num_timesteps=200000, episode_reward=-22.30 +/- 0.24
Episode length: 362.00 +/- 20.67
-----------------------------------------
| eval/                   |             |
|    mean_ep_length       | 362         |
|    mean_reward          | -22.3       |
| time/                   |             |
|    total_timesteps      | 200000      |
| train/                  |             |
|    approx_kl            | 0.008646355 |
|    clip_fraction        | 0.0879      |
|    clip_range           | 0.2         |
|    entropy_loss         | -0.893      |
|    explained_variance   | 0.993       |
|    learning_rate        | 0.0003      |
|    loss                 | 0.0547      |
|    n_updates            | 240         |
|    policy_gradient_loss | -0.00406    |
|    value_loss           | 0.135       |
-----------------------------------------
---------------------------------
| rollout/           |          |
|    ep_len_mean     | 352      |
|    ep_rew_mean     | -11.2    |
| time/              |          |
|    fps             | 1972     |
|    iterations      | 25       |
|    time_elapsed    | 103      |
|    total_timesteps | 204800   |
---------------------------------
------------------------------------------
| rollout/                |              |
|    ep_len_mean          | 352          |
|    ep_rew_mean          | -11.1        |
| time/                   |              |
|    fps                  | 1991         |
|    iterations           | 26           |
|    time_elapsed         | 106          |
|    total_timesteps      | 212992       |
| train/                  |              |
|    approx_kl            | 0.0037630661 |
|    clip_fraction        | 0.0252       |
|    clip_range           | 0.2          |
|    entropy_loss         | -0.872       |
|    explained_variance   | 0.994        |
|    learning_rate        | 0.0003       |
|    loss                 | 0.0486       |
|    n_updates            | 250          |
|    policy_gradient_loss | -0.00139     |
|    value_loss           | 0.124        |
------------------------------------------
Eval num_timesteps=220000, episode_reward=-22.05 +/- 0.61
Episode length: 352.10 +/- 17.32
------------------------------------------
| eval/                   |              |
|    mean_ep_length       | 352          |
|    mean_reward          | -22.1        |
| time/                   |              |
|    total_timesteps      | 220000       |
| train/                  |              |
|    approx_kl            | 0.0060363207 |
|    clip_fraction        | 0.03         |
|    clip_range           | 0.2          |
|    entropy_loss         | -0.882       |
|    explained_variance   | 0.993        |
|    learning_rate        | 0.0003       |
|    loss                 | 0.0446       |
|    n_updates            | 260          |
|    policy_gradient_loss | -0.00201     |
|    value_loss           | 0.138        |
------------------------------------------
---------------------------------
| rollout/           |          |
|    ep_len_mean     | 352      |
|    ep_rew_mean     | -11.1    |
| time/              |          |
|    fps             | 1969     |
|    iterations      | 27       |
|    time_elapsed    | 112      |
|    total_timesteps | 221184   |
---------------------------------
------------------------------------------
| rollout/                |              |
|    ep_len_mean          | 352          |
|    ep_rew_mean          | -11.1        |
| time/                   |              |
|    fps                  | 1987         |
|    iterations           | 28           |
|    time_elapsed         | 115          |
|    total_timesteps      | 229376       |
| train/                  |              |
|    approx_kl            | 0.0043783654 |
|    clip_fraction        | 0.0202       |
|    clip_range           | 0.2          |
|    entropy_loss         | -0.868       |
|    explained_variance   | 0.994        |
|    learning_rate        | 0.0003       |
|    loss                 | 0.0487       |
|    n_updates            | 270          |
|    policy_gradient_loss | -0.00155     |
|    value_loss           | 0.129        |
------------------------------------------
------------------------------------------
| rollout/                |              |
|    ep_len_mean          | 351          |
|    ep_rew_mean          | -11.1        |
| time/                   |              |
|    fps                  | 2005         |
|    iterations           | 29           |
|    time_elapsed         | 118          |
|    total_timesteps      | 237568       |
| train/                  |              |
|    approx_kl            | 0.0035793833 |
|    clip_fraction        | 0.0285       |
|    clip_range           | 0.2          |
|    entropy_loss         | -0.893       |
|    explained_variance   | 0.994        |
|    learning_rate        | 0.0003       |
|    loss                 | 0.0542       |
|    n_updates            | 280          |
|    policy_gradient_loss | -0.00166     |
|    value_loss           | 0.137        |
------------------------------------------
Eval num_timesteps=240000, episode_reward=-22.35 +/- 0.23
Episode length: 353.00 +/- 14.17
------------------------------------------
| eval/                   |              |
|    mean_ep_length       | 353          |
|    mean_reward          | -22.4        |
| time/                   |              |
|    total_timesteps      | 240000       |
| train/                  |              |
|    approx_kl            | 0.0053341235 |
|    clip_fraction        | 0.031        |
|    clip_range           | 0.2          |
|    entropy_loss         | -0.866       |
|    explained_variance   | 0.993        |
|    learning_rate        | 0.0003       |
|    loss                 | 0.0633       |
|    n_updates            | 290          |
|    policy_gradient_loss | -0.00184     |
|    value_loss           | 0.134        |
------------------------------------------
---------------------------------
| rollout/           |          |
|    ep_len_mean     | 352      |
|    ep_rew_mean     | -11.1    |
| time/              |          |
|    fps             | 1980     |
|    iterations      | 30       |
|    time_elapsed    | 124      |
|    total_timesteps | 245760   |
---------------------------------
-----------------------------------------
| rollout/                |             |
|    ep_len_mean          | 354         |
|    ep_rew_mean          | -11         |
| time/                   |             |
|    fps                  | 1997        |
|    iterations           | 31          |
|    time_elapsed         | 127         |
|    total_timesteps      | 253952      |
| train/                  |             |
|    approx_kl            | 0.003404614 |
|    clip_fraction        | 0.0386      |
|    clip_range           | 0.2         |
|    entropy_loss         | -0.906      |
|    explained_variance   | 0.994       |
|    learning_rate        | 0.0003      |
|    loss                 | 0.0561      |
|    n_updates            | 300         |
|    policy_gradient_loss | -0.00228    |
|    value_loss           | 0.125       |
-----------------------------------------
Eval num_timesteps=260000, episode_reward=-22.20 +/- 0.46
Episode length: 363.00 +/- 9.98
------------------------------------------
| eval/                   |              |
|    mean_ep_length       | 363          |
|    mean_reward          | -22.2        |
| time/                   |              |
|    total_timesteps      | 260000       |
| train/                  |              |
|    approx_kl            | 0.0047718203 |
|    clip_fraction        | 0.0356       |
|    clip_range           | 0.2          |
|    entropy_loss         | -0.914       |
|    explained_variance   | 0.994        |
|    learning_rate        | 0.0003       |
|    loss                 | 0.049        |
|    n_updates            | 310          |
|    policy_gradient_loss | -0.0022      |
|    value_loss           | 0.115        |
------------------------------------------
---------------------------------
| rollout/           |          |
|    ep_len_mean     | 354      |
|    ep_rew_mean     | -11      |
| time/              |          |
|    fps             | 1973     |
|    iterations      | 32       |
|    time_elapsed    | 132      |
|    total_timesteps | 262144   |
---------------------------------
-----------------------------------------
| rollout/                |             |
|    ep_len_mean          | 354         |
|    ep_rew_mean          | -11         |
| time/                   |             |
|    fps                  | 1982        |
|    iterations           | 33          |
|    time_elapsed         | 136         |
|    total_timesteps      | 270336      |
| train/                  |             |
|    approx_kl            | 0.003467859 |
|    clip_fraction        | 0.0302      |
|    clip_range           | 0.2         |
|    entropy_loss         | -0.921      |
|    explained_variance   | 0.994       |
|    learning_rate        | 0.0003      |
|    loss                 | 0.0597      |
|    n_updates            | 320         |
|    policy_gradient_loss | -0.00297    |
|    value_loss           | 0.134       |
-----------------------------------------
------------------------------------------
| rollout/                |              |
|    ep_len_mean          | 356          |
|    ep_rew_mean          | -10.9        |
| time/                   |              |
|    fps                  | 1992         |
|    iterations           | 34           |
|    time_elapsed         | 139          |
|    total_timesteps      | 278528       |
| train/                  |              |
|    approx_kl            | 0.0048119845 |
|    clip_fraction        | 0.0315       |
|    clip_range           | 0.2          |
|    entropy_loss         | -0.917       |
|    explained_variance   | 0.993        |
|    learning_rate        | 0.0003       |
|    loss                 | 0.0734       |
|    n_updates            | 330          |
|    policy_gradient_loss | -0.00225     |
|    value_loss           | 0.133        |
------------------------------------------
Eval num_timesteps=280000, episode_reward=-22.35 +/- 0.23
Episode length: 355.90 +/- 17.03
-----------------------------------------
| eval/                   |             |
|    mean_ep_length       | 356         |
|    mean_reward          | -22.4       |
| time/                   |             |
|    total_timesteps      | 280000      |
| train/                  |             |
|    approx_kl            | 0.004611089 |
|    clip_fraction        | 0.0544      |
|    clip_range           | 0.2         |
|    entropy_loss         | -0.952      |
|    explained_variance   | 0.993       |
|    learning_rate        | 0.0003      |
|    loss                 | 0.0904      |
|    n_updates            | 340         |
|    policy_gradient_loss | -0.00313    |
|    value_loss           | 0.136       |
-----------------------------------------
---------------------------------
| rollout/           |          |
|    ep_len_mean     | 357      |
|    ep_rew_mean     | -10.8    |
| time/              |          |
|    fps             | 1974     |
|    iterations      | 35       |
|    time_elapsed    | 145      |
|    total_timesteps | 286720   |
---------------------------------
------------------------------------------
| rollout/                |              |
|    ep_len_mean          | 361          |
|    ep_rew_mean          | -10.7        |
| time/                   |              |
|    fps                  | 1990         |
|    iterations           | 36           |
|    time_elapsed         | 148          |
|    total_timesteps      | 294912       |
| train/                  |              |
|    approx_kl            | 0.0061799693 |
|    clip_fraction        | 0.0553       |
|    clip_range           | 0.2          |
|    entropy_loss         | -0.984       |
|    explained_variance   | 0.993        |
|    learning_rate        | 0.0003       |
|    loss                 | 0.0602       |
|    n_updates            | 350          |
|    policy_gradient_loss | -0.00291     |
|    value_loss           | 0.14         |
------------------------------------------
Eval num_timesteps=300000, episode_reward=-22.40 +/- 0.30
Episode length: 357.20 +/- 13.30
------------------------------------------
| eval/                   |              |
|    mean_ep_length       | 357          |
|    mean_reward          | -22.4        |
| time/                   |              |
|    total_timesteps      | 300000       |
| train/                  |              |
|    approx_kl            | 0.0068178913 |
|    clip_fraction        | 0.084        |
|    clip_range           | 0.2          |
|    entropy_loss         | -1           |
|    explained_variance   | 0.993        |
|    learning_rate        | 0.0003       |
|    loss                 | 0.0519       |
|    n_updates            | 360          |
|    policy_gradient_loss | -0.00363     |
|    value_loss           | 0.127        |
------------------------------------------
---------------------------------
| rollout/           |          |
|    ep_len_mean     | 365      |
|    ep_rew_mean     | -10.6    |
| time/              |          |
|    fps             | 1971     |
|    iterations      | 37       |
|    time_elapsed    | 153      |
|    total_timesteps | 303104   |
---------------------------------
------------------------------------------
| rollout/                |              |
|    ep_len_mean          | 370          |
|    ep_rew_mean          | -10.4        |
| time/                   |              |
|    fps                  | 1984         |
|    iterations           | 38           |
|    time_elapsed         | 156          |
|    total_timesteps      | 311296       |
| train/                  |              |
|    approx_kl            | 0.0055774967 |
|    clip_fraction        | 0.0604       |
|    clip_range           | 0.2          |
|    entropy_loss         | -1.05        |
|    explained_variance   | 0.993        |
|    learning_rate        | 0.0003       |
|    loss                 | 0.0585       |
|    n_updates            | 370          |
|    policy_gradient_loss | -0.00448     |
|    value_loss           | 0.124        |
------------------------------------------
-----------------------------------------
| rollout/                |             |
|    ep_len_mean          | 374         |
|    ep_rew_mean          | -10.5       |
| time/                   |             |
|    fps                  | 1994        |
|    iterations           | 39          |
|    time_elapsed         | 160         |
|    total_timesteps      | 319488      |
| train/                  |             |
|    approx_kl            | 0.004165026 |
|    clip_fraction        | 0.0317      |
|    clip_range           | 0.2         |
|    entropy_loss         | -1.11       |
|    explained_variance   | 0.993       |
|    learning_rate        | 0.0003      |
|    loss                 | 0.104       |
|    n_updates            | 380         |
|    policy_gradient_loss | -0.0015     |
|    value_loss           | 0.14        |
-----------------------------------------
Eval num_timesteps=320000, episode_reward=-22.45 +/- 0.15
Episode length: 416.80 +/- 24.30
------------------------------------------
| eval/                   |              |
|    mean_ep_length       | 417          |
|    mean_reward          | -22.4        |
| time/                   |              |
|    total_timesteps      | 320000       |
| train/                  |              |
|    approx_kl            | 0.0040494744 |
|    clip_fraction        | 0.0466       |
|    clip_range           | 0.2          |
|    entropy_loss         | -1.13        |
|    explained_variance   | 0.994        |
|    learning_rate        | 0.0003       |
|    loss                 | 0.0691       |
|    n_updates            | 390          |
|    policy_gradient_loss | -0.00199     |
|    value_loss           | 0.113        |
------------------------------------------
---------------------------------
| rollout/           |          |
|    ep_len_mean     | 380      |
|    ep_rew_mean     | -10.4    |
| time/              |          |
|    fps             | 1971     |
|    iterations      | 40       |
|    time_elapsed    | 166      |
|    total_timesteps | 327680   |
---------------------------------
------------------------------------------
| rollout/                |              |
|    ep_len_mean          | 384          |
|    ep_rew_mean          | -10.3        |
| time/                   |              |
|    fps                  | 1982         |
|    iterations           | 41           |
|    time_elapsed         | 169          |
|    total_timesteps      | 335872       |
| train/                  |              |
|    approx_kl            | 0.0062692696 |
|    clip_fraction        | 0.059        |
|    clip_range           | 0.2          |
|    entropy_loss         | -1.21        |
|    explained_variance   | 0.993        |
|    learning_rate        | 0.0003       |
|    loss                 | 0.0433       |
|    n_updates            | 400          |
|    policy_gradient_loss | -0.00244     |
|    value_loss           | 0.116        |
------------------------------------------
Eval num_timesteps=340000, episode_reward=-22.40 +/- 0.20
Episode length: 435.50 +/- 19.15
------------------------------------------
| eval/                   |              |
|    mean_ep_length       | 436          |
|    mean_reward          | -22.4        |
| time/                   |              |
|    total_timesteps      | 340000       |
| train/                  |              |
|    approx_kl            | 0.0045460756 |
|    clip_fraction        | 0.0309       |
|    clip_range           | 0.2          |
|    entropy_loss         | -1.26        |
|    explained_variance   | 0.993        |
|    learning_rate        | 0.0003       |
|    loss                 | 0.0472       |
|    n_updates            | 410          |
|    policy_gradient_loss | -0.00186     |
|    value_loss           | 0.129        |
------------------------------------------
---------------------------------
| rollout/           |          |
|    ep_len_mean     | 385      |
|    ep_rew_mean     | -10.5    |
| time/              |          |
|    fps             | 1962     |
|    iterations      | 42       |
|    time_elapsed    | 175      |
|    total_timesteps | 344064   |
---------------------------------
-----------------------------------------
| rollout/                |             |
|    ep_len_mean          | 390         |
|    ep_rew_mean          | -10.6       |
| time/                   |             |
|    fps                  | 1974        |
|    iterations           | 43          |
|    time_elapsed         | 178         |
|    total_timesteps      | 352256      |
| train/                  |             |
|    approx_kl            | 0.004933071 |
|    clip_fraction        | 0.0445      |
|    clip_range           | 0.2         |
|    entropy_loss         | -1.3        |
|    explained_variance   | 0.993       |
|    learning_rate        | 0.0003      |
|    loss                 | 0.0598      |
|    n_updates            | 420         |
|    policy_gradient_loss | -0.00315    |
|    value_loss           | 0.119       |
-----------------------------------------
Eval num_timesteps=360000, episode_reward=-22.25 +/- 0.25
Episode length: 436.40 +/- 25.23
-----------------------------------------
| eval/                   |             |
|    mean_ep_length       | 436         |
|    mean_reward          | -22.2       |
| time/                   |             |
|    total_timesteps      | 360000      |
| train/                  |             |
|    approx_kl            | 0.009699712 |
|    clip_fraction        | 0.0632      |
|    clip_range           | 0.2         |
|    entropy_loss         | -1.3        |
|    explained_variance   | 0.994       |
|    learning_rate        | 0.0003      |
|    loss                 | 0.0439      |
|    n_updates            | 430         |
|    policy_gradient_loss | -0.00268    |
|    value_loss           | 0.11        |
-----------------------------------------
---------------------------------
| rollout/           |          |
|    ep_len_mean     | 392      |
|    ep_rew_mean     | -10.7    |
| time/              |          |
|    fps             | 1954     |
|    iterations      | 44       |
|    time_elapsed    | 184      |
|    total_timesteps | 360448   |
---------------------------------
-----------------------------------------
| rollout/                |             |
|    ep_len_mean          | 396         |
|    ep_rew_mean          | -10.8       |
| time/                   |             |
|    fps                  | 1963        |
|    iterations           | 45          |
|    time_elapsed         | 187         |
|    total_timesteps      | 368640      |
| train/                  |             |
|    approx_kl            | 0.006371057 |
|    clip_fraction        | 0.0694      |
|    clip_range           | 0.2         |
|    entropy_loss         | -1.29       |
|    explained_variance   | 0.995       |
|    learning_rate        | 0.0003      |
|    loss                 | 0.0471      |
|    n_updates            | 440         |
|    policy_gradient_loss | -0.00437    |
|    value_loss           | 0.104       |
-----------------------------------------
-----------------------------------------
| rollout/                |             |
|    ep_len_mean          | 401         |
|    ep_rew_mean          | -10.7       |
| time/                   |             |
|    fps                  | 1973        |
|    iterations           | 46          |
|    time_elapsed         | 190         |
|    total_timesteps      | 376832      |
| train/                  |             |
|    approx_kl            | 0.008832211 |
|    clip_fraction        | 0.0667      |
|    clip_range           | 0.2         |
|    entropy_loss         | -1.31       |
|    explained_variance   | 0.991       |
|    learning_rate        | 0.0003      |
|    loss                 | 0.0716      |
|    n_updates            | 450         |
|    policy_gradient_loss | -0.00428    |
|    value_loss           | 0.144       |
-----------------------------------------
Eval num_timesteps=380000, episode_reward=-22.45 +/- 0.15
Episode length: 449.40 +/- 42.88
------------------------------------------
| eval/                   |              |
|    mean_ep_length       | 449          |
|    mean_reward          | -22.4        |
| time/                   |              |
|    total_timesteps      | 380000       |
| train/                  |              |
|    approx_kl            | 0.0047440035 |
|    clip_fraction        | 0.0331       |
|    clip_range           | 0.2          |
|    entropy_loss         | -1.33        |
|    explained_variance   | 0.994        |
|    learning_rate        | 0.0003       |
|    loss                 | 0.0578       |
|    n_updates            | 460          |
|    policy_gradient_loss | -0.00261     |
|    value_loss           | 0.127        |
------------------------------------------
---------------------------------
| rollout/           |          |
|    ep_len_mean     | 410      |
|    ep_rew_mean     | -10.2    |
| time/              |          |
|    fps             | 1954     |
|    iterations      | 47       |
|    time_elapsed    | 196      |
|    total_timesteps | 385024   |
---------------------------------
------------------------------------------
| rollout/                |              |
|    ep_len_mean          | 416          |
|    ep_rew_mean          | -9.74        |
| time/                   |              |
|    fps                  | 1964         |
|    iterations           | 48           |
|    time_elapsed         | 200          |
|    total_timesteps      | 393216       |
| train/                  |              |
|    approx_kl            | 0.0043670824 |
|    clip_fraction        | 0.0329       |
|    clip_range           | 0.2          |
|    entropy_loss         | -1.36        |
|    explained_variance   | 0.996        |
|    learning_rate        | 0.0003       |
|    loss                 | 0.0277       |
|    n_updates            | 470          |
|    policy_gradient_loss | -0.00273     |
|    value_loss           | 0.0841       |
------------------------------------------
Eval num_timesteps=400000, episode_reward=-22.25 +/- 0.34
Episode length: 419.40 +/- 23.55
------------------------------------------
| eval/                   |              |
|    mean_ep_length       | 419          |
|    mean_reward          | -22.2        |
| time/                   |              |
|    total_timesteps      | 400000       |
| train/                  |              |
|    approx_kl            | 0.0066081244 |
|    clip_fraction        | 0.051        |
|    clip_range           | 0.2          |
|    entropy_loss         | -1.37        |
|    explained_variance   | 0.995        |
|    learning_rate        | 0.0003       |
|    loss                 | 0.0552       |
|    n_updates            | 480          |
|    policy_gradient_loss | -0.00354     |
|    value_loss           | 0.0904       |
------------------------------------------
---------------------------------
| rollout/           |          |
|    ep_len_mean     | 427      |
|    ep_rew_mean     | -9.11    |
| time/              |          |
|    fps             | 1945     |
|    iterations      | 49       |
|    time_elapsed    | 206      |
|    total_timesteps | 401408   |
---------------------------------
-----------------------------------------
| rollout/                |             |
|    ep_len_mean          | 435         |
|    ep_rew_mean          | -8.52       |
| time/                   |             |
|    fps                  | 1953        |
|    iterations           | 50          |
|    time_elapsed         | 209         |
|    total_timesteps      | 409600      |
| train/                  |             |
|    approx_kl            | 0.006731594 |
|    clip_fraction        | 0.0651      |
|    clip_range           | 0.2         |
|    entropy_loss         | -1.37       |
|    explained_variance   | 0.996       |
|    learning_rate        | 0.0003      |
|    loss                 | 0.0318      |
|    n_updates            | 490         |
|    policy_gradient_loss | -0.00394    |
|    value_loss           | 0.0813      |
-----------------------------------------
------------------------------------------
| rollout/                |              |
|    ep_len_mean          | 434          |
|    ep_rew_mean          | -8.35        |
| time/                   |              |
|    fps                  | 1962         |
|    iterations           | 51           |
|    time_elapsed         | 212          |
|    total_timesteps      | 417792       |
| train/                  |              |
|    approx_kl            | 0.0059154024 |
|    clip_fraction        | 0.0498       |
|    clip_range           | 0.2          |
|    entropy_loss         | -1.34        |
|    explained_variance   | 0.997        |
|    learning_rate        | 0.0003       |
|    loss                 | 0.016        |
|    n_updates            | 500          |
|    policy_gradient_loss | -0.00423     |
|    value_loss           | 0.0715       |
------------------------------------------
Eval num_timesteps=420000, episode_reward=-21.90 +/- 0.44
Episode length: 438.10 +/- 17.72
-----------------------------------------
| eval/                   |             |
|    mean_ep_length       | 438         |
|    mean_reward          | -21.9       |
| time/                   |             |
|    total_timesteps      | 420000      |
| train/                  |             |
|    approx_kl            | 0.006036454 |
|    clip_fraction        | 0.0163      |
|    clip_range           | 0.2         |
|    entropy_loss         | -1.33       |
|    explained_variance   | 0.996       |
|    learning_rate        | 0.0003      |
|    loss                 | 0.0223      |
|    n_updates            | 510         |
|    policy_gradient_loss | -0.00193    |
|    value_loss           | 0.0808      |
-----------------------------------------
---------------------------------
| rollout/           |          |
|    ep_len_mean     | 435      |
|    ep_rew_mean     | -8.14    |
| time/              |          |
|    fps             | 1944     |
|    iterations      | 52       |
|    time_elapsed    | 219      |
|    total_timesteps | 425984   |
---------------------------------
-----------------------------------------
| rollout/                |             |
|    ep_len_mean          | 435         |
|    ep_rew_mean          | -8.01       |
| time/                   |             |
|    fps                  | 1952        |
|    iterations           | 53          |
|    time_elapsed         | 222         |
|    total_timesteps      | 434176      |
| train/                  |             |
|    approx_kl            | 0.006991052 |
|    clip_fraction        | 0.0586      |
|    clip_range           | 0.2         |
|    entropy_loss         | -1.35       |
|    explained_variance   | 0.997       |
|    learning_rate        | 0.0003      |
|    loss                 | 0.0156      |
|    n_updates            | 520         |
|    policy_gradient_loss | -0.0024     |
|    value_loss           | 0.0665      |
-----------------------------------------
Eval num_timesteps=440000, episode_reward=-22.30 +/- 0.24
Episode length: 417.20 +/- 16.36
------------------------------------------
| eval/                   |              |
|    mean_ep_length       | 417          |
|    mean_reward          | -22.3        |
| time/                   |              |
|    total_timesteps      | 440000       |
| train/                  |              |
|    approx_kl            | 0.0028314982 |
|    clip_fraction        | 0.0301       |
|    clip_range           | 0.2          |
|    entropy_loss         | -1.33        |
|    explained_variance   | 0.995        |
|    learning_rate        | 0.0003       |
|    loss                 | 0.0237       |
|    n_updates            | 530          |
|    policy_gradient_loss | -0.00419     |
|    value_loss           | 0.117        |
------------------------------------------
---------------------------------
| rollout/           |          |
|    ep_len_mean     | 426      |
|    ep_rew_mean     | -8.21    |
| time/              |          |
|    fps             | 1937     |
|    iterations      | 54       |
|    time_elapsed    | 228      |
|    total_timesteps | 442368   |
---------------------------------
------------------------------------------
| rollout/                |              |
|    ep_len_mean          | 423          |
|    ep_rew_mean          | -8.27        |
| time/                   |              |
|    fps                  | 1945         |
|    iterations           | 55           |
|    time_elapsed         | 231          |
|    total_timesteps      | 450560       |
| train/                  |              |
|    approx_kl            | 0.0063794563 |
|    clip_fraction        | 0.0508       |
|    clip_range           | 0.2          |
|    entropy_loss         | -1.35        |
|    explained_variance   | 0.997        |
|    learning_rate        | 0.0003       |
|    loss                 | 0.0256       |
|    n_updates            | 540          |
|    policy_gradient_loss | -0.00415     |
|    value_loss           | 0.0781       |
------------------------------------------
-----------------------------------------
| rollout/                |             |
|    ep_len_mean          | 424         |
|    ep_rew_mean          | -8.19       |
| time/                   |             |
|    fps                  | 1954        |
|    iterations           | 56          |
|    time_elapsed         | 234         |
|    total_timesteps      | 458752      |
| train/                  |             |
|    approx_kl            | 0.006839481 |
|    clip_fraction        | 0.0524      |
|    clip_range           | 0.2         |
|    entropy_loss         | -1.32       |
|    explained_variance   | 0.997       |
|    learning_rate        | 0.0003      |
|    loss                 | 0.0458      |
|    n_updates            | 550         |
|    policy_gradient_loss | -0.00436    |
|    value_loss           | 0.0746      |
-----------------------------------------
Eval num_timesteps=460000, episode_reward=-22.15 +/- 0.39
Episode length: 409.10 +/- 27.22
------------------------------------------
| eval/                   |              |
|    mean_ep_length       | 409          |
|    mean_reward          | -22.1        |
| time/                   |              |
|    total_timesteps      | 460000       |
| train/                  |              |
|    approx_kl            | 0.0071087335 |
|    clip_fraction        | 0.0363       |
|    clip_range           | 0.2          |
|    entropy_loss         | -1.35        |
|    explained_variance   | 0.997        |
|    learning_rate        | 0.0003       |
|    loss                 | 0.015        |
|    n_updates            | 560          |
|    policy_gradient_loss | -0.00251     |
|    value_loss           | 0.0794       |
------------------------------------------
---------------------------------
| rollout/           |          |
|    ep_len_mean     | 425      |
|    ep_rew_mean     | -8.12    |
| time/              |          |
|    fps             | 1938     |
|    iterations      | 57       |
|    time_elapsed    | 240      |
|    total_timesteps | 466944   |
---------------------------------
------------------------------------------
| rollout/                |              |
|    ep_len_mean          | 430          |
|    ep_rew_mean          | -7.97        |
| time/                   |              |
|    fps                  | 1944         |
|    iterations           | 58           |
|    time_elapsed         | 244          |
|    total_timesteps      | 475136       |
| train/                  |              |
|    approx_kl            | 0.0069232928 |
|    clip_fraction        | 0.0829       |
|    clip_range           | 0.2          |
|    entropy_loss         | -1.32        |
|    explained_variance   | 0.996        |
|    learning_rate        | 0.0003       |
|    loss                 | 0.0168       |
|    n_updates            | 570          |
|    policy_gradient_loss | -0.0028      |
|    value_loss           | 0.0841       |
------------------------------------------
Eval num_timesteps=480000, episode_reward=-22.30 +/- 0.33
Episode length: 420.40 +/- 29.06
-----------------------------------------
| eval/                   |             |
|    mean_ep_length       | 420         |
|    mean_reward          | -22.3       |
| time/                   |             |
|    total_timesteps      | 480000      |
| train/                  |             |
|    approx_kl            | 0.008341726 |
|    clip_fraction        | 0.078       |
|    clip_range           | 0.2         |
|    entropy_loss         | -1.37       |
|    explained_variance   | 0.997       |
|    learning_rate        | 0.0003      |
|    loss                 | 0.00849     |
|    n_updates            | 580         |
|    policy_gradient_loss | -0.00443    |
|    value_loss           | 0.0714      |
-----------------------------------------
---------------------------------
| rollout/           |          |
|    ep_len_mean     | 436      |
|    ep_rew_mean     | -7.74    |
| time/              |          |
|    fps             | 1929     |
|    iterations      | 59       |
|    time_elapsed    | 250      |
|    total_timesteps | 483328   |
---------------------------------
-----------------------------------------
| rollout/                |             |
|    ep_len_mean          | 443         |
|    ep_rew_mean          | -7.54       |
| time/                   |             |
|    fps                  | 1936        |
|    iterations           | 60          |
|    time_elapsed         | 253         |
|    total_timesteps      | 491520      |
| train/                  |             |
|    approx_kl            | 0.006695997 |
|    clip_fraction        | 0.0532      |
|    clip_range           | 0.2         |
|    entropy_loss         | -1.36       |
|    explained_variance   | 0.996       |
|    learning_rate        | 0.0003      |
|    loss                 | 0.0337      |
|    n_updates            | 590         |
|    policy_gradient_loss | -0.00172    |
|    value_loss           | 0.0811      |
-----------------------------------------
------------------------------------------
| rollout/                |              |
|    ep_len_mean          | 446          |
|    ep_rew_mean          | -7.49        |
| time/                   |              |
|    fps                  | 1941         |
|    iterations           | 61           |
|    time_elapsed         | 257          |
|    total_timesteps      | 499712       |
| train/                  |              |
|    approx_kl            | 0.0039493777 |
|    clip_fraction        | 0.0202       |
|    clip_range           | 0.2          |
|    entropy_loss         | -1.35        |
|    explained_variance   | 0.997        |
|    learning_rate        | 0.0003       |
|    loss                 | 0.0179       |
|    n_updates            | 600          |
|    policy_gradient_loss | -0.00111     |
|    value_loss           | 0.0858       |
------------------------------------------
Eval num_timesteps=500000, episode_reward=-22.35 +/- 0.23
Episode length: 410.90 +/- 21.70
------------------------------------------
| eval/                   |              |
|    mean_ep_length       | 411          |
|    mean_reward          | -22.4        |
| time/                   |              |
|    total_timesteps      | 500000       |
| train/                  |              |
|    approx_kl            | 0.0061669555 |
|    clip_fraction        | 0.0511       |
|    clip_range           | 0.2          |
|    entropy_loss         | -1.36        |
|    explained_variance   | 0.997        |
|    learning_rate        | 0.0003       |
|    loss                 | 0.0127       |
|    n_updates            | 610          |
|    policy_gradient_loss | -0.00222     |
|    value_loss           | 0.0769       |
------------------------------------------
---------------------------------
| rollout/           |          |
|    ep_len_mean     | 445      |
|    ep_rew_mean     | -7.52    |
| time/              |          |
|    fps             | 1924     |
|    iterations      | 62       |
|    time_elapsed    | 263      |
|    total_timesteps | 507904   |
---------------------------------
-----------------------------------------
| rollout/                |             |
|    ep_len_mean          | 446         |
|    ep_rew_mean          | -7.44       |
| time/                   |             |
|    fps                  | 1929        |
|    iterations           | 63          |
|    time_elapsed         | 267         |
|    total_timesteps      | 516096      |
| train/                  |             |
|    approx_kl            | 0.005581761 |
|    clip_fraction        | 0.0398      |
|    clip_range           | 0.2         |
|    entropy_loss         | -1.33       |
|    explained_variance   | 0.997       |
|    learning_rate        | 0.0003      |
|    loss                 | 0.0296      |
|    n_updates            | 620         |
|    policy_gradient_loss | -0.002      |
|    value_loss           | 0.0838      |
-----------------------------------------
Eval num_timesteps=520000, episode_reward=-22.25 +/- 0.60
Episode length: 412.10 +/- 22.93
------------------------------------------
| eval/                   |              |
|    mean_ep_length       | 412          |
|    mean_reward          | -22.2        |
| time/                   |              |
|    total_timesteps      | 520000       |
| train/                  |              |
|    approx_kl            | 0.0060875905 |
|    clip_fraction        | 0.0298       |
|    clip_range           | 0.2          |
|    entropy_loss         | -1.35        |
|    explained_variance   | 0.997        |
|    learning_rate        | 0.0003       |
|    loss                 | 0.0236       |
|    n_updates            | 630          |
|    policy_gradient_loss | -0.00249     |
|    value_loss           | 0.0708       |
------------------------------------------
---------------------------------
| rollout/           |          |
|    ep_len_mean     | 447      |
|    ep_rew_mean     | -7.28    |
| time/              |          |
|    fps             | 1914     |
|    iterations      | 64       |
|    time_elapsed    | 273      |
|    total_timesteps | 524288   |
---------------------------------
-----------------------------------------
| rollout/                |             |
|    ep_len_mean          | 442         |
|    ep_rew_mean          | -7.28       |
| time/                   |             |
|    fps                  | 1917        |
|    iterations           | 65          |
|    time_elapsed         | 277         |
|    total_timesteps      | 532480      |
| train/                  |             |
|    approx_kl            | 0.006358208 |
|    clip_fraction        | 0.0365      |
|    clip_range           | 0.2         |
|    entropy_loss         | -1.33       |
|    explained_variance   | 0.997       |
|    learning_rate        | 0.0003      |
|    loss                 | 0.026       |
|    n_updates            | 640         |
|    policy_gradient_loss | -0.00214    |
|    value_loss           | 0.0763      |
-----------------------------------------
Eval num_timesteps=540000, episode_reward=-22.10 +/- 0.49
Episode length: 410.00 +/- 25.88
------------------------------------------
| eval/                   |              |
|    mean_ep_length       | 410          |
|    mean_reward          | -22.1        |
| time/                   |              |
|    total_timesteps      | 540000       |
| train/                  |              |
|    approx_kl            | 0.0055238963 |
|    clip_fraction        | 0.035        |
|    clip_range           | 0.2          |
|    entropy_loss         | -1.31        |
|    explained_variance   | 0.996        |
|    learning_rate        | 0.0003       |
|    loss                 | 0.0291       |
|    n_updates            | 650          |
|    policy_gradient_loss | -0.0025      |
|    value_loss           | 0.088        |
------------------------------------------
---------------------------------
| rollout/           |          |
|    ep_len_mean     | 442      |
|    ep_rew_mean     | -7.19    |
| time/              |          |
|    fps             | 1905     |
|    iterations      | 66       |
|    time_elapsed    | 283      |
|    total_timesteps | 540672   |
---------------------------------
------------------------------------------
| rollout/                |              |
|    ep_len_mean          | 444          |
|    ep_rew_mean          | -7.05        |
| time/                   |              |
|    fps                  | 1910         |
|    iterations           | 67           |
|    time_elapsed         | 287          |
|    total_timesteps      | 548864       |
| train/                  |              |
|    approx_kl            | 0.0040700547 |
|    clip_fraction        | 0.0488       |
|    clip_range           | 0.2          |
|    entropy_loss         | -1.33        |
|    explained_variance   | 0.997        |
|    learning_rate        | 0.0003       |
|    loss                 | 0.0173       |
|    n_updates            | 660          |
|    policy_gradient_loss | -0.00351     |
|    value_loss           | 0.0724       |
------------------------------------------
------------------------------------------
| rollout/                |              |
|    ep_len_mean          | 448          |
|    ep_rew_mean          | -6.78        |
| time/                   |              |
|    fps                  | 1913         |
|    iterations           | 68           |
|    time_elapsed         | 291          |
|    total_timesteps      | 557056       |
| train/                  |              |
|    approx_kl            | 0.0056846943 |
|    clip_fraction        | 0.0366       |
|    clip_range           | 0.2          |
|    entropy_loss         | -1.33        |
|    explained_variance   | 0.997        |
|    learning_rate        | 0.0003       |
|    loss                 | 0.0262       |
|    n_updates            | 670          |
|    policy_gradient_loss | -0.00308     |
|    value_loss           | 0.0689       |
------------------------------------------
Eval num_timesteps=560000, episode_reward=-22.00 +/- 0.50
Episode length: 414.10 +/- 27.24
-----------------------------------------
| eval/                   |             |
|    mean_ep_length       | 414         |
|    mean_reward          | -22         |
| time/                   |             |
|    total_timesteps      | 560000      |
| train/                  |             |
|    approx_kl            | 0.004858099 |
|    clip_fraction        | 0.0358      |
|    clip_range           | 0.2         |
|    entropy_loss         | -1.33       |
|    explained_variance   | 0.997       |
|    learning_rate        | 0.0003      |
|    loss                 | 0.0226      |
|    n_updates            | 680         |
|    policy_gradient_loss | -0.00369    |
|    value_loss           | 0.0689      |
-----------------------------------------
---------------------------------
| rollout/           |          |
|    ep_len_mean     | 451      |
|    ep_rew_mean     | -6.59    |
| time/              |          |
|    fps             | 1899     |
|    iterations      | 69       |
|    time_elapsed    | 297      |
|    total_timesteps | 565248   |
---------------------------------
------------------------------------------
| rollout/                |              |
|    ep_len_mean          | 460          |
|    ep_rew_mean          | -6.21        |
| time/                   |              |
|    fps                  | 1905         |
|    iterations           | 70           |
|    time_elapsed         | 300          |
|    total_timesteps      | 573440       |
| train/                  |              |
|    approx_kl            | 0.0071691503 |
|    clip_fraction        | 0.0563       |
|    clip_range           | 0.2          |
|    entropy_loss         | -1.33        |
|    explained_variance   | 0.997        |
|    learning_rate        | 0.0003       |
|    loss                 | 0.0154       |
|    n_updates            | 690          |
|    policy_gradient_loss | -0.00239     |
|    value_loss           | 0.066        |
------------------------------------------
Eval num_timesteps=580000, episode_reward=-22.15 +/- 0.50
Episode length: 399.20 +/- 19.16
-----------------------------------------
| eval/                   |             |
|    mean_ep_length       | 399         |
|    mean_reward          | -22.1       |
| time/                   |             |
|    total_timesteps      | 580000      |
| train/                  |             |
|    approx_kl            | 0.006843728 |
|    clip_fraction        | 0.0668      |
|    clip_range           | 0.2         |
|    entropy_loss         | -1.35       |
|    explained_variance   | 0.998       |
|    learning_rate        | 0.0003      |
|    loss                 | 0.0262      |
|    n_updates            | 700         |
|    policy_gradient_loss | -0.00241    |
|    value_loss           | 0.0562      |
-----------------------------------------
---------------------------------
| rollout/           |          |
|    ep_len_mean     | 468      |
|    ep_rew_mean     | -5.88    |
| time/              |          |
|    fps             | 1893     |
|    iterations      | 71       |
|    time_elapsed    | 307      |
|    total_timesteps | 581632   |
---------------------------------
------------------------------------------
| rollout/                |              |
|    ep_len_mean          | 469          |
|    ep_rew_mean          | -5.77        |
| time/                   |              |
|    fps                  | 1899         |
|    iterations           | 72           |
|    time_elapsed         | 310          |
|    total_timesteps      | 589824       |
| train/                  |              |
|    approx_kl            | 0.0067301346 |
|    clip_fraction        | 0.0433       |
|    clip_range           | 0.2          |
|    entropy_loss         | -1.34        |
|    explained_variance   | 0.998        |
|    learning_rate        | 0.0003       |
|    loss                 | 0.0228       |
|    n_updates            | 710          |
|    policy_gradient_loss | -0.00334     |
|    value_loss           | 0.0625       |
------------------------------------------
------------------------------------------
| rollout/                |              |
|    ep_len_mean          | 475          |
|    ep_rew_mean          | -5.54        |
| time/                   |              |
|    fps                  | 1905         |
|    iterations           | 73           |
|    time_elapsed         | 313          |
|    total_timesteps      | 598016       |
| train/                  |              |
|    approx_kl            | 0.0060345423 |
|    clip_fraction        | 0.0237       |
|    clip_range           | 0.2          |
|    entropy_loss         | -1.34        |
|    explained_variance   | 0.997        |
|    learning_rate        | 0.0003       |
|    loss                 | 0.0222       |
|    n_updates            | 720          |
|    policy_gradient_loss | -0.00182     |
|    value_loss           | 0.0619       |
------------------------------------------
Eval num_timesteps=600000, episode_reward=-22.00 +/- 0.39
Episode length: 385.00 +/- 17.99
------------------------------------------
| eval/                   |              |
|    mean_ep_length       | 385          |
|    mean_reward          | -22          |
| time/                   |              |
|    total_timesteps      | 600000       |
| train/                  |              |
|    approx_kl            | 0.0085042175 |
|    clip_fraction        | 0.061        |
|    clip_range           | 0.2          |
|    entropy_loss         | -1.39        |
|    explained_variance   | 0.997        |
|    learning_rate        | 0.0003       |
|    loss                 | 0.0203       |
|    n_updates            | 730          |
|    policy_gradient_loss | -0.00263     |
|    value_loss           | 0.0629       |
------------------------------------------
---------------------------------
| rollout/           |          |
|    ep_len_mean     | 474      |
|    ep_rew_mean     | -5.57    |
| time/              |          |
|    fps             | 1896     |
|    iterations      | 74       |
|    time_elapsed    | 319      |
|    total_timesteps | 606208   |
---------------------------------
-----------------------------------------
| rollout/                |             |
|    ep_len_mean          | 475         |
|    ep_rew_mean          | -5.5        |
| time/                   |             |
|    fps                  | 1902        |
|    iterations           | 75          |
|    time_elapsed         | 322         |
|    total_timesteps      | 614400      |
| train/                  |             |
|    approx_kl            | 0.005385915 |
|    clip_fraction        | 0.0503      |
|    clip_range           | 0.2         |
|    entropy_loss         | -1.34       |
|    explained_variance   | 0.998       |
|    learning_rate        | 0.0003      |
|    loss                 | 0.00643     |
|    n_updates            | 740         |
|    policy_gradient_loss | -0.00345    |
|    value_loss           | 0.0595      |
-----------------------------------------
Eval num_timesteps=620000, episode_reward=-22.40 +/- 0.20
Episode length: 433.50 +/- 25.42
-----------------------------------------
| eval/                   |             |
|    mean_ep_length       | 434         |
|    mean_reward          | -22.4       |
| time/                   |             |
|    total_timesteps      | 620000      |
| train/                  |             |
|    approx_kl            | 0.006140971 |
|    clip_fraction        | 0.0567      |
|    clip_range           | 0.2         |
|    entropy_loss         | -1.37       |
|    explained_variance   | 0.998       |
|    learning_rate        | 0.0003      |
|    loss                 | 0.029       |
|    n_updates            | 750         |
|    policy_gradient_loss | -0.00254    |
|    value_loss           | 0.0607      |
-----------------------------------------
---------------------------------
| rollout/           |          |
|    ep_len_mean     | 475      |
|    ep_rew_mean     | -5.44    |
| time/              |          |
|    fps             | 1892     |
|    iterations      | 76       |
|    time_elapsed    | 329      |
|    total_timesteps | 622592   |
---------------------------------
-----------------------------------------
| rollout/                |             |
|    ep_len_mean          | 481         |
|    ep_rew_mean          | -5.04       |
| time/                   |             |
|    fps                  | 1899        |
|    iterations           | 77          |
|    time_elapsed         | 332         |
|    total_timesteps      | 630784      |
| train/                  |             |
|    approx_kl            | 0.006693995 |
|    clip_fraction        | 0.0463      |
|    clip_range           | 0.2         |
|    entropy_loss         | -1.36       |
|    explained_variance   | 0.998       |
|    learning_rate        | 0.0003      |
|    loss                 | 0.0114      |
|    n_updates            | 760         |
|    policy_gradient_loss | -0.00173    |
|    value_loss           | 0.0583      |
-----------------------------------------
------------------------------------------
| rollout/                |              |
|    ep_len_mean          | 489          |
|    ep_rew_mean          | -4.53        |
| time/                   |              |
|    fps                  | 1905         |
|    iterations           | 78           |
|    time_elapsed         | 335          |
|    total_timesteps      | 638976       |
| train/                  |              |
|    approx_kl            | 0.0056008743 |
|    clip_fraction        | 0.0528       |
|    clip_range           | 0.2          |
|    entropy_loss         | -1.37        |
|    explained_variance   | 0.998        |
|    learning_rate        | 0.0003       |
|    loss                 | 0.0261       |
|    n_updates            | 770          |
|    policy_gradient_loss | -0.00109     |
|    value_loss           | 0.0616       |
------------------------------------------
Eval num_timesteps=640000, episode_reward=-22.40 +/- 0.30
Episode length: 411.40 +/- 26.35
------------------------------------------
| eval/                   |              |
|    mean_ep_length       | 411          |
|    mean_reward          | -22.4        |
| time/                   |              |
|    total_timesteps      | 640000       |
| train/                  |              |
|    approx_kl            | 0.0071295425 |
|    clip_fraction        | 0.0643       |
|    clip_range           | 0.2          |
|    entropy_loss         | -1.4         |
|    explained_variance   | 0.998        |
|    learning_rate        | 0.0003       |
|    loss                 | 0.0267       |
|    n_updates            | 780          |
|    policy_gradient_loss | -0.00355     |
|    value_loss           | 0.0492       |
------------------------------------------
---------------------------------
| rollout/           |          |
|    ep_len_mean     | 492      |
|    ep_rew_mean     | -4.38    |
| time/              |          |
|    fps             | 1894     |
|    iterations      | 79       |
|    time_elapsed    | 341      |
|    total_timesteps | 647168   |
---------------------------------
-----------------------------------------
| rollout/                |             |
|    ep_len_mean          | 495         |
|    ep_rew_mean          | -4.21       |
| time/                   |             |
|    fps                  | 1899        |
|    iterations           | 80          |
|    time_elapsed         | 344         |
|    total_timesteps      | 655360      |
| train/                  |             |
|    approx_kl            | 0.008703399 |
|    clip_fraction        | 0.0968      |
|    clip_range           | 0.2         |
|    entropy_loss         | -1.4        |
|    explained_variance   | 0.998       |
|    learning_rate        | 0.0003      |
|    loss                 | 0.0106      |
|    n_updates            | 790         |
|    policy_gradient_loss | -0.00509    |
|    value_loss           | 0.0566      |
-----------------------------------------
Eval num_timesteps=660000, episode_reward=-22.25 +/- 0.34
Episode length: 396.00 +/- 18.11
-----------------------------------------
| eval/                   |             |
|    mean_ep_length       | 396         |
|    mean_reward          | -22.2       |
| time/                   |             |
|    total_timesteps      | 660000      |
| train/                  |             |
|    approx_kl            | 0.009451866 |
|    clip_fraction        | 0.0817      |
|    clip_range           | 0.2         |
|    entropy_loss         | -1.38       |
|    explained_variance   | 0.997       |
|    learning_rate        | 0.0003      |
|    loss                 | 0.0311      |
|    n_updates            | 800         |
|    policy_gradient_loss | -0.00389    |
|    value_loss           | 0.0791      |
-----------------------------------------
---------------------------------
| rollout/           |          |
|    ep_len_mean     | 501      |
|    ep_rew_mean     | -3.85    |
| time/              |          |
|    fps             | 1891     |
|    iterations      | 81       |
|    time_elapsed    | 350      |
|    total_timesteps | 663552   |
---------------------------------
-----------------------------------------
| rollout/                |             |
|    ep_len_mean          | 504         |
|    ep_rew_mean          | -3.66       |
| time/                   |             |
|    fps                  | 1897        |
|    iterations           | 82          |
|    time_elapsed         | 354         |
|    total_timesteps      | 671744      |
| train/                  |             |
|    approx_kl            | 0.008802433 |
|    clip_fraction        | 0.0897      |
|    clip_range           | 0.2         |
|    entropy_loss         | -1.38       |
|    explained_variance   | 0.998       |
|    learning_rate        | 0.0003      |
|    loss                 | 0.0247      |
|    n_updates            | 810         |
|    policy_gradient_loss | -0.00475    |
|    value_loss           | 0.0577      |
-----------------------------------------
-----------------------------------------
| rollout/                |             |
|    ep_len_mean          | 512         |
|    ep_rew_mean          | -3.23       |
| time/                   |             |
|    fps                  | 1903        |
|    iterations           | 83          |
|    time_elapsed         | 357         |
|    total_timesteps      | 679936      |
| train/                  |             |
|    approx_kl            | 0.004734178 |
|    clip_fraction        | 0.0426      |
|    clip_range           | 0.2         |
|    entropy_loss         | -1.37       |
|    explained_variance   | 0.998       |
|    learning_rate        | 0.0003      |
|    loss                 | 0.0185      |
|    n_updates            | 820         |
|    policy_gradient_loss | -0.00238    |
|    value_loss           | 0.0595      |
-----------------------------------------
Eval num_timesteps=680000, episode_reward=-22.35 +/- 0.23
Episode length: 391.80 +/- 22.10
------------------------------------------
| eval/                   |              |
|    mean_ep_length       | 392          |
|    mean_reward          | -22.4        |
| time/                   |              |
|    total_timesteps      | 680000       |
| train/                  |              |
|    approx_kl            | 0.0075608566 |
|    clip_fraction        | 0.0665       |
|    clip_range           | 0.2          |
|    entropy_loss         | -1.35        |
|    explained_variance   | 0.998        |
|    learning_rate        | 0.0003       |
|    loss                 | 0.0183       |
|    n_updates            | 830          |
|    policy_gradient_loss | -0.00456     |
|    value_loss           | 0.0657       |
------------------------------------------
---------------------------------
| rollout/           |          |
|    ep_len_mean     | 523      |
|    ep_rew_mean     | -2.72    |
| time/              |          |
|    fps             | 1897     |
|    iterations      | 84       |
|    time_elapsed    | 362      |
|    total_timesteps | 688128   |
---------------------------------
-----------------------------------------
| rollout/                |             |
|    ep_len_mean          | 535         |
|    ep_rew_mean          | -2.24       |
| time/                   |             |
|    fps                  | 1902        |
|    iterations           | 85          |
|    time_elapsed         | 365         |
|    total_timesteps      | 696320      |
| train/                  |             |
|    approx_kl            | 0.012446679 |
|    clip_fraction        | 0.11        |
|    clip_range           | 0.2         |
|    entropy_loss         | -1.35       |
|    explained_variance   | 0.996       |
|    learning_rate        | 0.0003      |
|    loss                 | 0.0518      |
|    n_updates            | 840         |
|    policy_gradient_loss | -0.00488    |
|    value_loss           | 0.0935      |
-----------------------------------------
Eval num_timesteps=700000, episode_reward=-22.35 +/- 0.23
Episode length: 431.40 +/- 32.14
----------------------------------------
| eval/                   |            |
|    mean_ep_length       | 431        |
|    mean_reward          | -22.4      |
| time/                   |            |
|    total_timesteps      | 700000     |
| train/                  |            |
|    approx_kl            | 0.01556284 |
|    clip_fraction        | 0.13       |
|    clip_range           | 0.2        |
|    entropy_loss         | -1.35      |
|    explained_variance   | 0.993      |
|    learning_rate        | 0.0003     |
|    loss                 | 0.0186     |
|    n_updates            | 850        |
|    policy_gradient_loss | -0.00341   |
|    value_loss           | 0.102      |
----------------------------------------
---------------------------------
| rollout/           |          |
|    ep_len_mean     | 556      |
|    ep_rew_mean     | -1.59    |
| time/              |          |
|    fps             | 1894     |
|    iterations      | 86       |
|    time_elapsed    | 371      |
|    total_timesteps | 704512   |
---------------------------------
-----------------------------------------
| rollout/                |             |
|    ep_len_mean          | 573         |
|    ep_rew_mean          | -1.07       |
| time/                   |             |
|    fps                  | 1900        |
|    iterations           | 87          |
|    time_elapsed         | 375         |
|    total_timesteps      | 712704      |
| train/                  |             |
|    approx_kl            | 0.011100562 |
|    clip_fraction        | 0.149       |
|    clip_range           | 0.2         |
|    entropy_loss         | -1.35       |
|    explained_variance   | 0.994       |
|    learning_rate        | 0.0003      |
|    loss                 | 0.017       |
|    n_updates            | 860         |
|    policy_gradient_loss | -0.00401    |
|    value_loss           | 0.0972      |
-----------------------------------------
Eval num_timesteps=720000, episode_reward=-22.60 +/- 0.73
Episode length: 751.70 +/- 43.36
-----------------------------------------
| eval/                   |             |
|    mean_ep_length       | 752         |
|    mean_reward          | -22.6       |
| time/                   |             |
|    total_timesteps      | 720000      |
| train/                  |             |
|    approx_kl            | 0.007516993 |
|    clip_fraction        | 0.0496      |
|    clip_range           | 0.2         |
|    entropy_loss         | -1.34       |
|    explained_variance   | 0.995       |
|    learning_rate        | 0.0003      |
|    loss                 | 0.0156      |
|    n_updates            | 870         |
|    policy_gradient_loss | -0.003      |
|    value_loss           | 0.0749      |
-----------------------------------------
---------------------------------
| rollout/           |          |
|    ep_len_mean     | 601      |
|    ep_rew_mean     | -0.286   |
| time/              |          |
|    fps             | 1877     |
|    iterations      | 88       |
|    time_elapsed    | 383      |
|    total_timesteps | 720896   |
---------------------------------
------------------------------------------
| rollout/                |              |
|    ep_len_mean          | 616          |
|    ep_rew_mean          | -0.0504      |
| time/                   |              |
|    fps                  | 1881         |
|    iterations           | 89           |
|    time_elapsed         | 387          |
|    total_timesteps      | 729088       |
| train/                  |              |
|    approx_kl            | 0.0073307236 |
|    clip_fraction        | 0.0776       |
|    clip_range           | 0.2          |
|    entropy_loss         | -1.38        |
|    explained_variance   | 0.997        |
|    learning_rate        | 0.0003       |
|    loss                 | 0.0242       |
|    n_updates            | 880          |
|    policy_gradient_loss | -0.00391     |
|    value_loss           | 0.0682       |
------------------------------------------
----------------------------------------
| rollout/                |            |
|    ep_len_mean          | 636        |
|    ep_rew_mean          | 0.248      |
| time/                   |            |
|    fps                  | 1885       |
|    iterations           | 90         |
|    time_elapsed         | 390        |
|    total_timesteps      | 737280     |
| train/                  |            |
|    approx_kl            | 0.00826475 |
|    clip_fraction        | 0.104      |
|    clip_range           | 0.2        |
|    entropy_loss         | -1.36      |
|    explained_variance   | 0.995      |
|    learning_rate        | 0.0003     |
|    loss                 | 0.0264     |
|    n_updates            | 890        |
|    policy_gradient_loss | -0.00566   |
|    value_loss           | 0.0795     |
----------------------------------------
Eval num_timesteps=740000, episode_reward=-22.85 +/- 0.59
Episode length: 763.40 +/- 35.21
-----------------------------------------
| eval/                   |             |
|    mean_ep_length       | 763         |
|    mean_reward          | -22.9       |
| time/                   |             |
|    total_timesteps      | 740000      |
| train/                  |             |
|    approx_kl            | 0.006806828 |
|    clip_fraction        | 0.0861      |
|    clip_range           | 0.2         |
|    entropy_loss         | -1.34       |
|    explained_variance   | 0.996       |
|    learning_rate        | 0.0003      |
|    loss                 | 0.00721     |
|    n_updates            | 900         |
|    policy_gradient_loss | -0.00654    |
|    value_loss           | 0.0736      |
-----------------------------------------
---------------------------------
| rollout/           |          |
|    ep_len_mean     | 654      |
|    ep_rew_mean     | 0.317    |
| time/              |          |
|    fps             | 1865     |
|    iterations      | 91       |
|    time_elapsed    | 399      |
|    total_timesteps | 745472   |
---------------------------------
-----------------------------------------
| rollout/                |             |
|    ep_len_mean          | 674         |
|    ep_rew_mean          | 0.648       |
| time/                   |             |
|    fps                  | 1868        |
|    iterations           | 92          |
|    time_elapsed         | 403         |
|    total_timesteps      | 753664      |
| train/                  |             |
|    approx_kl            | 0.008926991 |
|    clip_fraction        | 0.102       |
|    clip_range           | 0.2         |
|    entropy_loss         | -1.31       |
|    explained_variance   | 0.996       |
|    learning_rate        | 0.0003      |
|    loss                 | 0.00844     |
|    n_updates            | 910         |
|    policy_gradient_loss | -0.00621    |
|    value_loss           | 0.0744      |
-----------------------------------------
Eval num_timesteps=760000, episode_reward=-22.05 +/- 0.52
Episode length: 832.10 +/- 84.56
-----------------------------------------
| eval/                   |             |
|    mean_ep_length       | 832         |
|    mean_reward          | -22.1       |
| time/                   |             |
|    total_timesteps      | 760000      |
| train/                  |             |
|    approx_kl            | 0.010003032 |
|    clip_fraction        | 0.123       |
|    clip_range           | 0.2         |
|    entropy_loss         | -1.25       |
|    explained_variance   | 0.995       |
|    learning_rate        | 0.0003      |
|    loss                 | 0.00309     |
|    n_updates            | 920         |
|    policy_gradient_loss | -0.00586    |
|    value_loss           | 0.0624      |
-----------------------------------------
---------------------------------
| rollout/           |          |
|    ep_len_mean     | 694      |
|    ep_rew_mean     | 0.497    |
| time/              |          |
|    fps             | 1848     |
|    iterations      | 93       |
|    time_elapsed    | 412      |
|    total_timesteps | 761856   |
---------------------------------
------------------------------------------
| rollout/                |              |
|    ep_len_mean          | 707          |
|    ep_rew_mean          | 0.451        |
| time/                   |              |
|    fps                  | 1853         |
|    iterations           | 94           |
|    time_elapsed         | 415          |
|    total_timesteps      | 770048       |
| train/                  |              |
|    approx_kl            | 0.0068988902 |
|    clip_fraction        | 0.0662       |
|    clip_range           | 0.2          |
|    entropy_loss         | -1.24        |
|    explained_variance   | 0.995        |
|    learning_rate        | 0.0003       |
|    loss                 | 0.0342       |
|    n_updates            | 930          |
|    policy_gradient_loss | -0.00547     |
|    value_loss           | 0.0776       |
------------------------------------------
------------------------------------------
| rollout/                |              |
|    ep_len_mean          | 716          |
|    ep_rew_mean          | 0.184        |
| time/                   |              |
|    fps                  | 1859         |
|    iterations           | 95           |
|    time_elapsed         | 418          |
|    total_timesteps      | 778240       |
| train/                  |              |
|    approx_kl            | 0.0081290305 |
|    clip_fraction        | 0.0808       |
|    clip_range           | 0.2          |
|    entropy_loss         | -1.21        |
|    explained_variance   | 0.993        |
|    learning_rate        | 0.0003       |
|    loss                 | 0.0292       |
|    n_updates            | 940          |
|    policy_gradient_loss | -0.00633     |
|    value_loss           | 0.0703       |
------------------------------------------
Eval num_timesteps=780000, episode_reward=-22.75 +/- 0.34
Episode length: 1016.10 +/- 134.96
-----------------------------------------
| eval/                   |             |
|    mean_ep_length       | 1.02e+03    |
|    mean_reward          | -22.8       |
| time/                   |             |
|    total_timesteps      | 780000      |
| train/                  |             |
|    approx_kl            | 0.007394513 |
|    clip_fraction        | 0.0813      |
|    clip_range           | 0.2         |
|    entropy_loss         | -1.17       |
|    explained_variance   | 0.995       |
|    learning_rate        | 0.0003      |
|    loss                 | 0.0141      |
|    n_updates            | 950         |
|    policy_gradient_loss | -0.0051     |
|    value_loss           | 0.074       |
-----------------------------------------
---------------------------------
| rollout/           |          |
|    ep_len_mean     | 729      |
|    ep_rew_mean     | 0.214    |
| time/              |          |
|    fps             | 1834     |
|    iterations      | 96       |
|    time_elapsed    | 428      |
|    total_timesteps | 786432   |
---------------------------------
------------------------------------------
| rollout/                |              |
|    ep_len_mean          | 752          |
|    ep_rew_mean          | 0.514        |
| time/                   |              |
|    fps                  | 1839         |
|    iterations           | 97           |
|    time_elapsed         | 431          |
|    total_timesteps      | 794624       |
| train/                  |              |
|    approx_kl            | 0.0077238414 |
|    clip_fraction        | 0.0917       |
|    clip_range           | 0.2          |
|    entropy_loss         | -1.14        |
|    explained_variance   | 0.995        |
|    learning_rate        | 0.0003       |
|    loss                 | 0.00746      |
|    n_updates            | 960          |
|    policy_gradient_loss | -0.00537     |
|    value_loss           | 0.0659       |
------------------------------------------
Eval num_timesteps=800000, episode_reward=-22.65 +/- 0.32
Episode length: 682.80 +/- 134.84
-----------------------------------------
| eval/                   |             |
|    mean_ep_length       | 683         |
|    mean_reward          | -22.6       |
| time/                   |             |
|    total_timesteps      | 800000      |
| train/                  |             |
|    approx_kl            | 0.007498912 |
|    clip_fraction        | 0.07        |
|    clip_range           | 0.2         |
|    entropy_loss         | -1.06       |
|    explained_variance   | 0.995       |
|    learning_rate        | 0.0003      |
|    loss                 | 0.0263      |
|    n_updates            | 970         |
|    policy_gradient_loss | -0.00496    |
|    value_loss           | 0.0681      |
-----------------------------------------
---------------------------------
| rollout/           |          |
|    ep_len_mean     | 775      |
|    ep_rew_mean     | 1.01     |
| time/              |          |
|    fps             | 1825     |
|    iterations      | 98       |
|    time_elapsed    | 439      |
|    total_timesteps | 802816   |
---------------------------------
    -> baseline_s43: -22.10 +/- 0.25 (7.4 min)

=== [net_big_s43] net=(128, 128) lr=0.0003 seed=43 ===
Using cpu device
---------------------------------
| rollout/           |          |
|    ep_len_mean     | 253      |
|    ep_rew_mean     | -16.6    |
| time/              |          |
|    fps             | 4123     |
|    iterations      | 1        |
|    time_elapsed    | 1        |
|    total_timesteps | 8192     |
---------------------------------
-----------------------------------------
| rollout/                |             |
|    ep_len_mean          | 267         |
|    ep_rew_mean          | -16         |
| time/                   |             |
|    fps                  | 2921        |
|    iterations           | 2           |
|    time_elapsed         | 5           |
|    total_timesteps      | 16384       |
| train/                  |             |
|    approx_kl            | 0.013160391 |
|    clip_fraction        | 0.0972      |
|    clip_range           | 0.2         |
|    entropy_loss         | -1.78       |
|    explained_variance   | 0.0588      |
|    learning_rate        | 0.0003      |
|    loss                 | 0.951       |
|    n_updates            | 10          |
|    policy_gradient_loss | -0.00397    |
|    value_loss           | 2.72        |
-----------------------------------------
Eval num_timesteps=20000, episode_reward=-22.40 +/- 0.20
Episode length: 369.00 +/- 22.58
-----------------------------------------
| eval/                   |             |
|    mean_ep_length       | 369         |
|    mean_reward          | -22.4       |
| time/                   |             |
|    total_timesteps      | 20000       |
| train/                  |             |
|    approx_kl            | 0.014218621 |
|    clip_fraction        | 0.0698      |
|    clip_range           | 0.2         |
|    entropy_loss         | -1.77       |
|    explained_variance   | 0.817       |
|    learning_rate        | 0.0003      |
|    loss                 | 0.193       |
|    n_updates            | 20          |
|    policy_gradient_loss | -0.00471    |
|    value_loss           | 0.68        |
-----------------------------------------
New best mean reward!
---------------------------------
| rollout/           |          |
|    ep_len_mean     | 276      |
|    ep_rew_mean     | -15.7    |
| time/              |          |
|    fps             | 2092     |
|    iterations      | 3        |
|    time_elapsed    | 11       |
|    total_timesteps | 24576    |
---------------------------------
----------------------------------------
| rollout/                |            |
|    ep_len_mean          | 297        |
|    ep_rew_mean          | -15.1      |
| time/                   |            |
|    fps                  | 2137       |
|    iterations           | 4          |
|    time_elapsed         | 15         |
|    total_timesteps      | 32768      |
| train/                  |            |
|    approx_kl            | 0.01008244 |
|    clip_fraction        | 0.0752     |
|    clip_range           | 0.2        |
|    entropy_loss         | -1.74      |
|    explained_variance   | 0.933      |
|    learning_rate        | 0.0003     |
|    loss                 | 0.225      |
|    n_updates            | 30         |
|    policy_gradient_loss | -0.00375   |
|    value_loss           | 0.502      |
----------------------------------------
Eval num_timesteps=40000, episode_reward=-22.40 +/- 0.20
Episode length: 346.40 +/- 22.50
------------------------------------------
| eval/                   |              |
|    mean_ep_length       | 346          |
|    mean_reward          | -22.4        |
| time/                   |              |
|    total_timesteps      | 40000        |
| train/                  |              |
|    approx_kl            | 0.0108842235 |
|    clip_fraction        | 0.105        |
|    clip_range           | 0.2          |
|    entropy_loss         | -1.72        |
|    explained_variance   | 0.955        |
|    learning_rate        | 0.0003       |
|    loss                 | 0.166        |
|    n_updates            | 40           |
|    policy_gradient_loss | -0.00475     |
|    value_loss           | 0.437        |
------------------------------------------
---------------------------------
| rollout/           |          |
|    ep_len_mean     | 319      |
|    ep_rew_mean     | -14.3    |
| time/              |          |
|    fps             | 1947     |
|    iterations      | 5        |
|    time_elapsed    | 21       |
|    total_timesteps | 40960    |
---------------------------------
----------------------------------------
| rollout/                |            |
|    ep_len_mean          | 342        |
|    ep_rew_mean          | -13.5      |
| time/                   |            |
|    fps                  | 2011       |
|    iterations           | 6          |
|    time_elapsed         | 24         |
|    total_timesteps      | 49152      |
| train/                  |            |
|    approx_kl            | 0.01103235 |
|    clip_fraction        | 0.127      |
|    clip_range           | 0.2        |
|    entropy_loss         | -1.68      |
|    explained_variance   | 0.971      |
|    learning_rate        | 0.0003     |
|    loss                 | 0.152      |
|    n_updates            | 50         |
|    policy_gradient_loss | -0.00578   |
|    value_loss           | 0.322      |
----------------------------------------
-----------------------------------------
| rollout/                |             |
|    ep_len_mean          | 362         |
|    ep_rew_mean          | -12.6       |
| time/                   |             |
|    fps                  | 2048        |
|    iterations           | 7           |
|    time_elapsed         | 27          |
|    total_timesteps      | 57344       |
| train/                  |             |
|    approx_kl            | 0.013831073 |
|    clip_fraction        | 0.139       |
|    clip_range           | 0.2         |
|    entropy_loss         | -1.62       |
|    explained_variance   | 0.977       |
|    learning_rate        | 0.0003      |
|    loss                 | 0.0824      |
|    n_updates            | 60          |
|    policy_gradient_loss | -0.00762    |
|    value_loss           | 0.3         |
-----------------------------------------
Eval num_timesteps=60000, episode_reward=-22.10 +/- 0.44
Episode length: 297.20 +/- 25.12
-----------------------------------------
| eval/                   |             |
|    mean_ep_length       | 297         |
|    mean_reward          | -22.1       |
| time/                   |             |
|    total_timesteps      | 60000       |
| train/                  |             |
|    approx_kl            | 0.010571116 |
|    clip_fraction        | 0.0824      |
|    clip_range           | 0.2         |
|    entropy_loss         | -1.56       |
|    explained_variance   | 0.983       |
|    learning_rate        | 0.0003      |
|    loss                 | 0.085       |
|    n_updates            | 70          |
|    policy_gradient_loss | -0.00495    |
|    value_loss           | 0.22        |
-----------------------------------------
New best mean reward!
---------------------------------
| rollout/           |          |
|    ep_len_mean     | 371      |
|    ep_rew_mean     | -12.1    |
| time/              |          |
|    fps             | 1959     |
|    iterations      | 8        |
|    time_elapsed    | 33       |
|    total_timesteps | 65536    |
---------------------------------
----------------------------------------
| rollout/                |            |
|    ep_len_mean          | 375        |
|    ep_rew_mean          | -11.6      |
| time/                   |            |
|    fps                  | 2004       |
|    iterations           | 9          |
|    time_elapsed         | 36         |
|    total_timesteps      | 73728      |
| train/                  |            |
|    approx_kl            | 0.01047788 |
|    clip_fraction        | 0.119      |
|    clip_range           | 0.2        |
|    entropy_loss         | -1.52      |
|    explained_variance   | 0.987      |
|    learning_rate        | 0.0003     |
|    loss                 | 0.0815     |
|    n_updates            | 80         |
|    policy_gradient_loss | -0.00575   |
|    value_loss           | 0.205      |
----------------------------------------
Eval num_timesteps=80000, episode_reward=-22.10 +/- 0.20
Episode length: 265.90 +/- 28.42
------------------------------------------
| eval/                   |              |
|    mean_ep_length       | 266          |
|    mean_reward          | -22.1        |
| time/                   |              |
|    total_timesteps      | 80000        |
| train/                  |              |
|    approx_kl            | 0.0070877424 |
|    clip_fraction        | 0.05         |
|    clip_range           | 0.2          |
|    entropy_loss         | -1.47        |
|    explained_variance   | 0.989        |
|    learning_rate        | 0.0003       |
|    loss                 | 0.087        |
|    n_updates            | 90           |
|    policy_gradient_loss | -0.00391     |
|    value_loss           | 0.191        |
------------------------------------------
---------------------------------
| rollout/           |          |
|    ep_len_mean     | 373      |
|    ep_rew_mean     | -11.3    |
| time/              |          |
|    fps             | 1936     |
|    iterations      | 10       |
|    time_elapsed    | 42       |
|    total_timesteps | 81920    |
---------------------------------
------------------------------------------
| rollout/                |              |
|    ep_len_mean          | 367          |
|    ep_rew_mean          | -11.4        |
| time/                   |              |
|    fps                  | 1956         |
|    iterations           | 11           |
|    time_elapsed         | 46           |
|    total_timesteps      | 90112        |
| train/                  |              |
|    approx_kl            | 0.0063497988 |
|    clip_fraction        | 0.0593       |
|    clip_range           | 0.2          |
|    entropy_loss         | -1.43        |
|    explained_variance   | 0.991        |
|    learning_rate        | 0.0003       |
|    loss                 | 0.0733       |
|    n_updates            | 100          |
|    policy_gradient_loss | -0.00352     |
|    value_loss           | 0.16         |
------------------------------------------
-----------------------------------------
| rollout/                |             |
|    ep_len_mean          | 364         |
|    ep_rew_mean          | -11.4       |
| time/                   |             |
|    fps                  | 1975        |
|    iterations           | 12          |
|    time_elapsed         | 49          |
|    total_timesteps      | 98304       |
| train/                  |             |
|    approx_kl            | 0.009303848 |
|    clip_fraction        | 0.0713      |
|    clip_range           | 0.2         |
|    entropy_loss         | -1.37       |
|    explained_variance   | 0.991       |
|    learning_rate        | 0.0003      |
|    loss                 | 0.0493      |
|    n_updates            | 110         |
|    policy_gradient_loss | -0.00495    |
|    value_loss           | 0.161       |
-----------------------------------------
Eval num_timesteps=100000, episode_reward=-22.35 +/- 0.39
Episode length: 343.50 +/- 20.34
-----------------------------------------
| eval/                   |             |
|    mean_ep_length       | 344         |
|    mean_reward          | -22.4       |
| time/                   |             |
|    total_timesteps      | 100000      |
| train/                  |             |
|    approx_kl            | 0.005001059 |
|    clip_fraction        | 0.031       |
|    clip_range           | 0.2         |
|    entropy_loss         | -1.38       |
|    explained_variance   | 0.993       |
|    learning_rate        | 0.0003      |
|    loss                 | 0.0529      |
|    n_updates            | 120         |
|    policy_gradient_loss | -0.0016     |
|    value_loss           | 0.142       |
-----------------------------------------
---------------------------------
| rollout/           |          |
|    ep_len_mean     | 363      |
|    ep_rew_mean     | -11.3    |
| time/              |          |
|    fps             | 1912     |
|    iterations      | 13       |
|    time_elapsed    | 55       |
|    total_timesteps | 106496   |
---------------------------------
-----------------------------------------
| rollout/                |             |
|    ep_len_mean          | 364         |
|    ep_rew_mean          | -11.1       |
| time/                   |             |
|    fps                  | 1943        |
|    iterations           | 14          |
|    time_elapsed         | 59          |
|    total_timesteps      | 114688      |
| train/                  |             |
|    approx_kl            | 0.008617778 |
|    clip_fraction        | 0.0911      |
|    clip_range           | 0.2         |
|    entropy_loss         | -1.31       |
|    explained_variance   | 0.993       |
|    learning_rate        | 0.0003      |
|    loss                 | 0.0634      |
|    n_updates            | 130         |
|    policy_gradient_loss | -0.00428    |
|    value_loss           | 0.146       |
-----------------------------------------
Eval num_timesteps=120000, episode_reward=-22.40 +/- 0.54
Episode length: 341.70 +/- 15.95
-----------------------------------------
| eval/                   |             |
|    mean_ep_length       | 342         |
|    mean_reward          | -22.4       |
| time/                   |             |
|    total_timesteps      | 120000      |
| train/                  |             |
|    approx_kl            | 0.005477744 |
|    clip_fraction        | 0.0275      |
|    clip_range           | 0.2         |
|    entropy_loss         | -1.3        |
|    explained_variance   | 0.994       |
|    learning_rate        | 0.0003      |
|    loss                 | 0.0637      |
|    n_updates            | 140         |
|    policy_gradient_loss | -0.000489   |
|    value_loss           | 0.141       |
-----------------------------------------
---------------------------------
| rollout/           |          |
|    ep_len_mean     | 366      |
|    ep_rew_mean     | -11      |
| time/              |          |
|    fps             | 1895     |
|    iterations      | 15       |
|    time_elapsed    | 64       |
|    total_timesteps | 122880   |
---------------------------------
------------------------------------------
| rollout/                |              |
|    ep_len_mean          | 369          |
|    ep_rew_mean          | -10.7        |
| time/                   |              |
|    fps                  | 1915         |
|    iterations           | 16           |
|    time_elapsed         | 68           |
|    total_timesteps      | 131072       |
| train/                  |              |
|    approx_kl            | 0.0090162605 |
|    clip_fraction        | 0.0641       |
|    clip_range           | 0.2          |
|    entropy_loss         | -1.24        |
|    explained_variance   | 0.994        |
|    learning_rate        | 0.0003       |
|    loss                 | 0.0674       |
|    n_updates            | 150          |
|    policy_gradient_loss | -0.00396     |
|    value_loss           | 0.123        |
------------------------------------------
-----------------------------------------
| rollout/                |             |
|    ep_len_mean          | 371         |
|    ep_rew_mean          | -10.4       |
| time/                   |             |
|    fps                  | 1934        |
|    iterations           | 17          |
|    time_elapsed         | 71          |
|    total_timesteps      | 139264      |
| train/                  |             |
|    approx_kl            | 0.007831275 |
|    clip_fraction        | 0.0628      |
|    clip_range           | 0.2         |
|    entropy_loss         | -1.14       |
|    explained_variance   | 0.995       |
|    learning_rate        | 0.0003      |
|    loss                 | 0.0387      |
|    n_updates            | 160         |
|    policy_gradient_loss | -0.00254    |
|    value_loss           | 0.111       |
-----------------------------------------
Eval num_timesteps=140000, episode_reward=-22.20 +/- 0.46
Episode length: 354.50 +/- 20.24
-----------------------------------------
| eval/                   |             |
|    mean_ep_length       | 354         |
|    mean_reward          | -22.2       |
| time/                   |             |
|    total_timesteps      | 140000      |
| train/                  |             |
|    approx_kl            | 0.005418034 |
|    clip_fraction        | 0.0443      |
|    clip_range           | 0.2         |
|    entropy_loss         | -1.16       |
|    explained_variance   | 0.994       |
|    learning_rate        | 0.0003      |
|    loss                 | 0.05        |
|    n_updates            | 170         |
|    policy_gradient_loss | -0.00271    |
|    value_loss           | 0.136       |
-----------------------------------------
---------------------------------
| rollout/           |          |
|    ep_len_mean     | 371      |
|    ep_rew_mean     | -10.3    |
| time/              |          |
|    fps             | 1892     |
|    iterations      | 18       |
|    time_elapsed    | 77       |
|    total_timesteps | 147456   |
---------------------------------
-----------------------------------------
| rollout/                |             |
|    ep_len_mean          | 372         |
|    ep_rew_mean          | -10.2       |
| time/                   |             |
|    fps                  | 1915        |
|    iterations           | 19          |
|    time_elapsed         | 81          |
|    total_timesteps      | 155648      |
| train/                  |             |
|    approx_kl            | 0.007647399 |
|    clip_fraction        | 0.0572      |
|    clip_range           | 0.2         |
|    entropy_loss         | -1.16       |
|    explained_variance   | 0.994       |
|    learning_rate        | 0.0003      |
|    loss                 | 0.071       |
|    n_updates            | 180         |
|    policy_gradient_loss | -0.0027     |
|    value_loss           | 0.136       |
-----------------------------------------
Eval num_timesteps=160000, episode_reward=-22.40 +/- 0.20
Episode length: 355.90 +/- 20.90
------------------------------------------
| eval/                   |              |
|    mean_ep_length       | 356          |
|    mean_reward          | -22.4        |
| time/                   |              |
|    total_timesteps      | 160000       |
| train/                  |              |
|    approx_kl            | 0.0055980557 |
|    clip_fraction        | 0.0441       |
|    clip_range           | 0.2          |
|    entropy_loss         | -1.12        |
|    explained_variance   | 0.994        |
|    learning_rate        | 0.0003       |
|    loss                 | 0.0502       |
|    n_updates            | 190          |
|    policy_gradient_loss | -0.00209     |
|    value_loss           | 0.124        |
------------------------------------------
---------------------------------
| rollout/           |          |
|    ep_len_mean     | 373      |
|    ep_rew_mean     | -10.1    |
| time/              |          |
|    fps             | 1883     |
|    iterations      | 20       |
|    time_elapsed    | 86       |
|    total_timesteps | 163840   |
---------------------------------
-----------------------------------------
| rollout/                |             |
|    ep_len_mean          | 375         |
|    ep_rew_mean          | -9.94       |
| time/                   |             |
|    fps                  | 1899        |
|    iterations           | 21          |
|    time_elapsed         | 90          |
|    total_timesteps      | 172032      |
| train/                  |             |
|    approx_kl            | 0.003668206 |
|    clip_fraction        | 0.0382      |
|    clip_range           | 0.2         |
|    entropy_loss         | -1.08       |
|    explained_variance   | 0.994       |
|    learning_rate        | 0.0003      |
|    loss                 | 0.051       |
|    n_updates            | 200         |
|    policy_gradient_loss | -0.0021     |
|    value_loss           | 0.114       |
-----------------------------------------
Eval num_timesteps=180000, episode_reward=-22.40 +/- 0.30
Episode length: 350.60 +/- 24.25
----------------------------------------
| eval/                   |            |
|    mean_ep_length       | 351        |
|    mean_reward          | -22.4      |
| time/                   |            |
|    total_timesteps      | 180000     |
| train/                  |            |
|    approx_kl            | 0.00333856 |
|    clip_fraction        | 0.0378     |
|    clip_range           | 0.2        |
|    entropy_loss         | -1.1       |
|    explained_variance   | 0.994      |
|    learning_rate        | 0.0003     |
|    loss                 | 0.0523     |
|    n_updates            | 210        |
|    policy_gradient_loss | -0.00135   |
|    value_loss           | 0.13       |
----------------------------------------
---------------------------------
| rollout/           |          |
|    ep_len_mean     | 377      |
|    ep_rew_mean     | -9.81    |
| time/              |          |
|    fps             | 1863     |
|    iterations      | 22       |
|    time_elapsed    | 96       |
|    total_timesteps | 180224   |
---------------------------------
-----------------------------------------
| rollout/                |             |
|    ep_len_mean          | 382         |
|    ep_rew_mean          | -9.57       |
| time/                   |             |
|    fps                  | 1872        |
|    iterations           | 23          |
|    time_elapsed         | 100         |
|    total_timesteps      | 188416      |
| train/                  |             |
|    approx_kl            | 0.004430457 |
|    clip_fraction        | 0.0285      |
|    clip_range           | 0.2         |
|    entropy_loss         | -1.12       |
|    explained_variance   | 0.995       |
|    learning_rate        | 0.0003      |
|    loss                 | 0.0552      |
|    n_updates            | 220         |
|    policy_gradient_loss | -0.00112    |
|    value_loss           | 0.105       |
-----------------------------------------
-----------------------------------------
| rollout/                |             |
|    ep_len_mean          | 385         |
|    ep_rew_mean          | -9.44       |
| time/                   |             |
|    fps                  | 1888        |
|    iterations           | 24          |
|    time_elapsed         | 104         |
|    total_timesteps      | 196608      |
| train/                  |             |
|    approx_kl            | 0.005408763 |
|    clip_fraction        | 0.0325      |
|    clip_range           | 0.2         |
|    entropy_loss         | -1.08       |
|    explained_variance   | 0.995       |
|    learning_rate        | 0.0003      |
|    loss                 | 0.0438      |
|    n_updates            | 230         |
|    policy_gradient_loss | -0.00261    |
|    value_loss           | 0.116       |
-----------------------------------------
Eval num_timesteps=200000, episode_reward=-22.20 +/- 0.51
Episode length: 365.20 +/- 23.71
----------------------------------------
| eval/                   |            |
|    mean_ep_length       | 365        |
|    mean_reward          | -22.2      |
| time/                   |            |
|    total_timesteps      | 200000     |
| train/                  |            |
|    approx_kl            | 0.00269243 |
|    clip_fraction        | 0.0214     |
|    clip_range           | 0.2        |
|    entropy_loss         | -1.02      |
|    explained_variance   | 0.995      |
|    learning_rate        | 0.0003     |
|    loss                 | 0.0434     |
|    n_updates            | 240        |
|    policy_gradient_loss | -0.00212   |
|    value_loss           | 0.12       |
----------------------------------------
---------------------------------
| rollout/           |          |
|    ep_len_mean     | 386      |
|    ep_rew_mean     | -9.38    |
| time/              |          |
|    fps             | 1859     |
|    iterations      | 25       |
|    time_elapsed    | 110      |
|    total_timesteps | 204800   |
---------------------------------
------------------------------------------
| rollout/                |              |
|    ep_len_mean          | 387          |
|    ep_rew_mean          | -9.39        |
| time/                   |              |
|    fps                  | 1872         |
|    iterations           | 26           |
|    time_elapsed         | 113          |
|    total_timesteps      | 212992       |
| train/                  |              |
|    approx_kl            | 0.0038691685 |
|    clip_fraction        | 0.0536       |
|    clip_range           | 0.2          |
|    entropy_loss         | -1.02        |
|    explained_variance   | 0.995        |
|    learning_rate        | 0.0003       |
|    loss                 | 0.0648       |
|    n_updates            | 250          |
|    policy_gradient_loss | -0.00209     |
|    value_loss           | 0.105        |
------------------------------------------
Eval num_timesteps=220000, episode_reward=-22.50 +/- 0.22
Episode length: 344.10 +/- 28.00
-----------------------------------------
| eval/                   |             |
|    mean_ep_length       | 344         |
|    mean_reward          | -22.5       |
| time/                   |             |
|    total_timesteps      | 220000      |
| train/                  |             |
|    approx_kl            | 0.006795258 |
|    clip_fraction        | 0.0676      |
|    clip_range           | 0.2         |
|    entropy_loss         | -1.1        |
|    explained_variance   | 0.996       |
|    learning_rate        | 0.0003      |
|    loss                 | 0.0484      |
|    n_updates            | 260         |
|    policy_gradient_loss | -0.00303    |
|    value_loss           | 0.106       |
-----------------------------------------
---------------------------------
| rollout/           |          |
|    ep_len_mean     | 388      |
|    ep_rew_mean     | -9.42    |
| time/              |          |
|    fps             | 1843     |
|    iterations      | 27       |
|    time_elapsed    | 119      |
|    total_timesteps | 221184   |
---------------------------------
-----------------------------------------
| rollout/                |             |
|    ep_len_mean          | 389         |
|    ep_rew_mean          | -9.41       |
| time/                   |             |
|    fps                  | 1854        |
|    iterations           | 28          |
|    time_elapsed         | 123         |
|    total_timesteps      | 229376      |
| train/                  |             |
|    approx_kl            | 0.004238626 |
|    clip_fraction        | 0.026       |
|    clip_range           | 0.2         |
|    entropy_loss         | -1.03       |
|    explained_variance   | 0.996       |
|    learning_rate        | 0.0003      |
|    loss                 | 0.0451      |
|    n_updates            | 270         |
|    policy_gradient_loss | -0.0019     |
|    value_loss           | 0.0961      |
-----------------------------------------
------------------------------------------
| rollout/                |              |
|    ep_len_mean          | 391          |
|    ep_rew_mean          | -9.47        |
| time/                   |              |
|    fps                  | 1866         |
|    iterations           | 29           |
|    time_elapsed         | 127          |
|    total_timesteps      | 237568       |
| train/                  |              |
|    approx_kl            | 0.0057841493 |
|    clip_fraction        | 0.0695       |
|    clip_range           | 0.2          |
|    entropy_loss         | -1.04        |
|    explained_variance   | 0.996        |
|    learning_rate        | 0.0003       |
|    loss                 | 0.0358       |
|    n_updates            | 280          |
|    policy_gradient_loss | -0.00165     |
|    value_loss           | 0.0965       |
------------------------------------------
Eval num_timesteps=240000, episode_reward=-22.35 +/- 0.23
Episode length: 347.10 +/- 26.06
------------------------------------------
| eval/                   |              |
|    mean_ep_length       | 347          |
|    mean_reward          | -22.4        |
| time/                   |              |
|    total_timesteps      | 240000       |
| train/                  |              |
|    approx_kl            | 0.0026136455 |
|    clip_fraction        | 0.0416       |
|    clip_range           | 0.2          |
|    entropy_loss         | -1.08        |
|    explained_variance   | 0.996        |
|    learning_rate        | 0.0003       |
|    loss                 | 0.0404       |
|    n_updates            | 290          |
|    policy_gradient_loss | -0.000979    |
|    value_loss           | 0.105        |
------------------------------------------
---------------------------------
| rollout/           |          |
|    ep_len_mean     | 392      |
|    ep_rew_mean     | -9.51    |
| time/              |          |
|    fps             | 1848     |
|    iterations      | 30       |
|    time_elapsed    | 132      |
|    total_timesteps | 245760   |
---------------------------------
-----------------------------------------
| rollout/                |             |
|    ep_len_mean          | 392         |
|    ep_rew_mean          | -9.49       |
| time/                   |             |
|    fps                  | 1859        |
|    iterations           | 31          |
|    time_elapsed         | 136         |
|    total_timesteps      | 253952      |
| train/                  |             |
|    approx_kl            | 0.005083047 |
|    clip_fraction        | 0.0586      |
|    clip_range           | 0.2         |
|    entropy_loss         | -1.02       |
|    explained_variance   | 0.995       |
|    learning_rate        | 0.0003      |
|    loss                 | 0.0402      |
|    n_updates            | 300         |
|    policy_gradient_loss | -0.00216    |
|    value_loss           | 0.122       |
-----------------------------------------
Eval num_timesteps=260000, episode_reward=-22.50 +/- 0.22
Episode length: 357.80 +/- 20.97
-----------------------------------------
| eval/                   |             |
|    mean_ep_length       | 358         |
|    mean_reward          | -22.5       |
| time/                   |             |
|    total_timesteps      | 260000      |
| train/                  |             |
|    approx_kl            | 0.004402232 |
|    clip_fraction        | 0.0491      |
|    clip_range           | 0.2         |
|    entropy_loss         | -1.02       |
|    explained_variance   | 0.996       |
|    learning_rate        | 0.0003      |
|    loss                 | 0.051       |
|    n_updates            | 310         |
|    policy_gradient_loss | -0.00341    |
|    value_loss           | 0.0995      |
-----------------------------------------
---------------------------------
| rollout/           |          |
|    ep_len_mean     | 392      |
|    ep_rew_mean     | -9.49    |
| time/              |          |
|    fps             | 1838     |
|    iterations      | 32       |
|    time_elapsed    | 142      |
|    total_timesteps | 262144   |
---------------------------------
------------------------------------------
| rollout/                |              |
|    ep_len_mean          | 395          |
|    ep_rew_mean          | -9.49        |
| time/                   |              |
|    fps                  | 1850         |
|    iterations           | 33           |
|    time_elapsed         | 146          |
|    total_timesteps      | 270336       |
| train/                  |              |
|    approx_kl            | 0.0048664147 |
|    clip_fraction        | 0.0422       |
|    clip_range           | 0.2          |
|    entropy_loss         | -1.01        |
|    explained_variance   | 0.995        |
|    learning_rate        | 0.0003       |
|    loss                 | 0.0237       |
|    n_updates            | 320          |
|    policy_gradient_loss | -0.00233     |
|    value_loss           | 0.101        |
------------------------------------------
------------------------------------------
| rollout/                |              |
|    ep_len_mean          | 396          |
|    ep_rew_mean          | -9.4         |
| time/                   |              |
|    fps                  | 1862         |
|    iterations           | 34           |
|    time_elapsed         | 149          |
|    total_timesteps      | 278528       |
| train/                  |              |
|    approx_kl            | 0.0055355662 |
|    clip_fraction        | 0.0316       |
|    clip_range           | 0.2          |
|    entropy_loss         | -0.919       |
|    explained_variance   | 0.995        |
|    learning_rate        | 0.0003       |
|    loss                 | 0.0413       |
|    n_updates            | 330          |
|    policy_gradient_loss | -0.00214     |
|    value_loss           | 0.112        |
------------------------------------------
Eval num_timesteps=280000, episode_reward=-22.25 +/- 0.34
Episode length: 346.80 +/- 24.19
------------------------------------------
| eval/                   |              |
|    mean_ep_length       | 347          |
|    mean_reward          | -22.2        |
| time/                   |              |
|    total_timesteps      | 280000       |
| train/                  |              |
|    approx_kl            | 0.0050320076 |
|    clip_fraction        | 0.0567       |
|    clip_range           | 0.2          |
|    entropy_loss         | -1           |
|    explained_variance   | 0.995        |
|    learning_rate        | 0.0003       |
|    loss                 | 0.039        |
|    n_updates            | 340          |
|    policy_gradient_loss | -0.00218     |
|    value_loss           | 0.105        |
------------------------------------------
---------------------------------
| rollout/           |          |
|    ep_len_mean     | 398      |
|    ep_rew_mean     | -9.33    |
| time/              |          |
|    fps             | 1845     |
|    iterations      | 35       |
|    time_elapsed    | 155      |
|    total_timesteps | 286720   |
---------------------------------
-----------------------------------------
| rollout/                |             |
|    ep_len_mean          | 398         |
|    ep_rew_mean          | -9.42       |
| time/                   |             |
|    fps                  | 1854        |
|    iterations           | 36          |
|    time_elapsed         | 159         |
|    total_timesteps      | 294912      |
| train/                  |             |
|    approx_kl            | 0.004258901 |
|    clip_fraction        | 0.0537      |
|    clip_range           | 0.2         |
|    entropy_loss         | -1.05       |
|    explained_variance   | 0.996       |
|    learning_rate        | 0.0003      |
|    loss                 | 0.061       |
|    n_updates            | 350         |
|    policy_gradient_loss | -0.00214    |
|    value_loss           | 0.0939      |
-----------------------------------------
Eval num_timesteps=300000, episode_reward=-22.30 +/- 0.33
Episode length: 343.00 +/- 26.03
------------------------------------------
| eval/                   |              |
|    mean_ep_length       | 343          |
|    mean_reward          | -22.3        |
| time/                   |              |
|    total_timesteps      | 300000       |
| train/                  |              |
|    approx_kl            | 0.0059296377 |
|    clip_fraction        | 0.0555       |
|    clip_range           | 0.2          |
|    entropy_loss         | -1.08        |
|    explained_variance   | 0.996        |
|    learning_rate        | 0.0003       |
|    loss                 | 0.0482       |
|    n_updates            | 360          |
|    policy_gradient_loss | -0.00196     |
|    value_loss           | 0.0939       |
------------------------------------------
---------------------------------
| rollout/           |          |
|    ep_len_mean     | 400      |
|    ep_rew_mean     | -9.32    |
| time/              |          |
|    fps             | 1828     |
|    iterations      | 37       |
|    time_elapsed    | 165      |
|    total_timesteps | 303104   |
---------------------------------
-----------------------------------------
| rollout/                |             |
|    ep_len_mean          | 402         |
|    ep_rew_mean          | -9.3        |
| time/                   |             |
|    fps                  | 1835        |
|    iterations           | 38          |
|    time_elapsed         | 169         |
|    total_timesteps      | 311296      |
| train/                  |             |
|    approx_kl            | 0.006722434 |
|    clip_fraction        | 0.0989      |
|    clip_range           | 0.2         |
|    entropy_loss         | -1.13       |
|    explained_variance   | 0.995       |
|    learning_rate        | 0.0003      |
|    loss                 | 0.0289      |
|    n_updates            | 370         |
|    policy_gradient_loss | -0.00287    |
|    value_loss           | 0.109       |
-----------------------------------------
------------------------------------------
| rollout/                |              |
|    ep_len_mean          | 409          |
|    ep_rew_mean          | -9.15        |
| time/                   |              |
|    fps                  | 1841         |
|    iterations           | 39           |
|    time_elapsed         | 173          |
|    total_timesteps      | 319488       |
| train/                  |              |
|    approx_kl            | 0.0080509605 |
|    clip_fraction        | 0.0644       |
|    clip_range           | 0.2          |
|    entropy_loss         | -1.14        |
|    explained_variance   | 0.995        |
|    learning_rate        | 0.0003       |
|    loss                 | 0.0661       |
|    n_updates            | 380          |
|    policy_gradient_loss | -0.00277     |
|    value_loss           | 0.0952       |
------------------------------------------
Eval num_timesteps=320000, episode_reward=-22.50 +/- 0.32
Episode length: 362.30 +/- 22.33
-----------------------------------------
| eval/                   |             |
|    mean_ep_length       | 362         |
|    mean_reward          | -22.5       |
| time/                   |             |
|    total_timesteps      | 320000      |
| train/                  |             |
|    approx_kl            | 0.010748065 |
|    clip_fraction        | 0.0907      |
|    clip_range           | 0.2         |
|    entropy_loss         | -1.14       |
|    explained_variance   | 0.989       |
|    learning_rate        | 0.0003      |
|    loss                 | 0.065       |
|    n_updates            | 390         |
|    policy_gradient_loss | -0.00453    |
|    value_loss           | 0.173       |
-----------------------------------------
---------------------------------
| rollout/           |          |
|    ep_len_mean     | 418      |
|    ep_rew_mean     | -8.81    |
| time/              |          |
|    fps             | 1815     |
|    iterations      | 40       |
|    time_elapsed    | 180      |
|    total_timesteps | 327680   |
---------------------------------
-----------------------------------------
| rollout/                |             |
|    ep_len_mean          | 424         |
|    ep_rew_mean          | -8.53       |
| time/                   |             |
|    fps                  | 1820        |
|    iterations           | 41          |
|    time_elapsed         | 184         |
|    total_timesteps      | 335872      |
| train/                  |             |
|    approx_kl            | 0.009141122 |
|    clip_fraction        | 0.122       |
|    clip_range           | 0.2         |
|    entropy_loss         | -1.15       |
|    explained_variance   | 0.993       |
|    learning_rate        | 0.0003      |
|    loss                 | 0.0558      |
|    n_updates            | 400         |
|    policy_gradient_loss | -0.00528    |
|    value_loss           | 0.126       |
-----------------------------------------
Eval num_timesteps=340000, episode_reward=-22.40 +/- 0.20
Episode length: 330.30 +/- 20.58
------------------------------------------
| eval/                   |              |
|    mean_ep_length       | 330          |
|    mean_reward          | -22.4        |
| time/                   |              |
|    total_timesteps      | 340000       |
| train/                  |              |
|    approx_kl            | 0.0076151877 |
|    clip_fraction        | 0.0868       |
|    clip_range           | 0.2          |
|    entropy_loss         | -1.19        |
|    explained_variance   | 0.995        |
|    learning_rate        | 0.0003       |
|    loss                 | 0.0438       |
|    n_updates            | 410          |
|    policy_gradient_loss | -0.00477     |
|    value_loss           | 0.118        |
------------------------------------------
---------------------------------
| rollout/           |          |
|    ep_len_mean     | 433      |
|    ep_rew_mean     | -8.25    |
| time/              |          |
|    fps             | 1807     |
|    iterations      | 42       |
|    time_elapsed    | 190      |
|    total_timesteps | 344064   |
---------------------------------
------------------------------------------
| rollout/                |              |
|    ep_len_mean          | 438          |
|    ep_rew_mean          | -8.2         |
| time/                   |              |
|    fps                  | 1814         |
|    iterations           | 43           |
|    time_elapsed         | 194          |
|    total_timesteps      | 352256       |
| train/                  |              |
|    approx_kl            | 0.0072031505 |
|    clip_fraction        | 0.0523       |
|    clip_range           | 0.2          |
|    entropy_loss         | -1.17        |
|    explained_variance   | 0.991        |
|    learning_rate        | 0.0003       |
|    loss                 | 0.0648       |
|    n_updates            | 420          |
|    policy_gradient_loss | -0.00277     |
|    value_loss           | 0.14         |
------------------------------------------
Eval num_timesteps=360000, episode_reward=-22.30 +/- 0.33
Episode length: 331.00 +/- 24.23
------------------------------------------
| eval/                   |              |
|    mean_ep_length       | 331          |
|    mean_reward          | -22.3        |
| time/                   |              |
|    total_timesteps      | 360000       |
| train/                  |              |
|    approx_kl            | 0.0070987963 |
|    clip_fraction        | 0.0611       |
|    clip_range           | 0.2          |
|    entropy_loss         | -1.14        |
|    explained_variance   | 0.994        |
|    learning_rate        | 0.0003       |
|    loss                 | 0.0548       |
|    n_updates            | 430          |
|    policy_gradient_loss | -0.00334     |
|    value_loss           | 0.12         |
------------------------------------------
---------------------------------
| rollout/           |          |
|    ep_len_mean     | 439      |
|    ep_rew_mean     | -8.22    |
| time/              |          |
|    fps             | 1797     |
|    iterations      | 44       |
|    time_elapsed    | 200      |
|    total_timesteps | 360448   |
---------------------------------
-----------------------------------------
| rollout/                |             |
|    ep_len_mean          | 443         |
|    ep_rew_mean          | -8.27       |
| time/                   |             |
|    fps                  | 1801        |
|    iterations           | 45          |
|    time_elapsed         | 204         |
|    total_timesteps      | 368640      |
| train/                  |             |
|    approx_kl            | 0.005732663 |
|    clip_fraction        | 0.0492      |
|    clip_range           | 0.2         |
|    entropy_loss         | -1.1        |
|    explained_variance   | 0.992       |
|    learning_rate        | 0.0003      |
|    loss                 | 0.0461      |
|    n_updates            | 440         |
|    policy_gradient_loss | -0.00503    |
|    value_loss           | 0.132       |
-----------------------------------------
------------------------------------------
| rollout/                |              |
|    ep_len_mean          | 440          |
|    ep_rew_mean          | -8.59        |
| time/                   |              |
|    fps                  | 1808         |
|    iterations           | 46           |
|    time_elapsed         | 208          |
|    total_timesteps      | 376832       |
| train/                  |              |
|    approx_kl            | 0.0060394616 |
|    clip_fraction        | 0.0554       |
|    clip_range           | 0.2          |
|    entropy_loss         | -1.07        |
|    explained_variance   | 0.987        |
|    learning_rate        | 0.0003       |
|    loss                 | 0.131        |
|    n_updates            | 450          |
|    policy_gradient_loss | -0.00287     |
|    value_loss           | 0.167        |
------------------------------------------
Eval num_timesteps=380000, episode_reward=-22.35 +/- 0.23
Episode length: 314.40 +/- 18.58
-----------------------------------------
| eval/                   |             |
|    mean_ep_length       | 314         |
|    mean_reward          | -22.4       |
| time/                   |             |
|    total_timesteps      | 380000      |
| train/                  |             |
|    approx_kl            | 0.010326491 |
|    clip_fraction        | 0.134       |
|    clip_range           | 0.2         |
|    entropy_loss         | -1.01       |
|    explained_variance   | 0.99        |
|    learning_rate        | 0.0003      |
|    loss                 | 0.0948      |
|    n_updates            | 460         |
|    policy_gradient_loss | -0.00644    |
|    value_loss           | 0.174       |
-----------------------------------------
---------------------------------
| rollout/           |          |
|    ep_len_mean     | 451      |
|    ep_rew_mean     | -8.22    |
| time/              |          |
|    fps             | 1796     |
|    iterations      | 47       |
|    time_elapsed    | 214      |
|    total_timesteps | 385024   |
---------------------------------
------------------------------------------
| rollout/                |              |
|    ep_len_mean          | 452          |
|    ep_rew_mean          | -8           |
| time/                   |              |
|    fps                  | 1803         |
|    iterations           | 48           |
|    time_elapsed         | 218          |
|    total_timesteps      | 393216       |
| train/                  |              |
|    approx_kl            | 0.0070772064 |
|    clip_fraction        | 0.0687       |
|    clip_range           | 0.2          |
|    entropy_loss         | -1.02        |
|    explained_variance   | 0.984        |
|    learning_rate        | 0.0003       |
|    loss                 | 0.0825       |
|    n_updates            | 470          |
|    policy_gradient_loss | -0.00407     |
|    value_loss           | 0.221        |
------------------------------------------
Eval num_timesteps=400000, episode_reward=-22.35 +/- 0.32
Episode length: 316.50 +/- 27.70
------------------------------------------
| eval/                   |              |
|    mean_ep_length       | 316          |
|    mean_reward          | -22.4        |
| time/                   |              |
|    total_timesteps      | 400000       |
| train/                  |              |
|    approx_kl            | 0.0056170253 |
|    clip_fraction        | 0.0557       |
|    clip_range           | 0.2          |
|    entropy_loss         | -1.02        |
|    explained_variance   | 0.99         |
|    learning_rate        | 0.0003       |
|    loss                 | 0.0657       |
|    n_updates            | 480          |
|    policy_gradient_loss | -0.00373     |
|    value_loss           | 0.166        |
------------------------------------------
---------------------------------
| rollout/           |          |
|    ep_len_mean     | 453      |
|    ep_rew_mean     | -7.71    |
| time/              |          |
|    fps             | 1794     |
|    iterations      | 49       |
|    time_elapsed    | 223      |
|    total_timesteps | 401408   |
---------------------------------
------------------------------------------
| rollout/                |              |
|    ep_len_mean          | 452          |
|    ep_rew_mean          | -7.32        |
| time/                   |              |
|    fps                  | 1804         |
|    iterations           | 50           |
|    time_elapsed         | 227          |
|    total_timesteps      | 409600       |
| train/                  |              |
|    approx_kl            | 0.0064914515 |
|    clip_fraction        | 0.0676       |
|    clip_range           | 0.2          |
|    entropy_loss         | -0.971       |
|    explained_variance   | 0.995        |
|    learning_rate        | 0.0003       |
|    loss                 | 0.0495       |
|    n_updates            | 490          |
|    policy_gradient_loss | -0.00342     |
|    value_loss           | 0.0966       |
------------------------------------------
------------------------------------------
| rollout/                |              |
|    ep_len_mean          | 452          |
|    ep_rew_mean          | -7.1         |
| time/                   |              |
|    fps                  | 1810         |
|    iterations           | 51           |
|    time_elapsed         | 230          |
|    total_timesteps      | 417792       |
| train/                  |              |
|    approx_kl            | 0.0050836736 |
|    clip_fraction        | 0.0517       |
|    clip_range           | 0.2          |
|    entropy_loss         | -0.967       |
|    explained_variance   | 0.997        |
|    learning_rate        | 0.0003       |
|    loss                 | 0.0287       |
|    n_updates            | 500          |
|    policy_gradient_loss | -0.00181     |
|    value_loss           | 0.0671       |
------------------------------------------
Eval num_timesteps=420000, episode_reward=-22.45 +/- 0.15
Episode length: 323.50 +/- 19.92
------------------------------------------
| eval/                   |              |
|    mean_ep_length       | 324          |
|    mean_reward          | -22.4        |
| time/                   |              |
|    total_timesteps      | 420000       |
| train/                  |              |
|    approx_kl            | 0.0072514843 |
|    clip_fraction        | 0.0595       |
|    clip_range           | 0.2          |
|    entropy_loss         | -0.963       |
|    explained_variance   | 0.997        |
|    learning_rate        | 0.0003       |
|    loss                 | 0.021        |
|    n_updates            | 510          |
|    policy_gradient_loss | -0.00139     |
|    value_loss           | 0.0606       |
------------------------------------------
---------------------------------
| rollout/           |          |
|    ep_len_mean     | 447      |
|    ep_rew_mean     | -7.09    |
| time/              |          |
|    fps             | 1798     |
|    iterations      | 52       |
|    time_elapsed    | 236      |
|    total_timesteps | 425984   |
---------------------------------
-----------------------------------------
| rollout/                |             |
|    ep_len_mean          | 444         |
|    ep_rew_mean          | -7.03       |
| time/                   |             |
|    fps                  | 1803        |
|    iterations           | 53          |
|    time_elapsed         | 240         |
|    total_timesteps      | 434176      |
| train/                  |             |
|    approx_kl            | 0.004449406 |
|    clip_fraction        | 0.0545      |
|    clip_range           | 0.2         |
|    entropy_loss         | -0.985      |
|    explained_variance   | 0.997       |
|    learning_rate        | 0.0003      |
|    loss                 | 0.032       |
|    n_updates            | 520         |
|    policy_gradient_loss | -0.00141    |
|    value_loss           | 0.0746      |
-----------------------------------------
Eval num_timesteps=440000, episode_reward=-22.40 +/- 0.20
Episode length: 297.70 +/- 18.95
-----------------------------------------
| eval/                   |             |
|    mean_ep_length       | 298         |
|    mean_reward          | -22.4       |
| time/                   |             |
|    total_timesteps      | 440000      |
| train/                  |             |
|    approx_kl            | 0.005021494 |
|    clip_fraction        | 0.0672      |
|    clip_range           | 0.2         |
|    entropy_loss         | -1.01       |
|    explained_variance   | 0.996       |
|    learning_rate        | 0.0003      |
|    loss                 | 0.0419      |
|    n_updates            | 530         |
|    policy_gradient_loss | -0.00276    |
|    value_loss           | 0.0793      |
-----------------------------------------
---------------------------------
| rollout/           |          |
|    ep_len_mean     | 446      |
|    ep_rew_mean     | -6.98    |
| time/              |          |
|    fps             | 1793     |
|    iterations      | 54       |
|    time_elapsed    | 246      |
|    total_timesteps | 442368   |
---------------------------------
------------------------------------------
| rollout/                |              |
|    ep_len_mean          | 448          |
|    ep_rew_mean          | -6.94        |
| time/                   |              |
|    fps                  | 1800         |
|    iterations           | 55           |
|    time_elapsed         | 250          |
|    total_timesteps      | 450560       |
| train/                  |              |
|    approx_kl            | 0.0057611205 |
|    clip_fraction        | 0.07         |
|    clip_range           | 0.2          |
|    entropy_loss         | -1.03        |
|    explained_variance   | 0.994        |
|    learning_rate        | 0.0003       |
|    loss                 | 0.0168       |
|    n_updates            | 540          |
|    policy_gradient_loss | -0.00359     |
|    value_loss           | 0.0941       |
------------------------------------------
-----------------------------------------
| rollout/                |             |
|    ep_len_mean          | 456         |
|    ep_rew_mean          | -6.69       |
| time/                   |             |
|    fps                  | 1807        |
|    iterations           | 56          |
|    time_elapsed         | 253         |
|    total_timesteps      | 458752      |
| train/                  |             |
|    approx_kl            | 0.006304561 |
|    clip_fraction        | 0.0692      |
|    clip_range           | 0.2         |
|    entropy_loss         | -1.02       |
|    explained_variance   | 0.997       |
|    learning_rate        | 0.0003      |
|    loss                 | 0.0115      |
|    n_updates            | 550         |
|    policy_gradient_loss | -0.00283    |
|    value_loss           | 0.0657      |
-----------------------------------------
Eval num_timesteps=460000, episode_reward=-22.25 +/- 0.25
Episode length: 313.20 +/- 25.73
-----------------------------------------
| eval/                   |             |
|    mean_ep_length       | 313         |
|    mean_reward          | -22.2       |
| time/                   |             |
|    total_timesteps      | 460000      |
| train/                  |             |
|    approx_kl            | 0.006149618 |
|    clip_fraction        | 0.0745      |
|    clip_range           | 0.2         |
|    entropy_loss         | -1.05       |
|    explained_variance   | 0.996       |
|    learning_rate        | 0.0003      |
|    loss                 | 0.0301      |
|    n_updates            | 560         |
|    policy_gradient_loss | -0.00491    |
|    value_loss           | 0.0728      |
-----------------------------------------
---------------------------------
| rollout/           |          |
|    ep_len_mean     | 461      |
|    ep_rew_mean     | -6.46    |
| time/              |          |
|    fps             | 1798     |
|    iterations      | 57       |
|    time_elapsed    | 259      |
|    total_timesteps | 466944   |
---------------------------------
------------------------------------------
| rollout/                |              |
|    ep_len_mean          | 463          |
|    ep_rew_mean          | -6.31        |
| time/                   |              |
|    fps                  | 1805         |
|    iterations           | 58           |
|    time_elapsed         | 263          |
|    total_timesteps      | 475136       |
| train/                  |              |
|    approx_kl            | 0.0049070753 |
|    clip_fraction        | 0.0563       |
|    clip_range           | 0.2          |
|    entropy_loss         | -0.997       |
|    explained_variance   | 0.996        |
|    learning_rate        | 0.0003       |
|    loss                 | 0.0186       |
|    n_updates            | 570          |
|    policy_gradient_loss | -0.00265     |
|    value_loss           | 0.0809       |
------------------------------------------
Eval num_timesteps=480000, episode_reward=-22.65 +/- 0.32
Episode length: 403.80 +/- 56.16
------------------------------------------
| eval/                   |              |
|    mean_ep_length       | 404          |
|    mean_reward          | -22.6        |
| time/                   |              |
|    total_timesteps      | 480000       |
| train/                  |              |
|    approx_kl            | 0.0030209646 |
|    clip_fraction        | 0.0245       |
|    clip_range           | 0.2          |
|    entropy_loss         | -0.991       |
|    explained_variance   | 0.992        |
|    learning_rate        | 0.0003       |
|    loss                 | 0.0519       |
|    n_updates            | 580          |
|    policy_gradient_loss | -0.00245     |
|    value_loss           | 0.129        |
------------------------------------------
---------------------------------
| rollout/           |          |
|    ep_len_mean     | 458      |
|    ep_rew_mean     | -6.41    |
| time/              |          |
|    fps             | 1793     |
|    iterations      | 59       |
|    time_elapsed    | 269      |
|    total_timesteps | 483328   |
---------------------------------
------------------------------------------
| rollout/                |              |
|    ep_len_mean          | 464          |
|    ep_rew_mean          | -6.01        |
| time/                   |              |
|    fps                  | 1797         |
|    iterations           | 60           |
|    time_elapsed         | 273          |
|    total_timesteps      | 491520       |
| train/                  |              |
|    approx_kl            | 0.0037214174 |
|    clip_fraction        | 0.0495       |
|    clip_range           | 0.2          |
|    entropy_loss         | -1.04        |
|    explained_variance   | 0.997        |
|    learning_rate        | 0.0003       |
|    loss                 | 0.00504      |
|    n_updates            | 590          |
|    policy_gradient_loss | -0.00181     |
|    value_loss           | 0.0619       |
------------------------------------------
-----------------------------------------
| rollout/                |             |
|    ep_len_mean          | 473         |
|    ep_rew_mean          | -5.55       |
| time/                   |             |
|    fps                  | 1803        |
|    iterations           | 61          |
|    time_elapsed         | 277         |
|    total_timesteps      | 499712      |
| train/                  |             |
|    approx_kl            | 0.007006269 |
|    clip_fraction        | 0.0435      |
|    clip_range           | 0.2         |
|    entropy_loss         | -1.03       |
|    explained_variance   | 0.997       |
|    learning_rate        | 0.0003      |
|    loss                 | 0.0149      |
|    n_updates            | 600         |
|    policy_gradient_loss | -0.00258    |
|    value_loss           | 0.0613      |
-----------------------------------------
Eval num_timesteps=500000, episode_reward=-22.55 +/- 0.27
Episode length: 344.80 +/- 23.76
------------------------------------------
| eval/                   |              |
|    mean_ep_length       | 345          |
|    mean_reward          | -22.6        |
| time/                   |              |
|    total_timesteps      | 500000       |
| train/                  |              |
|    approx_kl            | 0.0069425325 |
|    clip_fraction        | 0.068        |
|    clip_range           | 0.2          |
|    entropy_loss         | -1.01        |
|    explained_variance   | 0.997        |
|    learning_rate        | 0.0003       |
|    loss                 | 0.0318       |
|    n_updates            | 610          |
|    policy_gradient_loss | -0.00226     |
|    value_loss           | 0.0651       |
------------------------------------------
---------------------------------
| rollout/           |          |
|    ep_len_mean     | 478      |
|    ep_rew_mean     | -5.14    |
| time/              |          |
|    fps             | 1795     |
|    iterations      | 62       |
|    time_elapsed    | 282      |
|    total_timesteps | 507904   |
---------------------------------
------------------------------------------
| rollout/                |              |
|    ep_len_mean          | 492          |
|    ep_rew_mean          | -4.34        |
| time/                   |              |
|    fps                  | 1801         |
|    iterations           | 63           |
|    time_elapsed         | 286          |
|    total_timesteps      | 516096       |
| train/                  |              |
|    approx_kl            | 0.0063636485 |
|    clip_fraction        | 0.0624       |
|    clip_range           | 0.2          |
|    entropy_loss         | -1.01        |
|    explained_variance   | 0.997        |
|    learning_rate        | 0.0003       |
|    loss                 | 0.0384       |
|    n_updates            | 620          |
|    policy_gradient_loss | -0.00341     |
|    value_loss           | 0.0719       |
------------------------------------------
Eval num_timesteps=520000, episode_reward=-22.85 +/- 0.67
Episode length: 480.50 +/- 85.95
-----------------------------------------
| eval/                   |             |
|    mean_ep_length       | 480         |
|    mean_reward          | -22.9       |
| time/                   |             |
|    total_timesteps      | 520000      |
| train/                  |             |
|    approx_kl            | 0.006206476 |
|    clip_fraction        | 0.0673      |
|    clip_range           | 0.2         |
|    entropy_loss         | -1.02       |
|    explained_variance   | 0.998       |
|    learning_rate        | 0.0003      |
|    loss                 | 0.0166      |
|    n_updates            | 630         |
|    policy_gradient_loss | -0.00259    |
|    value_loss           | 0.0495      |
-----------------------------------------
---------------------------------
| rollout/           |          |
|    ep_len_mean     | 504      |
|    ep_rew_mean     | -3.78    |
| time/              |          |
|    fps             | 1788     |
|    iterations      | 64       |
|    time_elapsed    | 293      |
|    total_timesteps | 524288   |
---------------------------------
------------------------------------------
| rollout/                |              |
|    ep_len_mean          | 524          |
|    ep_rew_mean          | -2.8         |
| time/                   |              |
|    fps                  | 1795         |
|    iterations           | 65           |
|    time_elapsed         | 296          |
|    total_timesteps      | 532480       |
| train/                  |              |
|    approx_kl            | 0.0051837224 |
|    clip_fraction        | 0.0586       |
|    clip_range           | 0.2          |
|    entropy_loss         | -1.04        |
|    explained_variance   | 0.998        |
|    learning_rate        | 0.0003       |
|    loss                 | 0.00332      |
|    n_updates            | 640          |
|    policy_gradient_loss | -0.00345     |
|    value_loss           | 0.0503       |
------------------------------------------
Eval num_timesteps=540000, episode_reward=-22.70 +/- 0.60
Episode length: 413.10 +/- 45.29
-----------------------------------------
| eval/                   |             |
|    mean_ep_length       | 413         |
|    mean_reward          | -22.7       |
| time/                   |             |
|    total_timesteps      | 540000      |
| train/                  |             |
|    approx_kl            | 0.005646144 |
|    clip_fraction        | 0.0573      |
|    clip_range           | 0.2         |
|    entropy_loss         | -1          |
|    explained_variance   | 0.998       |
|    learning_rate        | 0.0003      |
|    loss                 | 0.0206      |
|    n_updates            | 650         |
|    policy_gradient_loss | -0.0027     |
|    value_loss           | 0.0484      |
-----------------------------------------
---------------------------------
| rollout/           |          |
|    ep_len_mean     | 529      |
|    ep_rew_mean     | -2.46    |
| time/              |          |
|    fps             | 1785     |
|    iterations      | 66       |
|    time_elapsed    | 302      |
|    total_timesteps | 540672   |
---------------------------------
-----------------------------------------
| rollout/                |             |
|    ep_len_mean          | 538         |
|    ep_rew_mean          | -1.91       |
| time/                   |             |
|    fps                  | 1791        |
|    iterations           | 67          |
|    time_elapsed         | 306         |
|    total_timesteps      | 548864      |
| train/                  |             |
|    approx_kl            | 0.004299474 |
|    clip_fraction        | 0.0439      |
|    clip_range           | 0.2         |
|    entropy_loss         | -1          |
|    explained_variance   | 0.997       |
|    learning_rate        | 0.0003      |
|    loss                 | 0.0204      |
|    n_updates            | 660         |
|    policy_gradient_loss | -0.00126    |
|    value_loss           | 0.0666      |
-----------------------------------------
-----------------------------------------
| rollout/                |             |
|    ep_len_mean          | 537         |
|    ep_rew_mean          | -1.81       |
| time/                   |             |
|    fps                  | 1797        |
|    iterations           | 68          |
|    time_elapsed         | 309         |
|    total_timesteps      | 557056      |
| train/                  |             |
|    approx_kl            | 0.007936124 |
|    clip_fraction        | 0.0855      |
|    clip_range           | 0.2         |
|    entropy_loss         | -1.03       |
|    explained_variance   | 0.998       |
|    learning_rate        | 0.0003      |
|    loss                 | 0.0191      |
|    n_updates            | 670         |
|    policy_gradient_loss | -0.00226    |
|    value_loss           | 0.0509      |
-----------------------------------------
Eval num_timesteps=560000, episode_reward=-22.80 +/- 0.40
Episode length: 446.50 +/- 79.85
-----------------------------------------
| eval/                   |             |
|    mean_ep_length       | 446         |
|    mean_reward          | -22.8       |
| time/                   |             |
|    total_timesteps      | 560000      |
| train/                  |             |
|    approx_kl            | 0.010175945 |
|    clip_fraction        | 0.0861      |
|    clip_range           | 0.2         |
|    entropy_loss         | -1.04       |
|    explained_variance   | 0.998       |
|    learning_rate        | 0.0003      |
|    loss                 | 0.0227      |
|    n_updates            | 680         |
|    policy_gradient_loss | -0.00259    |
|    value_loss           | 0.0613      |
-----------------------------------------
---------------------------------
| rollout/           |          |
|    ep_len_mean     | 543      |
|    ep_rew_mean     | -1.43    |
| time/              |          |
|    fps             | 1784     |
|    iterations      | 69       |
|    time_elapsed    | 316      |
|    total_timesteps | 565248   |
---------------------------------
-----------------------------------------
| rollout/                |             |
|    ep_len_mean          | 544         |
|    ep_rew_mean          | -1.46       |
| time/                   |             |
|    fps                  | 1788        |
|    iterations           | 70          |
|    time_elapsed         | 320         |
|    total_timesteps      | 573440      |
| train/                  |             |
|    approx_kl            | 0.006048168 |
|    clip_fraction        | 0.0484      |
|    clip_range           | 0.2         |
|    entropy_loss         | -1.09       |
|    explained_variance   | 0.998       |
|    learning_rate        | 0.0003      |
|    loss                 | 0.0153      |
|    n_updates            | 690         |
|    policy_gradient_loss | -0.00195    |
|    value_loss           | 0.0581      |
-----------------------------------------
Eval num_timesteps=580000, episode_reward=-22.45 +/- 0.15
Episode length: 366.50 +/- 66.06
------------------------------------------
| eval/                   |              |
|    mean_ep_length       | 366          |
|    mean_reward          | -22.4        |
| time/                   |              |
|    total_timesteps      | 580000       |
| train/                  |              |
|    approx_kl            | 0.0049695233 |
|    clip_fraction        | 0.0546       |
|    clip_range           | 0.2          |
|    entropy_loss         | -1.14        |
|    explained_variance   | 0.998        |
|    learning_rate        | 0.0003       |
|    loss                 | 0.00673      |
|    n_updates            | 700          |
|    policy_gradient_loss | -0.00185     |
|    value_loss           | 0.0605       |
------------------------------------------
---------------------------------
| rollout/           |          |
|    ep_len_mean     | 546      |
|    ep_rew_mean     | -1.5     |
| time/              |          |
|    fps             | 1780     |
|    iterations      | 71       |
|    time_elapsed    | 326      |
|    total_timesteps | 581632   |
---------------------------------
------------------------------------------
| rollout/                |              |
|    ep_len_mean          | 556          |
|    ep_rew_mean          | -1.12        |
| time/                   |              |
|    fps                  | 1787         |
|    iterations           | 72           |
|    time_elapsed         | 329          |
|    total_timesteps      | 589824       |
| train/                  |              |
|    approx_kl            | 0.0071014976 |
|    clip_fraction        | 0.0766       |
|    clip_range           | 0.2          |
|    entropy_loss         | -1.13        |
|    explained_variance   | 0.997        |
|    learning_rate        | 0.0003       |
|    loss                 | 0.0145       |
|    n_updates            | 710          |
|    policy_gradient_loss | -0.00361     |
|    value_loss           | 0.0679       |
------------------------------------------
------------------------------------------
| rollout/                |              |
|    ep_len_mean          | 571          |
|    ep_rew_mean          | -0.653       |
| time/                   |              |
|    fps                  | 1793         |
|    iterations           | 73           |
|    time_elapsed         | 333          |
|    total_timesteps      | 598016       |
| train/                  |              |
|    approx_kl            | 0.0067794016 |
|    clip_fraction        | 0.0528       |
|    clip_range           | 0.2          |
|    entropy_loss         | -1.13        |
|    explained_variance   | 0.992        |
|    learning_rate        | 0.0003       |
|    loss                 | 0.0314       |
|    n_updates            | 720          |
|    policy_gradient_loss | -0.00332     |
|    value_loss           | 0.118        |
------------------------------------------
Eval num_timesteps=600000, episode_reward=-22.85 +/- 0.23
Episode length: 491.10 +/- 57.52
-----------------------------------------
| eval/                   |             |
|    mean_ep_length       | 491         |
|    mean_reward          | -22.9       |
| time/                   |             |
|    total_timesteps      | 600000      |
| train/                  |             |
|    approx_kl            | 0.008774737 |
|    clip_fraction        | 0.0918      |
|    clip_range           | 0.2         |
|    entropy_loss         | -1.12       |
|    explained_variance   | 0.986       |
|    learning_rate        | 0.0003      |
|    loss                 | 0.0511      |
|    n_updates            | 730         |
|    policy_gradient_loss | -0.00363    |
|    value_loss           | 0.18        |
-----------------------------------------
---------------------------------
| rollout/           |          |
|    ep_len_mean     | 576      |
|    ep_rew_mean     | -0.479   |
| time/              |          |
|    fps             | 1781     |
|    iterations      | 74       |
|    time_elapsed    | 340      |
|    total_timesteps | 606208   |
---------------------------------
-----------------------------------------
| rollout/                |             |
|    ep_len_mean          | 591         |
|    ep_rew_mean          | 0.169       |
| time/                   |             |
|    fps                  | 1787        |
|    iterations           | 75          |
|    time_elapsed         | 343         |
|    total_timesteps      | 614400      |
| train/                  |             |
|    approx_kl            | 0.009662646 |
|    clip_fraction        | 0.0919      |
|    clip_range           | 0.2         |
|    entropy_loss         | -1.15       |
|    explained_variance   | 0.993       |
|    learning_rate        | 0.0003      |
|    loss                 | 0.00847     |
|    n_updates            | 740         |
|    policy_gradient_loss | -0.00234    |
|    value_loss           | 0.113       |
-----------------------------------------
Eval num_timesteps=620000, episode_reward=-22.35 +/- 0.32
Episode length: 492.70 +/- 28.58
-----------------------------------------
| eval/                   |             |
|    mean_ep_length       | 493         |
|    mean_reward          | -22.4       |
| time/                   |             |
|    total_timesteps      | 620000      |
| train/                  |             |
|    approx_kl            | 0.012372008 |
|    clip_fraction        | 0.0912      |
|    clip_range           | 0.2         |
|    entropy_loss         | -1.13       |
|    explained_variance   | 0.988       |
|    learning_rate        | 0.0003      |
|    loss                 | 0.0517      |
|    n_updates            | 750         |
|    policy_gradient_loss | -0.00353    |
|    value_loss           | 0.14        |
-----------------------------------------
---------------------------------
| rollout/           |          |
|    ep_len_mean     | 603      |
|    ep_rew_mean     | 0.313    |
| time/              |          |
|    fps             | 1776     |
|    iterations      | 76       |
|    time_elapsed    | 350      |
|    total_timesteps | 622592   |
---------------------------------
----------------------------------------
| rollout/                |            |
|    ep_len_mean          | 602        |
|    ep_rew_mean          | -0.0659    |
| time/                   |            |
|    fps                  | 1781       |
|    iterations           | 77         |
|    time_elapsed         | 354        |
|    total_timesteps      | 630784     |
| train/                  |            |
|    approx_kl            | 0.00673087 |
|    clip_fraction        | 0.0527     |
|    clip_range           | 0.2        |
|    entropy_loss         | -1.14      |
|    explained_variance   | 0.977      |
|    learning_rate        | 0.0003     |
|    loss                 | 0.106      |
|    n_updates            | 760        |
|    policy_gradient_loss | -0.00366   |
|    value_loss           | 0.284      |
----------------------------------------
----------------------------------------
| rollout/                |            |
|    ep_len_mean          | 616        |
|    ep_rew_mean          | 0.532      |
| time/                   |            |
|    fps                  | 1785       |
|    iterations           | 78         |
|    time_elapsed         | 357        |
|    total_timesteps      | 638976     |
| train/                  |            |
|    approx_kl            | 0.00793773 |
|    clip_fraction        | 0.0907     |
|    clip_range           | 0.2        |
|    entropy_loss         | -1.18      |
|    explained_variance   | 0.984      |
|    learning_rate        | 0.0003     |
|    loss                 | 0.0504     |
|    n_updates            | 770        |
|    policy_gradient_loss | -0.00445   |
|    value_loss           | 0.227      |
----------------------------------------
Eval num_timesteps=640000, episode_reward=-22.10 +/- 0.54
Episode length: 481.50 +/- 21.17
-----------------------------------------
| eval/                   |             |
|    mean_ep_length       | 482         |
|    mean_reward          | -22.1       |
| time/                   |             |
|    total_timesteps      | 640000      |
| train/                  |             |
|    approx_kl            | 0.009975584 |
|    clip_fraction        | 0.0612      |
|    clip_range           | 0.2         |
|    entropy_loss         | -1.07       |
|    explained_variance   | 0.957       |
|    learning_rate        | 0.0003      |
|    loss                 | 0.0886      |
|    n_updates            | 780         |
|    policy_gradient_loss | -0.00443    |
|    value_loss           | 0.291       |
-----------------------------------------
---------------------------------
| rollout/           |          |
|    ep_len_mean     | 654      |
|    ep_rew_mean     | 1.92     |
| time/              |          |
|    fps             | 1773     |
|    iterations      | 79       |
|    time_elapsed    | 364      |
|    total_timesteps | 647168   |
---------------------------------
-----------------------------------------
| rollout/                |             |
|    ep_len_mean          | 683         |
|    ep_rew_mean          | 2.62        |
| time/                   |             |
|    fps                  | 1778        |
|    iterations           | 80          |
|    time_elapsed         | 368         |
|    total_timesteps      | 655360      |
| train/                  |             |
|    approx_kl            | 0.007743564 |
|    clip_fraction        | 0.0821      |
|    clip_range           | 0.2         |
|    entropy_loss         | -1.02       |
|    explained_variance   | 0.951       |
|    learning_rate        | 0.0003      |
|    loss                 | 0.0796      |
|    n_updates            | 790         |
|    policy_gradient_loss | -0.00511    |
|    value_loss           | 0.401       |
-----------------------------------------
Eval num_timesteps=660000, episode_reward=-22.25 +/- 0.68
Episode length: 445.30 +/- 29.32
-----------------------------------------
| eval/                   |             |
|    mean_ep_length       | 445         |
|    mean_reward          | -22.2       |
| time/                   |             |
|    total_timesteps      | 660000      |
| train/                  |             |
|    approx_kl            | 0.009088619 |
|    clip_fraction        | 0.0891      |
|    clip_range           | 0.2         |
|    entropy_loss         | -1.03       |
|    explained_variance   | 0.973       |
|    learning_rate        | 0.0003      |
|    loss                 | 0.0801      |
|    n_updates            | 800         |
|    policy_gradient_loss | -0.00932    |
|    value_loss           | 0.248       |
-----------------------------------------
---------------------------------
| rollout/           |          |
|    ep_len_mean     | 719      |
|    ep_rew_mean     | 3.35     |
| time/              |          |
|    fps             | 1768     |
|    iterations      | 81       |
|    time_elapsed    | 375      |
|    total_timesteps | 663552   |
---------------------------------
-----------------------------------------
| rollout/                |             |
|    ep_len_mean          | 766         |
|    ep_rew_mean          | 4.28        |
| time/                   |             |
|    fps                  | 1773        |
|    iterations           | 82          |
|    time_elapsed         | 378         |
|    total_timesteps      | 671744      |
| train/                  |             |
|    approx_kl            | 0.007902946 |
|    clip_fraction        | 0.0791      |
|    clip_range           | 0.2         |
|    entropy_loss         | -0.964      |
|    explained_variance   | 0.962       |
|    learning_rate        | 0.0003      |
|    loss                 | 0.155       |
|    n_updates            | 810         |
|    policy_gradient_loss | -0.00576    |
|    value_loss           | 0.326       |
-----------------------------------------
-----------------------------------------
| rollout/                |             |
|    ep_len_mean          | 814         |
|    ep_rew_mean          | 5.72        |
| time/                   |             |
|    fps                  | 1778        |
|    iterations           | 83          |
|    time_elapsed         | 382         |
|    total_timesteps      | 679936      |
| train/                  |             |
|    approx_kl            | 0.007740845 |
|    clip_fraction        | 0.0909      |
|    clip_range           | 0.2         |
|    entropy_loss         | -0.955      |
|    explained_variance   | 0.957       |
|    learning_rate        | 0.0003      |
|    loss                 | 0.0486      |
|    n_updates            | 820         |
|    policy_gradient_loss | -0.00549    |
|    value_loss           | 0.277       |
-----------------------------------------
Eval num_timesteps=680000, episode_reward=-22.85 +/- 0.23
Episode length: 484.50 +/- 57.39
-----------------------------------------
| eval/                   |             |
|    mean_ep_length       | 484         |
|    mean_reward          | -22.9       |
| time/                   |             |
|    total_timesteps      | 680000      |
| train/                  |             |
|    approx_kl            | 0.009032823 |
|    clip_fraction        | 0.0898      |
|    clip_range           | 0.2         |
|    entropy_loss         | -0.968      |
|    explained_variance   | 0.962       |
|    learning_rate        | 0.0003      |
|    loss                 | 0.0541      |
|    n_updates            | 830         |
|    policy_gradient_loss | -0.00661    |
|    value_loss           | 0.181       |
-----------------------------------------
---------------------------------
| rollout/           |          |
|    ep_len_mean     | 844      |
|    ep_rew_mean     | 6.18     |
| time/              |          |
|    fps             | 1767     |
|    iterations      | 84       |
|    time_elapsed    | 389      |
|    total_timesteps | 688128   |
---------------------------------
-----------------------------------------
| rollout/                |             |
|    ep_len_mean          | 917         |
|    ep_rew_mean          | 9.04        |
| time/                   |             |
|    fps                  | 1772        |
|    iterations           | 85          |
|    time_elapsed         | 392         |
|    total_timesteps      | 696320      |
| train/                  |             |
|    approx_kl            | 0.009404615 |
|    clip_fraction        | 0.0947      |
|    clip_range           | 0.2         |
|    entropy_loss         | -0.896      |
|    explained_variance   | 0.963       |
|    learning_rate        | 0.0003      |
|    loss                 | 0.00786     |
|    n_updates            | 840         |
|    policy_gradient_loss | -0.00596    |
|    value_loss           | 0.0904      |
-----------------------------------------
Eval num_timesteps=700000, episode_reward=-23.00 +/- 0.00
Episode length: 518.70 +/- 21.19
------------------------------------------
| eval/                   |              |
|    mean_ep_length       | 519          |
|    mean_reward          | -23          |
| time/                   |              |
|    total_timesteps      | 700000       |
| train/                  |              |
|    approx_kl            | 0.0059567196 |
|    clip_fraction        | 0.0508       |
|    clip_range           | 0.2          |
|    entropy_loss         | -0.831       |
|    explained_variance   | 0.948        |
|    learning_rate        | 0.0003       |
|    loss                 | 0.0141       |
|    n_updates            | 850          |
|    policy_gradient_loss | -0.00375     |
|    value_loss           | 0.13         |
------------------------------------------
---------------------------------
| rollout/           |          |
|    ep_len_mean     | 949      |
|    ep_rew_mean     | 9.99     |
| time/              |          |
|    fps             | 1759     |
|    iterations      | 86       |
|    time_elapsed    | 400      |
|    total_timesteps | 704512   |
---------------------------------
-----------------------------------------
| rollout/                |             |
|    ep_len_mean          | 1.02e+03    |
|    ep_rew_mean          | 12.8        |
| time/                   |             |
|    fps                  | 1764        |
|    iterations           | 87          |
|    time_elapsed         | 403         |
|    total_timesteps      | 712704      |
| train/                  |             |
|    approx_kl            | 0.011725999 |
|    clip_fraction        | 0.115       |
|    clip_range           | 0.2         |
|    entropy_loss         | -0.937      |
|    explained_variance   | 0.928       |
|    learning_rate        | 0.0003      |
|    loss                 | 0.00593     |
|    n_updates            | 860         |
|    policy_gradient_loss | -0.00447    |
|    value_loss           | 0.19        |
-----------------------------------------
Eval num_timesteps=720000, episode_reward=-22.00 +/- 0.71
Episode length: 576.10 +/- 31.18
-----------------------------------------
| eval/                   |             |
|    mean_ep_length       | 576         |
|    mean_reward          | -22         |
| time/                   |             |
|    total_timesteps      | 720000      |
| train/                  |             |
|    approx_kl            | 0.013115682 |
|    clip_fraction        | 0.0948      |
|    clip_range           | 0.2         |
|    entropy_loss         | -0.866      |
|    explained_variance   | 0.979       |
|    learning_rate        | 0.0003      |
|    loss                 | 0.00789     |
|    n_updates            | 870         |
|    policy_gradient_loss | -0.00748    |
|    value_loss           | 0.0338      |
-----------------------------------------
New best mean reward!
---------------------------------
| rollout/           |          |
|    ep_len_mean     | 1.07e+03 |
|    ep_rew_mean     | 14.1     |
| time/              |          |
|    fps             | 1753     |
|    iterations      | 88       |
|    time_elapsed    | 411      |
|    total_timesteps | 720896   |
---------------------------------
-----------------------------------------
| rollout/                |             |
|    ep_len_mean          | 1.14e+03    |
|    ep_rew_mean          | 16.1        |
| time/                   |             |
|    fps                  | 1758        |
|    iterations           | 89          |
|    time_elapsed         | 414         |
|    total_timesteps      | 729088      |
| train/                  |             |
|    approx_kl            | 0.009645269 |
|    clip_fraction        | 0.1         |
|    clip_range           | 0.2         |
|    entropy_loss         | -0.988      |
|    explained_variance   | 0.967       |
|    learning_rate        | 0.0003      |
|    loss                 | 0.000907    |
|    n_updates            | 880         |
|    policy_gradient_loss | -0.00552    |
|    value_loss           | 0.0773      |
-----------------------------------------
-----------------------------------------
| rollout/                |             |
|    ep_len_mean          | 1.17e+03    |
|    ep_rew_mean          | 17          |
| time/                   |             |
|    fps                  | 1762        |
|    iterations           | 90          |
|    time_elapsed         | 418         |
|    total_timesteps      | 737280      |
| train/                  |             |
|    approx_kl            | 0.010244086 |
|    clip_fraction        | 0.0911      |
|    clip_range           | 0.2         |
|    entropy_loss         | -0.903      |
|    explained_variance   | 0.965       |
|    learning_rate        | 0.0003      |
|    loss                 | 0.00378     |
|    n_updates            | 890         |
|    policy_gradient_loss | -0.00456    |
|    value_loss           | 0.0801      |
-----------------------------------------
Eval num_timesteps=740000, episode_reward=-22.65 +/- 0.32
Episode length: 490.50 +/- 150.26
------------------------------------------
| eval/                   |              |
|    mean_ep_length       | 490          |
|    mean_reward          | -22.6        |
| time/                   |              |
|    total_timesteps      | 740000       |
| train/                  |              |
|    approx_kl            | 0.0099050235 |
|    clip_fraction        | 0.0673       |
|    clip_range           | 0.2          |
|    entropy_loss         | -0.907       |
|    explained_variance   | 0.968        |
|    learning_rate        | 0.0003       |
|    loss                 | 0.0138       |
|    n_updates            | 900          |
|    policy_gradient_loss | -0.00583     |
|    value_loss           | 0.0469       |
------------------------------------------
---------------------------------
| rollout/           |          |
|    ep_len_mean     | 1.22e+03 |
|    ep_rew_mean     | 19       |
| time/              |          |
|    fps             | 1752     |
|    iterations      | 91       |
|    time_elapsed    | 425      |
|    total_timesteps | 745472   |
---------------------------------
-----------------------------------------
| rollout/                |             |
|    ep_len_mean          | 1.28e+03    |
|    ep_rew_mean          | 20.4        |
| time/                   |             |
|    fps                  | 1757        |
|    iterations           | 92          |
|    time_elapsed         | 428         |
|    total_timesteps      | 753664      |
| train/                  |             |
|    approx_kl            | 0.012428783 |
|    clip_fraction        | 0.136       |
|    clip_range           | 0.2         |
|    entropy_loss         | -0.915      |
|    explained_variance   | 0.976       |
|    learning_rate        | 0.0003      |
|    loss                 | -0.0177     |
|    n_updates            | 910         |
|    policy_gradient_loss | -0.00895    |
|    value_loss           | 0.0249      |
-----------------------------------------
Eval num_timesteps=760000, episode_reward=-22.70 +/- 0.46
Episode length: 1013.20 +/- 132.97
-----------------------------------------
| eval/                   |             |
|    mean_ep_length       | 1.01e+03    |
|    mean_reward          | -22.7       |
| time/                   |             |
|    total_timesteps      | 760000      |
| train/                  |             |
|    approx_kl            | 0.006399272 |
|    clip_fraction        | 0.0638      |
|    clip_range           | 0.2         |
|    entropy_loss         | -0.828      |
|    explained_variance   | 0.979       |
|    learning_rate        | 0.0003      |
|    loss                 | 0.0111      |
|    n_updates            | 920         |
|    policy_gradient_loss | -0.00305    |
|    value_loss           | 0.0486      |
-----------------------------------------
---------------------------------
| rollout/           |          |
|    ep_len_mean     | 1.32e+03 |
|    ep_rew_mean     | 21.6     |
| time/              |          |
|    fps             | 1732     |
|    iterations      | 93       |
|    time_elapsed    | 439      |
|    total_timesteps | 761856   |
---------------------------------
------------------------------------------
| rollout/                |              |
|    ep_len_mean          | 1.4e+03      |
|    ep_rew_mean          | 24.3         |
| time/                   |              |
|    fps                  | 1736         |
|    iterations           | 94           |
|    time_elapsed         | 443          |
|    total_timesteps      | 770048       |
| train/                  |              |
|    approx_kl            | 0.0063640904 |
|    clip_fraction        | 0.0708       |
|    clip_range           | 0.2          |
|    entropy_loss         | -0.897       |
|    explained_variance   | 0.979        |
|    learning_rate        | 0.0003       |
|    loss                 | -0.0147      |
|    n_updates            | 930          |
|    policy_gradient_loss | -0.00301     |
|    value_loss           | 0.0256       |
------------------------------------------
-----------------------------------------
| rollout/                |             |
|    ep_len_mean          | 1.44e+03    |
|    ep_rew_mean          | 26.1        |
| time/                   |             |
|    fps                  | 1741        |
|    iterations           | 95          |
|    time_elapsed         | 446         |
|    total_timesteps      | 778240      |
| train/                  |             |
|    approx_kl            | 0.008150585 |
|    clip_fraction        | 0.065       |
|    clip_range           | 0.2         |
|    entropy_loss         | -0.834      |
|    explained_variance   | 0.968       |
|    learning_rate        | 0.0003      |
|    loss                 | 0.00945     |
|    n_updates            | 940         |
|    policy_gradient_loss | -0.00399    |
|    value_loss           | 0.0251      |
-----------------------------------------
Eval num_timesteps=780000, episode_reward=-3.65 +/- 0.32
Episode length: 1801.00 +/- 0.00
------------------------------------------
| eval/                   |              |
|    mean_ep_length       | 1.8e+03      |
|    mean_reward          | -3.65        |
| time/                   |              |
|    total_timesteps      | 780000       |
| train/                  |              |
|    approx_kl            | 0.0052579977 |
|    clip_fraction        | 0.0468       |
|    clip_range           | 0.2          |
|    entropy_loss         | -0.735       |
|    explained_variance   | 0.971        |
|    learning_rate        | 0.0003       |
|    loss                 | 0.0054       |
|    n_updates            | 950          |
|    policy_gradient_loss | -0.00223     |
|    value_loss           | 0.0626       |
------------------------------------------
New best mean reward!
---------------------------------
| rollout/           |          |
|    ep_len_mean     | 1.51e+03 |
|    ep_rew_mean     | 28       |
| time/              |          |
|    fps             | 1696     |
|    iterations      | 96       |
|    time_elapsed    | 463      |
|    total_timesteps | 786432   |
---------------------------------
-----------------------------------------
| rollout/                |             |
|    ep_len_mean          | 1.54e+03    |
|    ep_rew_mean          | 29.1        |
| time/                   |             |
|    fps                  | 1700        |
|    iterations           | 97          |
|    time_elapsed         | 467         |
|    total_timesteps      | 794624      |
| train/                  |             |
|    approx_kl            | 0.005137072 |
|    clip_fraction        | 0.0421      |
|    clip_range           | 0.2         |
|    entropy_loss         | -0.775      |
|    explained_variance   | 0.982       |
|    learning_rate        | 0.0003      |
|    loss                 | -0.00309    |
|    n_updates            | 960         |
|    policy_gradient_loss | -0.00366    |
|    value_loss           | 0.0207      |
-----------------------------------------
Eval num_timesteps=800000, episode_reward=-2.70 +/- 0.40
Episode length: 1801.00 +/- 0.00
------------------------------------------
| eval/                   |              |
|    mean_ep_length       | 1.8e+03      |
|    mean_reward          | -2.7         |
| time/                   |              |
|    total_timesteps      | 800000       |
| train/                  |              |
|    approx_kl            | 0.0073380484 |
|    clip_fraction        | 0.057        |
|    clip_range           | 0.2          |
|    entropy_loss         | -0.759       |
|    explained_variance   | 0.973        |
|    learning_rate        | 0.0003       |
|    loss                 | 0.0272       |
|    n_updates            | 970          |
|    policy_gradient_loss | -0.00348     |
|    value_loss           | 0.0669       |
------------------------------------------
New best mean reward!
---------------------------------
| rollout/           |          |
|    ep_len_mean     | 1.59e+03 |
|    ep_rew_mean     | 30       |
| time/              |          |
|    fps             | 1658     |
|    iterations      | 98       |
|    time_elapsed    | 484      |
|    total_timesteps | 802816   |
---------------------------------
    -> net_big_s43: -2.65 +/- 0.45 (8.1 min)

=== [lr_high_s43] net=(64, 64) lr=0.001 seed=43 ===
Using cpu device
---------------------------------
| rollout/           |          |
|    ep_len_mean     | 253      |
|    ep_rew_mean     | -16.4    |
| time/              |          |
|    fps             | 4205     |
|    iterations      | 1        |
|    time_elapsed    | 1        |
|    total_timesteps | 8192     |
---------------------------------
------------------------------------------
| rollout/                |              |
|    ep_len_mean          | 245          |
|    ep_rew_mean          | -16.6        |
| time/                   |              |
|    fps                  | 3107         |
|    iterations           | 2            |
|    time_elapsed         | 5            |
|    total_timesteps      | 16384        |
| train/                  |              |
|    approx_kl            | 0.0090352325 |
|    clip_fraction        | 0.0659       |
|    clip_range           | 0.2          |
|    entropy_loss         | -1.78        |
|    explained_variance   | 0.0948       |
|    learning_rate        | 0.001        |
|    loss                 | 0.475        |
|    n_updates            | 10           |
|    policy_gradient_loss | -0.00564     |
|    value_loss           | 1.83         |
------------------------------------------
Eval num_timesteps=20000, episode_reward=-21.80 +/- 0.60
Episode length: 253.70 +/- 30.49
-----------------------------------------
| eval/                   |             |
|    mean_ep_length       | 254         |
|    mean_reward          | -21.8       |
| time/                   |             |
|    total_timesteps      | 20000       |
| train/                  |             |
|    approx_kl            | 0.022022992 |
|    clip_fraction        | 0.169       |
|    clip_range           | 0.2         |
|    entropy_loss         | -1.77       |
|    explained_variance   | 0.843       |
|    learning_rate        | 0.001       |
|    loss                 | 0.258       |
|    n_updates            | 20          |
|    policy_gradient_loss | -0.00651    |
|    value_loss           | 0.616       |
-----------------------------------------
New best mean reward!
---------------------------------
| rollout/           |          |
|    ep_len_mean     | 251      |
|    ep_rew_mean     | -16.5    |
| time/              |          |
|    fps             | 2386     |
|    iterations      | 3        |
|    time_elapsed    | 10       |
|    total_timesteps | 24576    |
---------------------------------
-----------------------------------------
| rollout/                |             |
|    ep_len_mean          | 261         |
|    ep_rew_mean          | -16.5       |
| time/                   |             |
|    fps                  | 2370        |
|    iterations           | 4           |
|    time_elapsed         | 13          |
|    total_timesteps      | 32768       |
| train/                  |             |
|    approx_kl            | 0.013393251 |
|    clip_fraction        | 0.113       |
|    clip_range           | 0.2         |
|    entropy_loss         | -1.75       |
|    explained_variance   | 0.939       |
|    learning_rate        | 0.001       |
|    loss                 | 0.217       |
|    n_updates            | 30          |
|    policy_gradient_loss | -0.00632    |
|    value_loss           | 0.428       |
-----------------------------------------
Eval num_timesteps=40000, episode_reward=-22.35 +/- 0.23
Episode length: 345.30 +/- 20.90
----------------------------------------
| eval/                   |            |
|    mean_ep_length       | 345        |
|    mean_reward          | -22.4      |
| time/                   |            |
|    total_timesteps      | 40000      |
| train/                  |            |
|    approx_kl            | 0.01172218 |
|    clip_fraction        | 0.13       |
|    clip_range           | 0.2        |
|    entropy_loss         | -1.72      |
|    explained_variance   | 0.967      |
|    learning_rate        | 0.001      |
|    loss                 | 0.138      |
|    n_updates            | 40         |
|    policy_gradient_loss | -0.00764   |
|    value_loss           | 0.39       |
----------------------------------------
---------------------------------
| rollout/           |          |
|    ep_len_mean     | 278      |
|    ep_rew_mean     | -16.2    |
| time/              |          |
|    fps             | 2044     |
|    iterations      | 5        |
|    time_elapsed    | 20       |
|    total_timesteps | 40960    |
---------------------------------
-----------------------------------------
| rollout/                |             |
|    ep_len_mean          | 303         |
|    ep_rew_mean          | -15.5       |
| time/                   |             |
|    fps                  | 2076        |
|    iterations           | 6           |
|    time_elapsed         | 23          |
|    total_timesteps      | 49152       |
| train/                  |             |
|    approx_kl            | 0.009119299 |
|    clip_fraction        | 0.103       |
|    clip_range           | 0.2         |
|    entropy_loss         | -1.69       |
|    explained_variance   | 0.962       |
|    learning_rate        | 0.001       |
|    loss                 | 0.229       |
|    n_updates            | 50          |
|    policy_gradient_loss | -0.00904    |
|    value_loss           | 0.515       |
-----------------------------------------
-----------------------------------------
| rollout/                |             |
|    ep_len_mean          | 334         |
|    ep_rew_mean          | -14         |
| time/                   |             |
|    fps                  | 2111        |
|    iterations           | 7           |
|    time_elapsed         | 27          |
|    total_timesteps      | 57344       |
| train/                  |             |
|    approx_kl            | 0.013860541 |
|    clip_fraction        | 0.204       |
|    clip_range           | 0.2         |
|    entropy_loss         | -1.62       |
|    explained_variance   | 0.964       |
|    learning_rate        | 0.001       |
|    loss                 | 0.235       |
|    n_updates            | 60          |
|    policy_gradient_loss | -0.0129     |
|    value_loss           | 0.44        |
-----------------------------------------
Eval num_timesteps=60000, episode_reward=-22.70 +/- 0.24
Episode length: 469.70 +/- 38.05
-----------------------------------------
| eval/                   |             |
|    mean_ep_length       | 470         |
|    mean_reward          | -22.7       |
| time/                   |             |
|    total_timesteps      | 60000       |
| train/                  |             |
|    approx_kl            | 0.016823407 |
|    clip_fraction        | 0.154       |
|    clip_range           | 0.2         |
|    entropy_loss         | -1.56       |
|    explained_variance   | 0.971       |
|    learning_rate        | 0.001       |
|    loss                 | 0.0759      |
|    n_updates            | 70          |
|    policy_gradient_loss | -0.00585    |
|    value_loss           | 0.258       |
-----------------------------------------
---------------------------------
| rollout/           |          |
|    ep_len_mean     | 365      |
|    ep_rew_mean     | -12.1    |
| time/              |          |
|    fps             | 1938     |
|    iterations      | 8        |
|    time_elapsed    | 33       |
|    total_timesteps | 65536    |
---------------------------------
-----------------------------------------
| rollout/                |             |
|    ep_len_mean          | 393         |
|    ep_rew_mean          | -10         |
| time/                   |             |
|    fps                  | 1979        |
|    iterations           | 9           |
|    time_elapsed         | 37          |
|    total_timesteps      | 73728       |
| train/                  |             |
|    approx_kl            | 0.020170603 |
|    clip_fraction        | 0.192       |
|    clip_range           | 0.2         |
|    entropy_loss         | -1.51       |
|    explained_variance   | 0.981       |
|    learning_rate        | 0.001       |
|    loss                 | 0.079       |
|    n_updates            | 80          |
|    policy_gradient_loss | -0.00655    |
|    value_loss           | 0.184       |
-----------------------------------------
Eval num_timesteps=80000, episode_reward=-22.55 +/- 0.27
Episode length: 383.70 +/- 51.22
------------------------------------------
| eval/                   |              |
|    mean_ep_length       | 384          |
|    mean_reward          | -22.6        |
| time/                   |              |
|    total_timesteps      | 80000        |
| train/                  |              |
|    approx_kl            | 0.0072888024 |
|    clip_fraction        | 0.0578       |
|    clip_range           | 0.2          |
|    entropy_loss         | -1.46        |
|    explained_variance   | 0.986        |
|    learning_rate        | 0.001        |
|    loss                 | 0.0504       |
|    n_updates            | 90           |
|    policy_gradient_loss | -0.00207     |
|    value_loss           | 0.163        |
------------------------------------------
---------------------------------
| rollout/           |          |
|    ep_len_mean     | 415      |
|    ep_rew_mean     | -8.14    |
| time/              |          |
|    fps             | 1899     |
|    iterations      | 10       |
|    time_elapsed    | 43       |
|    total_timesteps | 81920    |
---------------------------------
----------------------------------------
| rollout/                |            |
|    ep_len_mean          | 433        |
|    ep_rew_mean          | -6.33      |
| time/                   |            |
|    fps                  | 1945       |
|    iterations           | 11         |
|    time_elapsed         | 46         |
|    total_timesteps      | 90112      |
| train/                  |            |
|    approx_kl            | 0.01819776 |
|    clip_fraction        | 0.129      |
|    clip_range           | 0.2        |
|    entropy_loss         | -1.42      |
|    explained_variance   | 0.989      |
|    learning_rate        | 0.001      |
|    loss                 | 0.064      |
|    n_updates            | 100        |
|    policy_gradient_loss | -0.00372   |
|    value_loss           | 0.133      |
----------------------------------------
------------------------------------------
| rollout/                |              |
|    ep_len_mean          | 437          |
|    ep_rew_mean          | -5.24        |
| time/                   |              |
|    fps                  | 1981         |
|    iterations           | 12           |
|    time_elapsed         | 49           |
|    total_timesteps      | 98304        |
| train/                  |              |
|    approx_kl            | 0.0066322666 |
|    clip_fraction        | 0.0683       |
|    clip_range           | 0.2          |
|    entropy_loss         | -1.42        |
|    explained_variance   | 0.99         |
|    learning_rate        | 0.001        |
|    loss                 | 0.0704       |
|    n_updates            | 110          |
|    policy_gradient_loss | -0.00258     |
|    value_loss           | 0.155        |
------------------------------------------
Eval num_timesteps=100000, episode_reward=-22.75 +/- 0.46
Episode length: 421.60 +/- 28.14
-----------------------------------------
| eval/                   |             |
|    mean_ep_length       | 422         |
|    mean_reward          | -22.8       |
| time/                   |             |
|    total_timesteps      | 100000      |
| train/                  |             |
|    approx_kl            | 0.009745801 |
|    clip_fraction        | 0.0885      |
|    clip_range           | 0.2         |
|    entropy_loss         | -1.43       |
|    explained_variance   | 0.992       |
|    learning_rate        | 0.001       |
|    loss                 | 0.0749      |
|    n_updates            | 120         |
|    policy_gradient_loss | -0.00303    |
|    value_loss           | 0.139       |
-----------------------------------------
---------------------------------
| rollout/           |          |
|    ep_len_mean     | 434      |
|    ep_rew_mean     | -4.96    |
| time/              |          |
|    fps             | 1909     |
|    iterations      | 13       |
|    time_elapsed    | 55       |
|    total_timesteps | 106496   |
---------------------------------
------------------------------------------
| rollout/                |              |
|    ep_len_mean          | 434          |
|    ep_rew_mean          | -4.8         |
| time/                   |              |
|    fps                  | 1938         |
|    iterations           | 14           |
|    time_elapsed         | 59           |
|    total_timesteps      | 114688       |
| train/                  |              |
|    approx_kl            | 0.0068278527 |
|    clip_fraction        | 0.0711       |
|    clip_range           | 0.2          |
|    entropy_loss         | -1.41        |
|    explained_variance   | 0.994        |
|    learning_rate        | 0.001        |
|    loss                 | 0.0371       |
|    n_updates            | 130          |
|    policy_gradient_loss | -0.00127     |
|    value_loss           | 0.114        |
------------------------------------------
Eval num_timesteps=120000, episode_reward=-22.90 +/- 0.20
Episode length: 448.80 +/- 21.36
---------------------------------------
| eval/                   |           |
|    mean_ep_length       | 449       |
|    mean_reward          | -22.9     |
| time/                   |           |
|    total_timesteps      | 120000    |
| train/                  |           |
|    approx_kl            | 0.0060958 |
|    clip_fraction        | 0.0686    |
|    clip_range           | 0.2       |
|    entropy_loss         | -1.37     |
|    explained_variance   | 0.993     |
|    learning_rate        | 0.001     |
|    loss                 | 0.0478    |
|    n_updates            | 140       |
|    policy_gradient_loss | -0.000841 |
|    value_loss           | 0.132     |
---------------------------------------
---------------------------------
| rollout/           |          |
|    ep_len_mean     | 431      |
|    ep_rew_mean     | -4.71    |
| time/              |          |
|    fps             | 1872     |
|    iterations      | 15       |
|    time_elapsed    | 65       |
|    total_timesteps | 122880   |
---------------------------------
-----------------------------------------
| rollout/                |             |
|    ep_len_mean          | 433         |
|    ep_rew_mean          | -4.58       |
| time/                   |             |
|    fps                  | 1896        |
|    iterations           | 16          |
|    time_elapsed         | 69          |
|    total_timesteps      | 131072      |
| train/                  |             |
|    approx_kl            | 0.008156806 |
|    clip_fraction        | 0.0596      |
|    clip_range           | 0.2         |
|    entropy_loss         | -1.37       |
|    explained_variance   | 0.994       |
|    learning_rate        | 0.001       |
|    loss                 | 0.0395      |
|    n_updates            | 150         |
|    policy_gradient_loss | -0.00082    |
|    value_loss           | 0.111       |
-----------------------------------------
-----------------------------------------
| rollout/                |             |
|    ep_len_mean          | 431         |
|    ep_rew_mean          | -4.47       |
| time/                   |             |
|    fps                  | 1922        |
|    iterations           | 17          |
|    time_elapsed         | 72          |
|    total_timesteps      | 139264      |
| train/                  |             |
|    approx_kl            | 0.008188536 |
|    clip_fraction        | 0.0845      |
|    clip_range           | 0.2         |
|    entropy_loss         | -1.36       |
|    explained_variance   | 0.994       |
|    learning_rate        | 0.001       |
|    loss                 | 0.055       |
|    n_updates            | 160         |
|    policy_gradient_loss | -0.00294    |
|    value_loss           | 0.126       |
-----------------------------------------
Eval num_timesteps=140000, episode_reward=-22.85 +/- 0.32
Episode length: 447.80 +/- 9.93
------------------------------------------
| eval/                   |              |
|    mean_ep_length       | 448          |
|    mean_reward          | -22.9        |
| time/                   |              |
|    total_timesteps      | 140000       |
| train/                  |              |
|    approx_kl            | 0.0054746736 |
|    clip_fraction        | 0.058        |
|    clip_range           | 0.2          |
|    entropy_loss         | -1.3         |
|    explained_variance   | 0.995        |
|    learning_rate        | 0.001        |
|    loss                 | 0.0277       |
|    n_updates            | 170          |
|    policy_gradient_loss | -0.00162     |
|    value_loss           | 0.118        |
------------------------------------------
---------------------------------
| rollout/           |          |
|    ep_len_mean     | 430      |
|    ep_rew_mean     | -4.3     |
| time/              |          |
|    fps             | 1881     |
|    iterations      | 18       |
|    time_elapsed    | 78       |
|    total_timesteps | 147456   |
---------------------------------
-----------------------------------------
| rollout/                |             |
|    ep_len_mean          | 429         |
|    ep_rew_mean          | -4.04       |
| time/                   |             |
|    fps                  | 1906        |
|    iterations           | 19          |
|    time_elapsed         | 81          |
|    total_timesteps      | 155648      |
| train/                  |             |
|    approx_kl            | 0.008237221 |
|    clip_fraction        | 0.0718      |
|    clip_range           | 0.2         |
|    entropy_loss         | -1.32       |
|    explained_variance   | 0.995       |
|    learning_rate        | 0.001       |
|    loss                 | 0.0505      |
|    n_updates            | 180         |
|    policy_gradient_loss | -0.000884   |
|    value_loss           | 0.108       |
-----------------------------------------
Eval num_timesteps=160000, episode_reward=-22.80 +/- 0.24
Episode length: 449.70 +/- 11.58
------------------------------------------
| eval/                   |              |
|    mean_ep_length       | 450          |
|    mean_reward          | -22.8        |
| time/                   |              |
|    total_timesteps      | 160000       |
| train/                  |              |
|    approx_kl            | 0.0062026074 |
|    clip_fraction        | 0.0531       |
|    clip_range           | 0.2          |
|    entropy_loss         | -1.28        |
|    explained_variance   | 0.995        |
|    learning_rate        | 0.001        |
|    loss                 | 0.046        |
|    n_updates            | 190          |
|    policy_gradient_loss | -0.00149     |
|    value_loss           | 0.126        |
------------------------------------------
---------------------------------
| rollout/           |          |
|    ep_len_mean     | 429      |
|    ep_rew_mean     | -3.97    |
| time/              |          |
|    fps             | 1864     |
|    iterations      | 20       |
|    time_elapsed    | 87       |
|    total_timesteps | 163840   |
---------------------------------
-----------------------------------------
| rollout/                |             |
|    ep_len_mean          | 427         |
|    ep_rew_mean          | -3.88       |
| time/                   |             |
|    fps                  | 1889        |
|    iterations           | 21          |
|    time_elapsed         | 91          |
|    total_timesteps      | 172032      |
| train/                  |             |
|    approx_kl            | 0.011219893 |
|    clip_fraction        | 0.0972      |
|    clip_range           | 0.2         |
|    entropy_loss         | -1.34       |
|    explained_variance   | 0.995       |
|    learning_rate        | 0.001       |
|    loss                 | 0.0855      |
|    n_updates            | 200         |
|    policy_gradient_loss | -0.00261    |
|    value_loss           | 0.116       |
-----------------------------------------
Eval num_timesteps=180000, episode_reward=-22.20 +/- 0.64
Episode length: 432.80 +/- 15.97
-----------------------------------------
| eval/                   |             |
|    mean_ep_length       | 433         |
|    mean_reward          | -22.2       |
| time/                   |             |
|    total_timesteps      | 180000      |
| train/                  |             |
|    approx_kl            | 0.006335072 |
|    clip_fraction        | 0.0658      |
|    clip_range           | 0.2         |
|    entropy_loss         | -1.42       |
|    explained_variance   | 0.995       |
|    learning_rate        | 0.001       |
|    loss                 | 0.0536      |
|    n_updates            | 210         |
|    policy_gradient_loss | -0.00124    |
|    value_loss           | 0.122       |
-----------------------------------------
---------------------------------
| rollout/           |          |
|    ep_len_mean     | 425      |
|    ep_rew_mean     | -3.9     |
| time/              |          |
|    fps             | 1858     |
|    iterations      | 22       |
|    time_elapsed    | 96       |
|    total_timesteps | 180224   |
---------------------------------
-----------------------------------------
| rollout/                |             |
|    ep_len_mean          | 426         |
|    ep_rew_mean          | -3.91       |
| time/                   |             |
|    fps                  | 1875        |
|    iterations           | 23          |
|    time_elapsed         | 100         |
|    total_timesteps      | 188416      |
| train/                  |             |
|    approx_kl            | 0.014617964 |
|    clip_fraction        | 0.117       |
|    clip_range           | 0.2         |
|    entropy_loss         | -1.49       |
|    explained_variance   | 0.996       |
|    learning_rate        | 0.001       |
|    loss                 | 0.0381      |
|    n_updates            | 220         |
|    policy_gradient_loss | -0.00447    |
|    value_loss           | 0.116       |
-----------------------------------------
-----------------------------------------
| rollout/                |             |
|    ep_len_mean          | 426         |
|    ep_rew_mean          | -4          |
| time/                   |             |
|    fps                  | 1891        |
|    iterations           | 24          |
|    time_elapsed         | 103         |
|    total_timesteps      | 196608      |
| train/                  |             |
|    approx_kl            | 0.009893896 |
|    clip_fraction        | 0.102       |
|    clip_range           | 0.2         |
|    entropy_loss         | -1.57       |
|    explained_variance   | 0.995       |
|    learning_rate        | 0.001       |
|    loss                 | 0.0406      |
|    n_updates            | 230         |
|    policy_gradient_loss | -0.00261    |
|    value_loss           | 0.111       |
-----------------------------------------
Eval num_timesteps=200000, episode_reward=-22.45 +/- 0.15
Episode length: 454.20 +/- 15.24
-----------------------------------------
| eval/                   |             |
|    mean_ep_length       | 454         |
|    mean_reward          | -22.4       |
| time/                   |             |
|    total_timesteps      | 200000      |
| train/                  |             |
|    approx_kl            | 0.006611662 |
|    clip_fraction        | 0.0734      |
|    clip_range           | 0.2         |
|    entropy_loss         | -1.59       |
|    explained_variance   | 0.995       |
|    learning_rate        | 0.001       |
|    loss                 | 0.0459      |
|    n_updates            | 240         |
|    policy_gradient_loss | -0.0013     |
|    value_loss           | 0.128       |
-----------------------------------------
---------------------------------
| rollout/           |          |
|    ep_len_mean     | 428      |
|    ep_rew_mean     | -3.99    |
| time/              |          |
|    fps             | 1858     |
|    iterations      | 25       |
|    time_elapsed    | 110      |
|    total_timesteps | 204800   |
---------------------------------
-----------------------------------------
| rollout/                |             |
|    ep_len_mean          | 429         |
|    ep_rew_mean          | -4.12       |
| time/                   |             |
|    fps                  | 1872        |
|    iterations           | 26          |
|    time_elapsed         | 113         |
|    total_timesteps      | 212992      |
| train/                  |             |
|    approx_kl            | 0.013007127 |
|    clip_fraction        | 0.127       |
|    clip_range           | 0.2         |
|    entropy_loss         | -1.58       |
|    explained_variance   | 0.995       |
|    learning_rate        | 0.001       |
|    loss                 | 0.0665      |
|    n_updates            | 250         |
|    policy_gradient_loss | -0.00262    |
|    value_loss           | 0.101       |
-----------------------------------------
Eval num_timesteps=220000, episode_reward=-22.20 +/- 0.56
Episode length: 425.60 +/- 24.25
------------------------------------------
| eval/                   |              |
|    mean_ep_length       | 426          |
|    mean_reward          | -22.2        |
| time/                   |              |
|    total_timesteps      | 220000       |
| train/                  |              |
|    approx_kl            | 0.0059826807 |
|    clip_fraction        | 0.0639       |
|    clip_range           | 0.2          |
|    entropy_loss         | -1.59        |
|    explained_variance   | 0.993        |
|    learning_rate        | 0.001        |
|    loss                 | 0.0492       |
|    n_updates            | 260          |
|    policy_gradient_loss | -0.00354     |
|    value_loss           | 0.147        |
------------------------------------------
---------------------------------
| rollout/           |          |
|    ep_len_mean     | 427      |
|    ep_rew_mean     | -4.45    |
| time/              |          |
|    fps             | 1845     |
|    iterations      | 27       |
|    time_elapsed    | 119      |
|    total_timesteps | 221184   |
---------------------------------
-----------------------------------------
| rollout/                |             |
|    ep_len_mean          | 424         |
|    ep_rew_mean          | -4.69       |
| time/                   |             |
|    fps                  | 1863        |
|    iterations           | 28          |
|    time_elapsed         | 123         |
|    total_timesteps      | 229376      |
| train/                  |             |
|    approx_kl            | 0.008269634 |
|    clip_fraction        | 0.0712      |
|    clip_range           | 0.2         |
|    entropy_loss         | -1.56       |
|    explained_variance   | 0.995       |
|    learning_rate        | 0.001       |
|    loss                 | 0.0392      |
|    n_updates            | 270         |
|    policy_gradient_loss | -0.00378    |
|    value_loss           | 0.126       |
-----------------------------------------
----------------------------------------
| rollout/                |            |
|    ep_len_mean          | 421        |
|    ep_rew_mean          | -5.19      |
| time/                   |            |
|    fps                  | 1879       |
|    iterations           | 29         |
|    time_elapsed         | 126        |
|    total_timesteps      | 237568     |
| train/                  |            |
|    approx_kl            | 0.00746099 |
|    clip_fraction        | 0.0803     |
|    clip_range           | 0.2        |
|    entropy_loss         | -1.56      |
|    explained_variance   | 0.995      |
|    learning_rate        | 0.001      |
|    loss                 | 0.0419     |
|    n_updates            | 280        |
|    policy_gradient_loss | -0.00266   |
|    value_loss           | 0.113      |
----------------------------------------
Eval num_timesteps=240000, episode_reward=-22.30 +/- 0.46
Episode length: 426.40 +/- 22.41
-----------------------------------------
| eval/                   |             |
|    mean_ep_length       | 426         |
|    mean_reward          | -22.3       |
| time/                   |             |
|    total_timesteps      | 240000      |
| train/                  |             |
|    approx_kl            | 0.008719734 |
|    clip_fraction        | 0.0691      |
|    clip_range           | 0.2         |
|    entropy_loss         | -1.57       |
|    explained_variance   | 0.994       |
|    learning_rate        | 0.001       |
|    loss                 | 0.0661      |
|    n_updates            | 290         |
|    policy_gradient_loss | -0.00458    |
|    value_loss           | 0.133       |
-----------------------------------------
---------------------------------
| rollout/           |          |
|    ep_len_mean     | 419      |
|    ep_rew_mean     | -5.57    |
| time/              |          |
|    fps             | 1856     |
|    iterations      | 30       |
|    time_elapsed    | 132      |
|    total_timesteps | 245760   |
---------------------------------
------------------------------------------
| rollout/                |              |
|    ep_len_mean          | 420          |
|    ep_rew_mean          | -5.91        |
| time/                   |              |
|    fps                  | 1872         |
|    iterations           | 31           |
|    time_elapsed         | 135          |
|    total_timesteps      | 253952       |
| train/                  |              |
|    approx_kl            | 0.0057480196 |
|    clip_fraction        | 0.0605       |
|    clip_range           | 0.2          |
|    entropy_loss         | -1.53        |
|    explained_variance   | 0.993        |
|    learning_rate        | 0.001        |
|    loss                 | 0.0321       |
|    n_updates            | 300          |
|    policy_gradient_loss | -0.00241     |
|    value_loss           | 0.123        |
------------------------------------------
Eval num_timesteps=260000, episode_reward=-22.40 +/- 0.49
Episode length: 447.70 +/- 22.19
-----------------------------------------
| eval/                   |             |
|    mean_ep_length       | 448         |
|    mean_reward          | -22.4       |
| time/                   |             |
|    total_timesteps      | 260000      |
| train/                  |             |
|    approx_kl            | 0.010199056 |
|    clip_fraction        | 0.116       |
|    clip_range           | 0.2         |
|    entropy_loss         | -1.51       |
|    explained_variance   | 0.994       |
|    learning_rate        | 0.001       |
|    loss                 | 0.0261      |
|    n_updates            | 310         |
|    policy_gradient_loss | -0.00706    |
|    value_loss           | 0.126       |
-----------------------------------------
---------------------------------
| rollout/           |          |
|    ep_len_mean     | 421      |
|    ep_rew_mean     | -5.85    |
| time/              |          |
|    fps             | 1850     |
|    iterations      | 32       |
|    time_elapsed    | 141      |
|    total_timesteps | 262144   |
---------------------------------
-----------------------------------------
| rollout/                |             |
|    ep_len_mean          | 424         |
|    ep_rew_mean          | -5.74       |
| time/                   |             |
|    fps                  | 1863        |
|    iterations           | 33          |
|    time_elapsed         | 145         |
|    total_timesteps      | 270336      |
| train/                  |             |
|    approx_kl            | 0.008373446 |
|    clip_fraction        | 0.108       |
|    clip_range           | 0.2         |
|    entropy_loss         | -1.48       |
|    explained_variance   | 0.994       |
|    learning_rate        | 0.001       |
|    loss                 | 0.0601      |
|    n_updates            | 320         |
|    policy_gradient_loss | -0.00317    |
|    value_loss           | 0.13        |
-----------------------------------------
-----------------------------------------
| rollout/                |             |
|    ep_len_mean          | 428         |
|    ep_rew_mean          | -5.47       |
| time/                   |             |
|    fps                  | 1875        |
|    iterations           | 34          |
|    time_elapsed         | 148         |
|    total_timesteps      | 278528      |
| train/                  |             |
|    approx_kl            | 0.006993016 |
|    clip_fraction        | 0.0769      |
|    clip_range           | 0.2         |
|    entropy_loss         | -1.45       |
|    explained_variance   | 0.995       |
|    learning_rate        | 0.001       |
|    loss                 | 0.0479      |
|    n_updates            | 330         |
|    policy_gradient_loss | -0.00307    |
|    value_loss           | 0.106       |
-----------------------------------------
Eval num_timesteps=280000, episode_reward=-22.50 +/- 0.00
Episode length: 341.20 +/- 25.78
-----------------------------------------
| eval/                   |             |
|    mean_ep_length       | 341         |
|    mean_reward          | -22.5       |
| time/                   |             |
|    total_timesteps      | 280000      |
| train/                  |             |
|    approx_kl            | 0.010864377 |
|    clip_fraction        | 0.0864      |
|    clip_range           | 0.2         |
|    entropy_loss         | -1.45       |
|    explained_variance   | 0.995       |
|    learning_rate        | 0.001       |
|    loss                 | 0.0563      |
|    n_updates            | 340         |
|    policy_gradient_loss | -0.00277    |
|    value_loss           | 0.12        |
-----------------------------------------
---------------------------------
| rollout/           |          |
|    ep_len_mean     | 435      |
|    ep_rew_mean     | -4.9     |
| time/              |          |
|    fps             | 1853     |
|    iterations      | 35       |
|    time_elapsed    | 154      |
|    total_timesteps | 286720   |
---------------------------------
-----------------------------------------
| rollout/                |             |
|    ep_len_mean          | 439         |
|    ep_rew_mean          | -4.4        |
| time/                   |             |
|    fps                  | 1864        |
|    iterations           | 36          |
|    time_elapsed         | 158         |
|    total_timesteps      | 294912      |
| train/                  |             |
|    approx_kl            | 0.007483661 |
|    clip_fraction        | 0.0723      |
|    clip_range           | 0.2         |
|    entropy_loss         | -1.45       |
|    explained_variance   | 0.995       |
|    learning_rate        | 0.001       |
|    loss                 | 0.0623      |
|    n_updates            | 350         |
|    policy_gradient_loss | -0.00377    |
|    value_loss           | 0.0989      |
-----------------------------------------
Eval num_timesteps=300000, episode_reward=-22.45 +/- 0.35
Episode length: 360.90 +/- 37.99
-----------------------------------------
| eval/                   |             |
|    mean_ep_length       | 361         |
|    mean_reward          | -22.4       |
| time/                   |             |
|    total_timesteps      | 300000      |
| train/                  |             |
|    approx_kl            | 0.010794961 |
|    clip_fraction        | 0.131       |
|    clip_range           | 0.2         |
|    entropy_loss         | -1.44       |
|    explained_variance   | 0.995       |
|    learning_rate        | 0.001       |
|    loss                 | 0.0159      |
|    n_updates            | 360         |
|    policy_gradient_loss | -0.00516    |
|    value_loss           | 0.108       |
-----------------------------------------
---------------------------------
| rollout/           |          |
|    ep_len_mean     | 443      |
|    ep_rew_mean     | -4.04    |
| time/              |          |
|    fps             | 1841     |
|    iterations      | 37       |
|    time_elapsed    | 164      |
|    total_timesteps | 303104   |
---------------------------------
-----------------------------------------
| rollout/                |             |
|    ep_len_mean          | 450         |
|    ep_rew_mean          | -3.71       |
| time/                   |             |
|    fps                  | 1850        |
|    iterations           | 38          |
|    time_elapsed         | 168         |
|    total_timesteps      | 311296      |
| train/                  |             |
|    approx_kl            | 0.010545233 |
|    clip_fraction        | 0.156       |
|    clip_range           | 0.2         |
|    entropy_loss         | -1.48       |
|    explained_variance   | 0.995       |
|    learning_rate        | 0.001       |
|    loss                 | 0.0321      |
|    n_updates            | 370         |
|    policy_gradient_loss | -0.00516    |
|    value_loss           | 0.097       |
-----------------------------------------
-----------------------------------------
| rollout/                |             |
|    ep_len_mean          | 458         |
|    ep_rew_mean          | -3.27       |
| time/                   |             |
|    fps                  | 1860        |
|    iterations           | 39          |
|    time_elapsed         | 171         |
|    total_timesteps      | 319488      |
| train/                  |             |
|    approx_kl            | 0.011696756 |
|    clip_fraction        | 0.129       |
|    clip_range           | 0.2         |
|    entropy_loss         | -1.5        |
|    explained_variance   | 0.993       |
|    learning_rate        | 0.001       |
|    loss                 | 0.0296      |
|    n_updates            | 380         |
|    policy_gradient_loss | -0.00553    |
|    value_loss           | 0.144       |
-----------------------------------------
Eval num_timesteps=320000, episode_reward=-22.30 +/- 0.40
Episode length: 350.90 +/- 20.10
------------------------------------------
| eval/                   |              |
|    mean_ep_length       | 351          |
|    mean_reward          | -22.3        |
| time/                   |              |
|    total_timesteps      | 320000       |
| train/                  |              |
|    approx_kl            | 0.0089401305 |
|    clip_fraction        | 0.112        |
|    clip_range           | 0.2          |
|    entropy_loss         | -1.46        |
|    explained_variance   | 0.988        |
|    learning_rate        | 0.001        |
|    loss                 | 0.0457       |
|    n_updates            | 390          |
|    policy_gradient_loss | -0.00732     |
|    value_loss           | 0.168        |
------------------------------------------
---------------------------------
| rollout/           |          |
|    ep_len_mean     | 471      |
|    ep_rew_mean     | -2.7     |
| time/              |          |
|    fps             | 1846     |
|    iterations      | 40       |
|    time_elapsed    | 177      |
|    total_timesteps | 327680   |
---------------------------------
-----------------------------------------
| rollout/                |             |
|    ep_len_mean          | 490         |
|    ep_rew_mean          | -1.94       |
| time/                   |             |
|    fps                  | 1857        |
|    iterations           | 41          |
|    time_elapsed         | 180         |
|    total_timesteps      | 335872      |
| train/                  |             |
|    approx_kl            | 0.012633778 |
|    clip_fraction        | 0.126       |
|    clip_range           | 0.2         |
|    entropy_loss         | -1.45       |
|    explained_variance   | 0.98        |
|    learning_rate        | 0.001       |
|    loss                 | 0.0778      |
|    n_updates            | 400         |
|    policy_gradient_loss | -0.00717    |
|    value_loss           | 0.204       |
-----------------------------------------
Eval num_timesteps=340000, episode_reward=-22.40 +/- 0.30
Episode length: 353.30 +/- 24.27
-----------------------------------------
| eval/                   |             |
|    mean_ep_length       | 353         |
|    mean_reward          | -22.4       |
| time/                   |             |
|    total_timesteps      | 340000      |
| train/                  |             |
|    approx_kl            | 0.017199958 |
|    clip_fraction        | 0.175       |
|    clip_range           | 0.2         |
|    entropy_loss         | -1.42       |
|    explained_variance   | 0.979       |
|    learning_rate        | 0.001       |
|    loss                 | 0.131       |
|    n_updates            | 410         |
|    policy_gradient_loss | -0.0148     |
|    value_loss           | 0.243       |
-----------------------------------------
---------------------------------
| rollout/           |          |
|    ep_len_mean     | 517      |
|    ep_rew_mean     | -0.981   |
| time/              |          |
|    fps             | 1844     |
|    iterations      | 42       |
|    time_elapsed    | 186      |
|    total_timesteps | 344064   |
---------------------------------
-----------------------------------------
| rollout/                |             |
|    ep_len_mean          | 550         |
|    ep_rew_mean          | 0.078       |
| time/                   |             |
|    fps                  | 1855        |
|    iterations           | 43          |
|    time_elapsed         | 189         |
|    total_timesteps      | 352256      |
| train/                  |             |
|    approx_kl            | 0.012866223 |
|    clip_fraction        | 0.132       |
|    clip_range           | 0.2         |
|    entropy_loss         | -1.36       |
|    explained_variance   | 0.964       |
|    learning_rate        | 0.001       |
|    loss                 | 0.1         |
|    n_updates            | 420         |
|    policy_gradient_loss | -0.00503    |
|    value_loss           | 0.44        |
-----------------------------------------
Eval num_timesteps=360000, episode_reward=-22.35 +/- 0.23
Episode length: 348.10 +/- 17.87
-----------------------------------------
| eval/                   |             |
|    mean_ep_length       | 348         |
|    mean_reward          | -22.4       |
| time/                   |             |
|    total_timesteps      | 360000      |
| train/                  |             |
|    approx_kl            | 0.013398066 |
|    clip_fraction        | 0.118       |
|    clip_range           | 0.2         |
|    entropy_loss         | -1.29       |
|    explained_variance   | 0.967       |
|    learning_rate        | 0.001       |
|    loss                 | 0.153       |
|    n_updates            | 430         |
|    policy_gradient_loss | -0.00529    |
|    value_loss           | 0.337       |
-----------------------------------------
---------------------------------
| rollout/           |          |
|    ep_len_mean     | 574      |
|    ep_rew_mean     | 0.827    |
| time/              |          |
|    fps             | 1843     |
|    iterations      | 44       |
|    time_elapsed    | 195      |
|    total_timesteps | 360448   |
---------------------------------
-----------------------------------------
| rollout/                |             |
|    ep_len_mean          | 611         |
|    ep_rew_mean          | 1.94        |
| time/                   |             |
|    fps                  | 1853        |
|    iterations           | 45          |
|    time_elapsed         | 198         |
|    total_timesteps      | 368640      |
| train/                  |             |
|    approx_kl            | 0.012283208 |
|    clip_fraction        | 0.117       |
|    clip_range           | 0.2         |
|    entropy_loss         | -1.25       |
|    explained_variance   | 0.973       |
|    learning_rate        | 0.001       |
|    loss                 | 0.0584      |
|    n_updates            | 440         |
|    policy_gradient_loss | -0.00536    |
|    value_loss           | 0.148       |
-----------------------------------------
-----------------------------------------
| rollout/                |             |
|    ep_len_mean          | 633         |
|    ep_rew_mean          | 2.6         |
| time/                   |             |
|    fps                  | 1863        |
|    iterations           | 46          |
|    time_elapsed         | 202         |
|    total_timesteps      | 376832      |
| train/                  |             |
|    approx_kl            | 0.009219462 |
|    clip_fraction        | 0.0953      |
|    clip_range           | 0.2         |
|    entropy_loss         | -1.18       |
|    explained_variance   | 0.968       |
|    learning_rate        | 0.001       |
|    loss                 | 0.101       |
|    n_updates            | 450         |
|    policy_gradient_loss | -0.00408    |
|    value_loss           | 0.244       |
-----------------------------------------
Eval num_timesteps=380000, episode_reward=-22.25 +/- 0.51
Episode length: 341.40 +/- 22.51
-----------------------------------------
| eval/                   |             |
|    mean_ep_length       | 341         |
|    mean_reward          | -22.2       |
| time/                   |             |
|    total_timesteps      | 380000      |
| train/                  |             |
|    approx_kl            | 0.008039691 |
|    clip_fraction        | 0.0794      |
|    clip_range           | 0.2         |
|    entropy_loss         | -1.2        |
|    explained_variance   | 0.981       |
|    learning_rate        | 0.001       |
|    loss                 | 0.0244      |
|    n_updates            | 460         |
|    policy_gradient_loss | -0.00349    |
|    value_loss           | 0.138       |
-----------------------------------------
---------------------------------
| rollout/           |          |
|    ep_len_mean     | 659      |
|    ep_rew_mean     | 3.44     |
| time/              |          |
|    fps             | 1848     |
|    iterations      | 47       |
|    time_elapsed    | 208      |
|    total_timesteps | 385024   |
---------------------------------
-----------------------------------------
| rollout/                |             |
|    ep_len_mean          | 677         |
|    ep_rew_mean          | 4.09        |
| time/                   |             |
|    fps                  | 1856        |
|    iterations           | 48          |
|    time_elapsed         | 211         |
|    total_timesteps      | 393216      |
| train/                  |             |
|    approx_kl            | 0.008992149 |
|    clip_fraction        | 0.125       |
|    clip_range           | 0.2         |
|    entropy_loss         | -1.27       |
|    explained_variance   | 0.977       |
|    learning_rate        | 0.001       |
|    loss                 | 0.0257      |
|    n_updates            | 470         |
|    policy_gradient_loss | -0.00533    |
|    value_loss           | 0.177       |
-----------------------------------------
Eval num_timesteps=400000, episode_reward=-22.55 +/- 0.57
Episode length: 342.60 +/- 24.02
-----------------------------------------
| eval/                   |             |
|    mean_ep_length       | 343         |
|    mean_reward          | -22.6       |
| time/                   |             |
|    total_timesteps      | 400000      |
| train/                  |             |
|    approx_kl            | 0.007967711 |
|    clip_fraction        | 0.0882      |
|    clip_range           | 0.2         |
|    entropy_loss         | -1.3        |
|    explained_variance   | 0.958       |
|    learning_rate        | 0.001       |
|    loss                 | 0.325       |
|    n_updates            | 480         |
|    policy_gradient_loss | -0.00205    |
|    value_loss           | 0.378       |
-----------------------------------------
---------------------------------
| rollout/           |          |
|    ep_len_mean     | 690      |
|    ep_rew_mean     | 4.54     |
| time/              |          |
|    fps             | 1843     |
|    iterations      | 49       |
|    time_elapsed    | 217      |
|    total_timesteps | 401408   |
---------------------------------
------------------------------------------
| rollout/                |              |
|    ep_len_mean          | 701          |
|    ep_rew_mean          | 4.97         |
| time/                   |              |
|    fps                  | 1851         |
|    iterations           | 50           |
|    time_elapsed         | 221          |
|    total_timesteps      | 409600       |
| train/                  |              |
|    approx_kl            | 0.0059558926 |
|    clip_fraction        | 0.0695       |
|    clip_range           | 0.2          |
|    entropy_loss         | -1.42        |
|    explained_variance   | 0.949        |
|    learning_rate        | 0.001        |
|    loss                 | 0.399        |
|    n_updates            | 490          |
|    policy_gradient_loss | -0.00108     |
|    value_loss           | 0.516        |
------------------------------------------
---------------------------------------
| rollout/                |           |
|    ep_len_mean          | 717       |
|    ep_rew_mean          | 6.06      |
| time/                   |           |
|    fps                  | 1860      |
|    iterations           | 51        |
|    time_elapsed         | 224       |
|    total_timesteps      | 417792    |
| train/                  |           |
|    approx_kl            | 0.0071852 |
|    clip_fraction        | 0.0827    |
|    clip_range           | 0.2       |
|    entropy_loss         | -1.33     |
|    explained_variance   | 0.942     |
|    learning_rate        | 0.001     |
|    loss                 | 0.139     |
|    n_updates            | 500       |
|    policy_gradient_loss | -0.00583  |
|    value_loss           | 0.481     |
---------------------------------------
Eval num_timesteps=420000, episode_reward=-22.60 +/- 0.37
Episode length: 353.50 +/- 18.21
-----------------------------------------
| eval/                   |             |
|    mean_ep_length       | 354         |
|    mean_reward          | -22.6       |
| time/                   |             |
|    total_timesteps      | 420000      |
| train/                  |             |
|    approx_kl            | 0.008370296 |
|    clip_fraction        | 0.0954      |
|    clip_range           | 0.2         |
|    entropy_loss         | -1.31       |
|    explained_variance   | 0.971       |
|    learning_rate        | 0.001       |
|    loss                 | 0.172       |
|    n_updates            | 510         |
|    policy_gradient_loss | -0.00437    |
|    value_loss           | 0.288       |
-----------------------------------------
---------------------------------
| rollout/           |          |
|    ep_len_mean     | 723      |
|    ep_rew_mean     | 6.61     |
| time/              |          |
|    fps             | 1851     |
|    iterations      | 52       |
|    time_elapsed    | 230      |
|    total_timesteps | 425984   |
---------------------------------
-----------------------------------------
| rollout/                |             |
|    ep_len_mean          | 725         |
|    ep_rew_mean          | 6.99        |
| time/                   |             |
|    fps                  | 1858        |
|    iterations           | 53          |
|    time_elapsed         | 233         |
|    total_timesteps      | 434176      |
| train/                  |             |
|    approx_kl            | 0.008063774 |
|    clip_fraction        | 0.0866      |
|    clip_range           | 0.2         |
|    entropy_loss         | -1.38       |
|    explained_variance   | 0.925       |
|    learning_rate        | 0.001       |
|    loss                 | 0.318       |
|    n_updates            | 520         |
|    policy_gradient_loss | -0.00356    |
|    value_loss           | 0.639       |
-----------------------------------------
Eval num_timesteps=440000, episode_reward=-22.45 +/- 0.15
Episode length: 335.40 +/- 16.94
-----------------------------------------
| eval/                   |             |
|    mean_ep_length       | 335         |
|    mean_reward          | -22.4       |
| time/                   |             |
|    total_timesteps      | 440000      |
| train/                  |             |
|    approx_kl            | 0.009737961 |
|    clip_fraction        | 0.105       |
|    clip_range           | 0.2         |
|    entropy_loss         | -1.34       |
|    explained_variance   | 0.95        |
|    learning_rate        | 0.001       |
|    loss                 | 0.0779      |
|    n_updates            | 530         |
|    policy_gradient_loss | -0.00547    |
|    value_loss           | 0.442       |
-----------------------------------------
---------------------------------
| rollout/           |          |
|    ep_len_mean     | 716      |
|    ep_rew_mean     | 6.68     |
| time/              |          |
|    fps             | 1850     |
|    iterations      | 54       |
|    time_elapsed    | 239      |
|    total_timesteps | 442368   |
---------------------------------
-----------------------------------------
| rollout/                |             |
|    ep_len_mean          | 721         |
|    ep_rew_mean          | 7.13        |
| time/                   |             |
|    fps                  | 1858        |
|    iterations           | 55          |
|    time_elapsed         | 242         |
|    total_timesteps      | 450560      |
| train/                  |             |
|    approx_kl            | 0.009094357 |
|    clip_fraction        | 0.0923      |
|    clip_range           | 0.2         |
|    entropy_loss         | -1.26       |
|    explained_variance   | 0.938       |
|    learning_rate        | 0.001       |
|    loss                 | 0.132       |
|    n_updates            | 540         |
|    policy_gradient_loss | -0.0037     |
|    value_loss           | 0.499       |
-----------------------------------------
-----------------------------------------
| rollout/                |             |
|    ep_len_mean          | 738         |
|    ep_rew_mean          | 8.06        |
| time/                   |             |
|    fps                  | 1867        |
|    iterations           | 56          |
|    time_elapsed         | 245         |
|    total_timesteps      | 458752      |
| train/                  |             |
|    approx_kl            | 0.009439937 |
|    clip_fraction        | 0.115       |
|    clip_range           | 0.2         |
|    entropy_loss         | -1.2        |
|    explained_variance   | 0.957       |
|    learning_rate        | 0.001       |
|    loss                 | 0.192       |
|    n_updates            | 550         |
|    policy_gradient_loss | -0.00523    |
|    value_loss           | 0.318       |
-----------------------------------------
Eval num_timesteps=460000, episode_reward=-22.45 +/- 0.27
Episode length: 345.00 +/- 27.40
------------------------------------------
| eval/                   |              |
|    mean_ep_length       | 345          |
|    mean_reward          | -22.4        |
| time/                   |              |
|    total_timesteps      | 460000       |
| train/                  |              |
|    approx_kl            | 0.0070582936 |
|    clip_fraction        | 0.0978       |
|    clip_range           | 0.2          |
|    entropy_loss         | -1.18        |
|    explained_variance   | 0.973        |
|    learning_rate        | 0.001        |
|    loss                 | 0.0793       |
|    n_updates            | 560          |
|    policy_gradient_loss | -0.00461     |
|    value_loss           | 0.216        |
------------------------------------------
---------------------------------
| rollout/           |          |
|    ep_len_mean     | 750      |
|    ep_rew_mean     | 8.83     |
| time/              |          |
|    fps             | 1860     |
|    iterations      | 57       |
|    time_elapsed    | 251      |
|    total_timesteps | 466944   |
---------------------------------
-----------------------------------------
| rollout/                |             |
|    ep_len_mean          | 764         |
|    ep_rew_mean          | 9.87        |
| time/                   |             |
|    fps                  | 1869        |
|    iterations           | 58          |
|    time_elapsed         | 254         |
|    total_timesteps      | 475136      |
| train/                  |             |
|    approx_kl            | 0.013679806 |
|    clip_fraction        | 0.121       |
|    clip_range           | 0.2         |
|    entropy_loss         | -1.17       |
|    explained_variance   | 0.966       |
|    learning_rate        | 0.001       |
|    loss                 | 0.111       |
|    n_updates            | 570         |
|    policy_gradient_loss | -0.00478    |
|    value_loss           | 0.211       |
-----------------------------------------
Eval num_timesteps=480000, episode_reward=-22.75 +/- 0.25
Episode length: 399.60 +/- 105.90
------------------------------------------
| eval/                   |              |
|    mean_ep_length       | 400          |
|    mean_reward          | -22.8        |
| time/                   |              |
|    total_timesteps      | 480000       |
| train/                  |              |
|    approx_kl            | 0.0075283293 |
|    clip_fraction        | 0.0643       |
|    clip_range           | 0.2          |
|    entropy_loss         | -1.13        |
|    explained_variance   | 0.965        |
|    learning_rate        | 0.001        |
|    loss                 | 0.187        |
|    n_updates            | 580          |
|    policy_gradient_loss | -0.00306     |
|    value_loss           | 0.4          |
------------------------------------------
---------------------------------
| rollout/           |          |
|    ep_len_mean     | 778      |
|    ep_rew_mean     | 10.9     |
| time/              |          |
|    fps             | 1858     |
|    iterations      | 59       |
|    time_elapsed    | 260      |
|    total_timesteps | 483328   |
---------------------------------
-----------------------------------------
| rollout/                |             |
|    ep_len_mean          | 780         |
|    ep_rew_mean          | 11.3        |
| time/                   |             |
|    fps                  | 1863        |
|    iterations           | 60          |
|    time_elapsed         | 263         |
|    total_timesteps      | 491520      |
| train/                  |             |
|    approx_kl            | 0.007649063 |
|    clip_fraction        | 0.106       |
|    clip_range           | 0.2         |
|    entropy_loss         | -1.16       |
|    explained_variance   | 0.97        |
|    learning_rate        | 0.001       |
|    loss                 | 0.201       |
|    n_updates            | 590         |
|    policy_gradient_loss | -0.00466    |
|    value_loss           | 0.279       |
-----------------------------------------
------------------------------------------
| rollout/                |              |
|    ep_len_mean          | 789          |
|    ep_rew_mean          | 12           |
| time/                   |              |
|    fps                  | 1867         |
|    iterations           | 61           |
|    time_elapsed         | 267          |
|    total_timesteps      | 499712       |
| train/                  |              |
|    approx_kl            | 0.0069554187 |
|    clip_fraction        | 0.0811       |
|    clip_range           | 0.2          |
|    entropy_loss         | -1.19        |
|    explained_variance   | 0.961        |
|    learning_rate        | 0.001        |
|    loss                 | 0.0602       |
|    n_updates            | 600          |
|    policy_gradient_loss | -0.00401     |
|    value_loss           | 0.352        |
------------------------------------------
Eval num_timesteps=500000, episode_reward=-22.60 +/- 0.20
Episode length: 334.90 +/- 21.56
-----------------------------------------
| eval/                   |             |
|    mean_ep_length       | 335         |
|    mean_reward          | -22.6       |
| time/                   |             |
|    total_timesteps      | 500000      |
| train/                  |             |
|    approx_kl            | 0.009341249 |
|    clip_fraction        | 0.0962      |
|    clip_range           | 0.2         |
|    entropy_loss         | -1.11       |
|    explained_variance   | 0.969       |
|    learning_rate        | 0.001       |
|    loss                 | 0.152       |
|    n_updates            | 610         |
|    policy_gradient_loss | -0.00382    |
|    value_loss           | 0.258       |
-----------------------------------------
---------------------------------
| rollout/           |          |
|    ep_len_mean     | 800      |
|    ep_rew_mean     | 12.8     |
| time/              |          |
|    fps             | 1859     |
|    iterations      | 62       |
|    time_elapsed    | 273      |
|    total_timesteps | 507904   |
---------------------------------
-----------------------------------------
| rollout/                |             |
|    ep_len_mean          | 829         |
|    ep_rew_mean          | 14.5        |
| time/                   |             |
|    fps                  | 1865        |
|    iterations           | 63          |
|    time_elapsed         | 276         |
|    total_timesteps      | 516096      |
| train/                  |             |
|    approx_kl            | 0.011390606 |
|    clip_fraction        | 0.091       |
|    clip_range           | 0.2         |
|    entropy_loss         | -1.17       |
|    explained_variance   | 0.956       |
|    learning_rate        | 0.001       |
|    loss                 | 0.115       |
|    n_updates            | 620         |
|    policy_gradient_loss | -0.00568    |
|    value_loss           | 0.481       |
-----------------------------------------
Eval num_timesteps=520000, episode_reward=-22.40 +/- 0.30
Episode length: 347.40 +/- 20.54
-----------------------------------------
| eval/                   |             |
|    mean_ep_length       | 347         |
|    mean_reward          | -22.4       |
| time/                   |             |
|    total_timesteps      | 520000      |
| train/                  |             |
|    approx_kl            | 0.007823811 |
|    clip_fraction        | 0.115       |
|    clip_range           | 0.2         |
|    entropy_loss         | -1.16       |
|    explained_variance   | 0.97        |
|    learning_rate        | 0.001       |
|    loss                 | 0.0506      |
|    n_updates            | 630         |
|    policy_gradient_loss | -0.00452    |
|    value_loss           | 0.204       |
-----------------------------------------
---------------------------------
| rollout/           |          |
|    ep_len_mean     | 854      |
|    ep_rew_mean     | 16.3     |
| time/              |          |
|    fps             | 1855     |
|    iterations      | 64       |
|    time_elapsed    | 282      |
|    total_timesteps | 524288   |
---------------------------------
-----------------------------------------
| rollout/                |             |
|    ep_len_mean          | 874         |
|    ep_rew_mean          | 17.5        |
| time/                   |             |
|    fps                  | 1861        |
|    iterations           | 65          |
|    time_elapsed         | 286         |
|    total_timesteps      | 532480      |
| train/                  |             |
|    approx_kl            | 0.009016914 |
|    clip_fraction        | 0.103       |
|    clip_range           | 0.2         |
|    entropy_loss         | -1.13       |
|    explained_variance   | 0.964       |
|    learning_rate        | 0.001       |
|    loss                 | 0.0692      |
|    n_updates            | 640         |
|    policy_gradient_loss | -0.00383    |
|    value_loss           | 0.33        |
-----------------------------------------
Eval num_timesteps=540000, episode_reward=-22.40 +/- 0.30
Episode length: 391.30 +/- 98.57
------------------------------------------
| eval/                   |              |
|    mean_ep_length       | 391          |
|    mean_reward          | -22.4        |
| time/                   |              |
|    total_timesteps      | 540000       |
| train/                  |              |
|    approx_kl            | 0.0102769835 |
|    clip_fraction        | 0.0964       |
|    clip_range           | 0.2          |
|    entropy_loss         | -1.15        |
|    explained_variance   | 0.954        |
|    learning_rate        | 0.001        |
|    loss                 | 0.0626       |
|    n_updates            | 650          |
|    policy_gradient_loss | -0.00239     |
|    value_loss           | 0.302        |
------------------------------------------
---------------------------------
| rollout/           |          |
|    ep_len_mean     | 880      |
|    ep_rew_mean     | 17.7     |
| time/              |          |
|    fps             | 1851     |
|    iterations      | 66       |
|    time_elapsed    | 291      |
|    total_timesteps | 540672   |
---------------------------------
-----------------------------------------
| rollout/                |             |
|    ep_len_mean          | 877         |
|    ep_rew_mean          | 17.2        |
| time/                   |             |
|    fps                  | 1857        |
|    iterations           | 67          |
|    time_elapsed         | 295         |
|    total_timesteps      | 548864      |
| train/                  |             |
|    approx_kl            | 0.007981295 |
|    clip_fraction        | 0.092       |
|    clip_range           | 0.2         |
|    entropy_loss         | -1.13       |
|    explained_variance   | 0.913       |
|    learning_rate        | 0.001       |
|    loss                 | 0.311       |
|    n_updates            | 660         |
|    policy_gradient_loss | -0.00299    |
|    value_loss           | 0.428       |
-----------------------------------------
-----------------------------------------
| rollout/                |             |
|    ep_len_mean          | 874         |
|    ep_rew_mean          | 16.8        |
| time/                   |             |
|    fps                  | 1862        |
|    iterations           | 68          |
|    time_elapsed         | 299         |
|    total_timesteps      | 557056      |
| train/                  |             |
|    approx_kl            | 0.009797716 |
|    clip_fraction        | 0.11        |
|    clip_range           | 0.2         |
|    entropy_loss         | -1.1        |
|    explained_variance   | 0.923       |
|    learning_rate        | 0.001       |
|    loss                 | 0.142       |
|    n_updates            | 670         |
|    policy_gradient_loss | -0.00485    |
|    value_loss           | 0.483       |
-----------------------------------------
Eval num_timesteps=560000, episode_reward=-22.45 +/- 0.15
Episode length: 347.20 +/- 24.26
-----------------------------------------
| eval/                   |             |
|    mean_ep_length       | 347         |
|    mean_reward          | -22.4       |
| time/                   |             |
|    total_timesteps      | 560000      |
| train/                  |             |
|    approx_kl            | 0.006926491 |
|    clip_fraction        | 0.0884      |
|    clip_range           | 0.2         |
|    entropy_loss         | -1.08       |
|    explained_variance   | 0.966       |
|    learning_rate        | 0.001       |
|    loss                 | 0.0699      |
|    n_updates            | 680         |
|    policy_gradient_loss | -0.00285    |
|    value_loss           | 0.264       |
-----------------------------------------
---------------------------------
| rollout/           |          |
|    ep_len_mean     | 867      |
|    ep_rew_mean     | 16.4     |
| time/              |          |
|    fps             | 1854     |
|    iterations      | 69       |
|    time_elapsed    | 304      |
|    total_timesteps | 565248   |
---------------------------------
----------------------------------------
| rollout/                |            |
|    ep_len_mean          | 875        |
|    ep_rew_mean          | 16.5       |
| time/                   |            |
|    fps                  | 1858       |
|    iterations           | 70         |
|    time_elapsed         | 308        |
|    total_timesteps      | 573440     |
| train/                  |            |
|    approx_kl            | 0.00647921 |
|    clip_fraction        | 0.0686     |
|    clip_range           | 0.2        |
|    entropy_loss         | -1.07      |
|    explained_variance   | 0.946      |
|    learning_rate        | 0.001      |
|    loss                 | 0.189      |
|    n_updates            | 690        |
|    policy_gradient_loss | -0.00355   |
|    value_loss           | 0.58       |
----------------------------------------
Eval num_timesteps=580000, episode_reward=-22.35 +/- 0.32
Episode length: 339.50 +/- 23.77
-----------------------------------------
| eval/                   |             |
|    mean_ep_length       | 340         |
|    mean_reward          | -22.4       |
| time/                   |             |
|    total_timesteps      | 580000      |
| train/                  |             |
|    approx_kl            | 0.008554439 |
|    clip_fraction        | 0.0777      |
|    clip_range           | 0.2         |
|    entropy_loss         | -1.05       |
|    explained_variance   | 0.953       |
|    learning_rate        | 0.001       |
|    loss                 | 0.148       |
|    n_updates            | 700         |
|    policy_gradient_loss | -0.00304    |
|    value_loss           | 0.447       |
-----------------------------------------
---------------------------------
| rollout/           |          |
|    ep_len_mean     | 868      |
|    ep_rew_mean     | 15.8     |
| time/              |          |
|    fps             | 1849     |
|    iterations      | 71       |
|    time_elapsed    | 314      |
|    total_timesteps | 581632   |
---------------------------------
-----------------------------------------
| rollout/                |             |
|    ep_len_mean          | 863         |
|    ep_rew_mean          | 15.3        |
| time/                   |             |
|    fps                  | 1856        |
|    iterations           | 72          |
|    time_elapsed         | 317         |
|    total_timesteps      | 589824      |
| train/                  |             |
|    approx_kl            | 0.011511746 |
|    clip_fraction        | 0.0973      |
|    clip_range           | 0.2         |
|    entropy_loss         | -1.06       |
|    explained_variance   | 0.963       |
|    learning_rate        | 0.001       |
|    loss                 | 0.132       |
|    n_updates            | 710         |
|    policy_gradient_loss | -0.00628    |
|    value_loss           | 0.344       |
-----------------------------------------
-----------------------------------------
| rollout/                |             |
|    ep_len_mean          | 855         |
|    ep_rew_mean          | 14.1        |
| time/                   |             |
|    fps                  | 1863        |
|    iterations           | 73          |
|    time_elapsed         | 320         |
|    total_timesteps      | 598016      |
| train/                  |             |
|    approx_kl            | 0.010196527 |
|    clip_fraction        | 0.103       |
|    clip_range           | 0.2         |
|    entropy_loss         | -1.1        |
|    explained_variance   | 0.946       |
|    learning_rate        | 0.001       |
|    loss                 | 0.232       |
|    n_updates            | 720         |
|    policy_gradient_loss | -0.00769    |
|    value_loss           | 0.516       |
-----------------------------------------
Eval num_timesteps=600000, episode_reward=-22.45 +/- 0.15
Episode length: 324.30 +/- 20.39
-----------------------------------------
| eval/                   |             |
|    mean_ep_length       | 324         |
|    mean_reward          | -22.4       |
| time/                   |             |
|    total_timesteps      | 600000      |
| train/                  |             |
|    approx_kl            | 0.008819177 |
|    clip_fraction        | 0.0939      |
|    clip_range           | 0.2         |
|    entropy_loss         | -1.1        |
|    explained_variance   | 0.941       |
|    learning_rate        | 0.001       |
|    loss                 | 0.183       |
|    n_updates            | 730         |
|    policy_gradient_loss | -0.00558    |
|    value_loss           | 0.484       |
-----------------------------------------
---------------------------------
| rollout/           |          |
|    ep_len_mean     | 855      |
|    ep_rew_mean     | 13.3     |
| time/              |          |
|    fps             | 1857     |
|    iterations      | 74       |
|    time_elapsed    | 326      |
|    total_timesteps | 606208   |
---------------------------------
-----------------------------------------
| rollout/                |             |
|    ep_len_mean          | 845         |
|    ep_rew_mean          | 12.4        |
| time/                   |             |
|    fps                  | 1864        |
|    iterations           | 75          |
|    time_elapsed         | 329         |
|    total_timesteps      | 614400      |
| train/                  |             |
|    approx_kl            | 0.013750253 |
|    clip_fraction        | 0.123       |
|    clip_range           | 0.2         |
|    entropy_loss         | -1.16       |
|    explained_variance   | 0.948       |
|    learning_rate        | 0.001       |
|    loss                 | 0.0984      |
|    n_updates            | 740         |
|    policy_gradient_loss | -0.00513    |
|    value_loss           | 0.443       |
-----------------------------------------
Eval num_timesteps=620000, episode_reward=-22.10 +/- 0.49
Episode length: 386.20 +/- 26.71
-----------------------------------------
| eval/                   |             |
|    mean_ep_length       | 386         |
|    mean_reward          | -22.1       |
| time/                   |             |
|    total_timesteps      | 620000      |
| train/                  |             |
|    approx_kl            | 0.009275229 |
|    clip_fraction        | 0.105       |
|    clip_range           | 0.2         |
|    entropy_loss         | -1.14       |
|    explained_variance   | 0.928       |
|    learning_rate        | 0.001       |
|    loss                 | 0.168       |
|    n_updates            | 750         |
|    policy_gradient_loss | -0.00801    |
|    value_loss           | 0.583       |
-----------------------------------------
---------------------------------
| rollout/           |          |
|    ep_len_mean     | 856      |
|    ep_rew_mean     | 12.8     |
| time/              |          |
|    fps             | 1856     |
|    iterations      | 76       |
|    time_elapsed    | 335      |
|    total_timesteps | 622592   |
---------------------------------
-----------------------------------------
| rollout/                |             |
|    ep_len_mean          | 862         |
|    ep_rew_mean          | 13.1        |
| time/                   |             |
|    fps                  | 1862        |
|    iterations           | 77          |
|    time_elapsed         | 338         |
|    total_timesteps      | 630784      |
| train/                  |             |
|    approx_kl            | 0.011448126 |
|    clip_fraction        | 0.1         |
|    clip_range           | 0.2         |
|    entropy_loss         | -1.1        |
|    explained_variance   | 0.906       |
|    learning_rate        | 0.001       |
|    loss                 | 0.116       |
|    n_updates            | 760         |
|    policy_gradient_loss | -0.00476    |
|    value_loss           | 0.596       |
-----------------------------------------
-----------------------------------------
| rollout/                |             |
|    ep_len_mean          | 890         |
|    ep_rew_mean          | 14.5        |
| time/                   |             |
|    fps                  | 1868        |
|    iterations           | 78          |
|    time_elapsed         | 341         |
|    total_timesteps      | 638976      |
| train/                  |             |
|    approx_kl            | 0.010705331 |
|    clip_fraction        | 0.113       |
|    clip_range           | 0.2         |
|    entropy_loss         | -1.03       |
|    explained_variance   | 0.878       |
|    learning_rate        | 0.001       |
|    loss                 | 0.111       |
|    n_updates            | 770         |
|    policy_gradient_loss | -0.00471    |
|    value_loss           | 0.461       |
-----------------------------------------
Eval num_timesteps=640000, episode_reward=-22.35 +/- 0.32
Episode length: 367.10 +/- 30.85
-----------------------------------------
| eval/                   |             |
|    mean_ep_length       | 367         |
|    mean_reward          | -22.4       |
| time/                   |             |
|    total_timesteps      | 640000      |
| train/                  |             |
|    approx_kl            | 0.011150232 |
|    clip_fraction        | 0.106       |
|    clip_range           | 0.2         |
|    entropy_loss         | -1.01       |
|    explained_variance   | 0.893       |
|    learning_rate        | 0.001       |
|    loss                 | 0.163       |
|    n_updates            | 780         |
|    policy_gradient_loss | -0.00453    |
|    value_loss           | 0.386       |
-----------------------------------------
---------------------------------
| rollout/           |          |
|    ep_len_mean     | 907      |
|    ep_rew_mean     | 15.2     |
| time/              |          |
|    fps             | 1860     |
|    iterations      | 79       |
|    time_elapsed    | 347      |
|    total_timesteps | 647168   |
---------------------------------
-----------------------------------------
| rollout/                |             |
|    ep_len_mean          | 979         |
|    ep_rew_mean          | 18.7        |
| time/                   |             |
|    fps                  | 1867        |
|    iterations           | 80          |
|    time_elapsed         | 351         |
|    total_timesteps      | 655360      |
| train/                  |             |
|    approx_kl            | 0.017199323 |
|    clip_fraction        | 0.11        |
|    clip_range           | 0.2         |
|    entropy_loss         | -0.96       |
|    explained_variance   | 0.876       |
|    learning_rate        | 0.001       |
|    loss                 | 0.058       |
|    n_updates            | 790         |
|    policy_gradient_loss | -0.00721    |
|    value_loss           | 0.151       |
-----------------------------------------
Eval num_timesteps=660000, episode_reward=-22.35 +/- 0.23
Episode length: 340.50 +/- 15.79
------------------------------------------
| eval/                   |              |
|    mean_ep_length       | 340          |
|    mean_reward          | -22.4        |
| time/                   |              |
|    total_timesteps      | 660000       |
| train/                  |              |
|    approx_kl            | 0.0117721865 |
|    clip_fraction        | 0.108        |
|    clip_range           | 0.2          |
|    entropy_loss         | -0.985       |
|    explained_variance   | 0.851        |
|    learning_rate        | 0.001        |
|    loss                 | 0.0301       |
|    n_updates            | 800          |
|    policy_gradient_loss | -0.00662     |
|    value_loss           | 0.095        |
------------------------------------------
---------------------------------
| rollout/           |          |
|    ep_len_mean     | 1.03e+03 |
|    ep_rew_mean     | 20.6     |
| time/              |          |
|    fps             | 1860     |
|    iterations      | 81       |
|    time_elapsed    | 356      |
|    total_timesteps | 663552   |
---------------------------------
-----------------------------------------
| rollout/                |             |
|    ep_len_mean          | 1.05e+03    |
|    ep_rew_mean          | 21.5        |
| time/                   |             |
|    fps                  | 1865        |
|    iterations           | 82          |
|    time_elapsed         | 360         |
|    total_timesteps      | 671744      |
| train/                  |             |
|    approx_kl            | 0.012288539 |
|    clip_fraction        | 0.116       |
|    clip_range           | 0.2         |
|    entropy_loss         | -1          |
|    explained_variance   | 0.925       |
|    learning_rate        | 0.001       |
|    loss                 | 0.00786     |
|    n_updates            | 810         |
|    policy_gradient_loss | -0.0084     |
|    value_loss           | 0.16        |
-----------------------------------------
-----------------------------------------
| rollout/                |             |
|    ep_len_mean          | 1.12e+03    |
|    ep_rew_mean          | 23.1        |
| time/                   |             |
|    fps                  | 1870        |
|    iterations           | 83          |
|    time_elapsed         | 363         |
|    total_timesteps      | 679936      |
| train/                  |             |
|    approx_kl            | 0.015107524 |
|    clip_fraction        | 0.11        |
|    clip_range           | 0.2         |
|    entropy_loss         | -1.03       |
|    explained_variance   | 0.925       |
|    learning_rate        | 0.001       |
|    loss                 | 0.0152      |
|    n_updates            | 820         |
|    policy_gradient_loss | -0.00575    |
|    value_loss           | 0.0891      |
-----------------------------------------
Eval num_timesteps=680000, episode_reward=-22.50 +/- 0.50
Episode length: 670.70 +/- 87.54
----------------------------------------
| eval/                   |            |
|    mean_ep_length       | 671        |
|    mean_reward          | -22.5      |
| time/                   |            |
|    total_timesteps      | 680000     |
| train/                  |            |
|    approx_kl            | 0.01589882 |
|    clip_fraction        | 0.109      |
|    clip_range           | 0.2        |
|    entropy_loss         | -1.09      |
|    explained_variance   | 0.896      |
|    learning_rate        | 0.001      |
|    loss                 | 0.0246     |
|    n_updates            | 830        |
|    policy_gradient_loss | -0.00607   |
|    value_loss           | 0.244      |
----------------------------------------
---------------------------------
| rollout/           |          |
|    ep_len_mean     | 1.13e+03 |
|    ep_rew_mean     | 23.4     |
| time/              |          |
|    fps             | 1853     |
|    iterations      | 84       |
|    time_elapsed    | 371      |
|    total_timesteps | 688128   |
---------------------------------
-----------------------------------------
| rollout/                |             |
|    ep_len_mean          | 1.19e+03    |
|    ep_rew_mean          | 25.2        |
| time/                   |             |
|    fps                  | 1858        |
|    iterations           | 85          |
|    time_elapsed         | 374         |
|    total_timesteps      | 696320      |
| train/                  |             |
|    approx_kl            | 0.013448491 |
|    clip_fraction        | 0.132       |
|    clip_range           | 0.2         |
|    entropy_loss         | -1.1        |
|    explained_variance   | 0.919       |
|    learning_rate        | 0.001       |
|    loss                 | 0.00304     |
|    n_updates            | 840         |
|    policy_gradient_loss | -0.00948    |
|    value_loss           | 0.0727      |
-----------------------------------------
Eval num_timesteps=700000, episode_reward=-22.35 +/- 0.23
Episode length: 981.90 +/- 66.09
-----------------------------------------
| eval/                   |             |
|    mean_ep_length       | 982         |
|    mean_reward          | -22.4       |
| time/                   |             |
|    total_timesteps      | 700000      |
| train/                  |             |
|    approx_kl            | 0.010838436 |
|    clip_fraction        | 0.131       |
|    clip_range           | 0.2         |
|    entropy_loss         | -1.06       |
|    explained_variance   | 0.953       |
|    learning_rate        | 0.001       |
|    loss                 | 0.00396     |
|    n_updates            | 850         |
|    policy_gradient_loss | -0.00954    |
|    value_loss           | 0.0352      |
-----------------------------------------
---------------------------------
| rollout/           |          |
|    ep_len_mean     | 1.22e+03 |
|    ep_rew_mean     | 26.2     |
| time/              |          |
|    fps             | 1831     |
|    iterations      | 86       |
|    time_elapsed    | 384      |
|    total_timesteps | 704512   |
---------------------------------
-----------------------------------------
| rollout/                |             |
|    ep_len_mean          | 1.27e+03    |
|    ep_rew_mean          | 28.1        |
| time/                   |             |
|    fps                  | 1837        |
|    iterations           | 87          |
|    time_elapsed         | 387         |
|    total_timesteps      | 712704      |
| train/                  |             |
|    approx_kl            | 0.010005018 |
|    clip_fraction        | 0.109       |
|    clip_range           | 0.2         |
|    entropy_loss         | -1.05       |
|    explained_variance   | 0.902       |
|    learning_rate        | 0.001       |
|    loss                 | 0.0229      |
|    n_updates            | 860         |
|    policy_gradient_loss | -0.00951    |
|    value_loss           | 0.0431      |
-----------------------------------------
Eval num_timesteps=720000, episode_reward=-22.80 +/- 0.33
Episode length: 736.80 +/- 310.32
-----------------------------------------
| eval/                   |             |
|    mean_ep_length       | 737         |
|    mean_reward          | -22.8       |
| time/                   |             |
|    total_timesteps      | 720000      |
| train/                  |             |
|    approx_kl            | 0.010519536 |
|    clip_fraction        | 0.11        |
|    clip_range           | 0.2         |
|    entropy_loss         | -1.04       |
|    explained_variance   | 0.978       |
|    learning_rate        | 0.001       |
|    loss                 | -0.0184     |
|    n_updates            | 870         |
|    policy_gradient_loss | -0.00775    |
|    value_loss           | 0.0184      |
-----------------------------------------
---------------------------------
| rollout/           |          |
|    ep_len_mean     | 1.31e+03 |
|    ep_rew_mean     | 29.6     |
| time/              |          |
|    fps             | 1821     |
|    iterations      | 88       |
|    time_elapsed    | 395      |
|    total_timesteps | 720896   |
---------------------------------
-----------------------------------------
| rollout/                |             |
|    ep_len_mean          | 1.35e+03    |
|    ep_rew_mean          | 30.7        |
| time/                   |             |
|    fps                  | 1826        |
|    iterations           | 89          |
|    time_elapsed         | 399         |
|    total_timesteps      | 729088      |
| train/                  |             |
|    approx_kl            | 0.012699176 |
|    clip_fraction        | 0.108       |
|    clip_range           | 0.2         |
|    entropy_loss         | -1.04       |
|    explained_variance   | 0.972       |
|    learning_rate        | 0.001       |
|    loss                 | 0.00637     |
|    n_updates            | 880         |
|    policy_gradient_loss | -0.00723    |
|    value_loss           | 0.0266      |
-----------------------------------------
-----------------------------------------
| rollout/                |             |
|    ep_len_mean          | 1.4e+03     |
|    ep_rew_mean          | 32.6        |
| time/                   |             |
|    fps                  | 1831        |
|    iterations           | 90          |
|    time_elapsed         | 402         |
|    total_timesteps      | 737280      |
| train/                  |             |
|    approx_kl            | 0.009424009 |
|    clip_fraction        | 0.116       |
|    clip_range           | 0.2         |
|    entropy_loss         | -1.04       |
|    explained_variance   | 0.965       |
|    learning_rate        | 0.001       |
|    loss                 | 0.00549     |
|    n_updates            | 890         |
|    policy_gradient_loss | -0.00707    |
|    value_loss           | 0.0608      |
-----------------------------------------
Eval num_timesteps=740000, episode_reward=-22.10 +/- 0.44
Episode length: 425.50 +/- 43.13
-----------------------------------------
| eval/                   |             |
|    mean_ep_length       | 426         |
|    mean_reward          | -22.1       |
| time/                   |             |
|    total_timesteps      | 740000      |
| train/                  |             |
|    approx_kl            | 0.009599561 |
|    clip_fraction        | 0.121       |
|    clip_range           | 0.2         |
|    entropy_loss         | -1.08       |
|    explained_variance   | 0.953       |
|    learning_rate        | 0.001       |
|    loss                 | 0.00175     |
|    n_updates            | 900         |
|    policy_gradient_loss | -0.0056     |
|    value_loss           | 0.0565      |
-----------------------------------------
---------------------------------
| rollout/           |          |
|    ep_len_mean     | 1.43e+03 |
|    ep_rew_mean     | 33.7     |
| time/              |          |
|    fps             | 1822     |
|    iterations      | 91       |
|    time_elapsed    | 408      |
|    total_timesteps | 745472   |
---------------------------------
-----------------------------------------
| rollout/                |             |
|    ep_len_mean          | 1.48e+03    |
|    ep_rew_mean          | 35          |
| time/                   |             |
|    fps                  | 1828        |
|    iterations           | 92          |
|    time_elapsed         | 412         |
|    total_timesteps      | 753664      |
| train/                  |             |
|    approx_kl            | 0.012732429 |
|    clip_fraction        | 0.142       |
|    clip_range           | 0.2         |
|    entropy_loss         | -1.09       |
|    explained_variance   | 0.964       |
|    learning_rate        | 0.001       |
|    loss                 | -0.00775    |
|    n_updates            | 910         |
|    policy_gradient_loss | -0.00711    |
|    value_loss           | 0.0285      |
-----------------------------------------
Eval num_timesteps=760000, episode_reward=-22.40 +/- 0.30
Episode length: 848.80 +/- 21.80
-----------------------------------------
| eval/                   |             |
|    mean_ep_length       | 849         |
|    mean_reward          | -22.4       |
| time/                   |             |
|    total_timesteps      | 760000      |
| train/                  |             |
|    approx_kl            | 0.010127005 |
|    clip_fraction        | 0.0944      |
|    clip_range           | 0.2         |
|    entropy_loss         | -1.09       |
|    explained_variance   | 0.944       |
|    learning_rate        | 0.001       |
|    loss                 | 0.00815     |
|    n_updates            | 920         |
|    policy_gradient_loss | -0.00643    |
|    value_loss           | 0.0859      |
-----------------------------------------
---------------------------------
| rollout/           |          |
|    ep_len_mean     | 1.51e+03 |
|    ep_rew_mean     | 35.7     |
| time/              |          |
|    fps             | 1809     |
|    iterations      | 93       |
|    time_elapsed    | 421      |
|    total_timesteps | 761856   |
---------------------------------
------------------------------------------
| rollout/                |              |
|    ep_len_mean          | 1.55e+03     |
|    ep_rew_mean          | 36.8         |
| time/                   |              |
|    fps                  | 1813         |
|    iterations           | 94           |
|    time_elapsed         | 424          |
|    total_timesteps      | 770048       |
| train/                  |              |
|    approx_kl            | 0.0085765375 |
|    clip_fraction        | 0.103        |
|    clip_range           | 0.2          |
|    entropy_loss         | -1.05        |
|    explained_variance   | 0.963        |
|    learning_rate        | 0.001        |
|    loss                 | -0.01        |
|    n_updates            | 930          |
|    policy_gradient_loss | -0.00658     |
|    value_loss           | 0.0578       |
------------------------------------------
-----------------------------------------
| rollout/                |             |
|    ep_len_mean          | 1.6e+03     |
|    ep_rew_mean          | 38.2        |
| time/                   |             |
|    fps                  | 1817        |
|    iterations           | 95          |
|    time_elapsed         | 428         |
|    total_timesteps      | 778240      |
| train/                  |             |
|    approx_kl            | 0.011487115 |
|    clip_fraction        | 0.114       |
|    clip_range           | 0.2         |
|    entropy_loss         | -1.01       |
|    explained_variance   | 0.979       |
|    learning_rate        | 0.001       |
|    loss                 | 0.0087      |
|    n_updates            | 940         |
|    policy_gradient_loss | -0.0105     |
|    value_loss           | 0.033       |
-----------------------------------------
Eval num_timesteps=780000, episode_reward=0.00 +/- 0.00
Episode length: 1801.00 +/- 0.00
-----------------------------------------
| eval/                   |             |
|    mean_ep_length       | 1.8e+03     |
|    mean_reward          | 0           |
| time/                   |             |
|    total_timesteps      | 780000      |
| train/                  |             |
|    approx_kl            | 0.011761158 |
|    clip_fraction        | 0.132       |
|    clip_range           | 0.2         |
|    entropy_loss         | -1.02       |
|    explained_variance   | 0.99        |
|    learning_rate        | 0.001       |
|    loss                 | -0.00871    |
|    n_updates            | 950         |
|    policy_gradient_loss | -0.00995    |
|    value_loss           | 0.00701     |
-----------------------------------------
New best mean reward!
---------------------------------
| rollout/           |          |
|    ep_len_mean     | 1.64e+03 |
|    ep_rew_mean     | 39.2     |
| time/              |          |
|    fps             | 1773     |
|    iterations      | 96       |
|    time_elapsed    | 443      |
|    total_timesteps | 786432   |
---------------------------------
-----------------------------------------
| rollout/                |             |
|    ep_len_mean          | 1.68e+03    |
|    ep_rew_mean          | 40.4        |
| time/                   |             |
|    fps                  | 1778        |
|    iterations           | 97          |
|    time_elapsed         | 446         |
|    total_timesteps      | 794624      |
| train/                  |             |
|    approx_kl            | 0.012636732 |
|    clip_fraction        | 0.126       |
|    clip_range           | 0.2         |
|    entropy_loss         | -0.944      |
|    explained_variance   | 0.991       |
|    learning_rate        | 0.001       |
|    loss                 | -0.0035     |
|    n_updates            | 960         |
|    policy_gradient_loss | -0.00952    |
|    value_loss           | 0.00406     |
-----------------------------------------
Eval num_timesteps=800000, episode_reward=-0.20 +/- 0.40
Episode length: 1801.00 +/- 0.00
-----------------------------------------
| eval/                   |             |
|    mean_ep_length       | 1.8e+03     |
|    mean_reward          | -0.2        |
| time/                   |             |
|    total_timesteps      | 800000      |
| train/                  |             |
|    approx_kl            | 0.011573103 |
|    clip_fraction        | 0.153       |
|    clip_range           | 0.2         |
|    entropy_loss         | -1.02       |
|    explained_variance   | 0.992       |
|    learning_rate        | 0.001       |
|    loss                 | -0.0222     |
|    n_updates            | 970         |
|    policy_gradient_loss | -0.011      |
|    value_loss           | 0.0042      |
-----------------------------------------
---------------------------------
| rollout/           |          |
|    ep_len_mean     | 1.71e+03 |
|    ep_rew_mean     | 41.4     |
| time/              |          |
|    fps             | 1738     |
|    iterations      | 98       |
|    time_elapsed    | 461      |
|    total_timesteps | 802816   |
---------------------------------
    -> lr_high_s43: +0.00 +/- 0.00 (7.7 min)

=== [baseline_s44] net=(64, 64) lr=0.0003 seed=44 ===
Using cpu device
---------------------------------
| rollout/           |          |
|    ep_len_mean     | 245      |
|    ep_rew_mean     | -16.7    |
| time/              |          |
|    fps             | 4417     |
|    iterations      | 1        |
|    time_elapsed    | 1        |
|    total_timesteps | 8192     |
---------------------------------
-----------------------------------------
| rollout/                |             |
|    ep_len_mean          | 236         |
|    ep_rew_mean          | -16.9       |
| time/                   |             |
|    fps                  | 3177        |
|    iterations           | 2           |
|    time_elapsed         | 5           |
|    total_timesteps      | 16384       |
| train/                  |             |
|    approx_kl            | 0.015330679 |
|    clip_fraction        | 0.127       |
|    clip_range           | 0.2         |
|    entropy_loss         | -1.78       |
|    explained_variance   | -0.0243     |
|    learning_rate        | 0.0003      |
|    loss                 | 1.09        |
|    n_updates            | 10          |
|    policy_gradient_loss | -0.00531    |
|    value_loss           | 3.7         |
-----------------------------------------
Eval num_timesteps=20000, episode_reward=-22.20 +/- 0.33
Episode length: 269.80 +/- 16.70
-----------------------------------------
| eval/                   |             |
|    mean_ep_length       | 270         |
|    mean_reward          | -22.2       |
| time/                   |             |
|    total_timesteps      | 20000       |
| train/                  |             |
|    approx_kl            | 0.012216604 |
|    clip_fraction        | 0.0683      |
|    clip_range           | 0.2         |
|    entropy_loss         | -1.77       |
|    explained_variance   | 0.803       |
|    learning_rate        | 0.0003      |
|    loss                 | 0.312       |
|    n_updates            | 20          |
|    policy_gradient_loss | -0.00397    |
|    value_loss           | 1.06        |
-----------------------------------------
New best mean reward!
---------------------------------
| rollout/           |          |
|    ep_len_mean     | 235      |
|    ep_rew_mean     | -17      |
| time/              |          |
|    fps             | 2387     |
|    iterations      | 3        |
|    time_elapsed    | 10       |
|    total_timesteps | 24576    |
---------------------------------
-----------------------------------------
| rollout/                |             |
|    ep_len_mean          | 242         |
|    ep_rew_mean          | -16.9       |
| time/                   |             |
|    fps                  | 2438        |
|    iterations           | 4           |
|    time_elapsed         | 13          |
|    total_timesteps      | 32768       |
| train/                  |             |
|    approx_kl            | 0.012777811 |
|    clip_fraction        | 0.132       |
|    clip_range           | 0.2         |
|    entropy_loss         | -1.75       |
|    explained_variance   | 0.933       |
|    learning_rate        | 0.0003      |
|    loss                 | 0.237       |
|    n_updates            | 30          |
|    policy_gradient_loss | -0.00308    |
|    value_loss           | 0.585       |
-----------------------------------------
Eval num_timesteps=40000, episode_reward=-22.90 +/- 0.20
Episode length: 477.70 +/- 18.69
-----------------------------------------
| eval/                   |             |
|    mean_ep_length       | 478         |
|    mean_reward          | -22.9       |
| time/                   |             |
|    total_timesteps      | 40000       |
| train/                  |             |
|    approx_kl            | 0.013364775 |
|    clip_fraction        | 0.113       |
|    clip_range           | 0.2         |
|    entropy_loss         | -1.74       |
|    explained_variance   | 0.968       |
|    learning_rate        | 0.0003      |
|    loss                 | 0.205       |
|    n_updates            | 40          |
|    policy_gradient_loss | -0.00672    |
|    value_loss           | 0.464       |
-----------------------------------------
---------------------------------
| rollout/           |          |
|    ep_len_mean     | 264      |
|    ep_rew_mean     | -16.3    |
| time/              |          |
|    fps             | 2090     |
|    iterations      | 5        |
|    time_elapsed    | 19       |
|    total_timesteps | 40960    |
---------------------------------
-----------------------------------------
| rollout/                |             |
|    ep_len_mean          | 290         |
|    ep_rew_mean          | -15.3       |
| time/                   |             |
|    fps                  | 2165        |
|    iterations           | 6           |
|    time_elapsed         | 22          |
|    total_timesteps      | 49152       |
| train/                  |             |
|    approx_kl            | 0.013785259 |
|    clip_fraction        | 0.134       |
|    clip_range           | 0.2         |
|    entropy_loss         | -1.7        |
|    explained_variance   | 0.98        |
|    learning_rate        | 0.0003      |
|    loss                 | 0.22        |
|    n_updates            | 50          |
|    policy_gradient_loss | -0.00631    |
|    value_loss           | 0.37        |
-----------------------------------------
-----------------------------------------
| rollout/                |             |
|    ep_len_mean          | 320         |
|    ep_rew_mean          | -14.1       |
| time/                   |             |
|    fps                  | 2216        |
|    iterations           | 7           |
|    time_elapsed         | 25          |
|    total_timesteps      | 57344       |
| train/                  |             |
|    approx_kl            | 0.012687277 |
|    clip_fraction        | 0.121       |
|    clip_range           | 0.2         |
|    entropy_loss         | -1.63       |
|    explained_variance   | 0.978       |
|    learning_rate        | 0.0003      |
|    loss                 | 0.112       |
|    n_updates            | 60          |
|    policy_gradient_loss | -0.00706    |
|    value_loss           | 0.315       |
-----------------------------------------
Eval num_timesteps=60000, episode_reward=-22.75 +/- 0.34
Episode length: 486.20 +/- 19.82
-----------------------------------------
| eval/                   |             |
|    mean_ep_length       | 486         |
|    mean_reward          | -22.8       |
| time/                   |             |
|    total_timesteps      | 60000       |
| train/                  |             |
|    approx_kl            | 0.011160601 |
|    clip_fraction        | 0.131       |
|    clip_range           | 0.2         |
|    entropy_loss         | -1.56       |
|    explained_variance   | 0.986       |
|    learning_rate        | 0.0003      |
|    loss                 | 0.14        |
|    n_updates            | 70          |
|    policy_gradient_loss | -0.00812    |
|    value_loss           | 0.266       |
-----------------------------------------
---------------------------------
| rollout/           |          |
|    ep_len_mean     | 346      |
|    ep_rew_mean     | -12.8    |
| time/              |          |
|    fps             | 2029     |
|    iterations      | 8        |
|    time_elapsed    | 32       |
|    total_timesteps | 65536    |
---------------------------------
----------------------------------------
| rollout/                |            |
|    ep_len_mean          | 361        |
|    ep_rew_mean          | -11.9      |
| time/                   |            |
|    fps                  | 2088       |
|    iterations           | 9          |
|    time_elapsed         | 35         |
|    total_timesteps      | 73728      |
| train/                  |            |
|    approx_kl            | 0.00857765 |
|    clip_fraction        | 0.0399     |
|    clip_range           | 0.2        |
|    entropy_loss         | -1.55      |
|    explained_variance   | 0.985      |
|    learning_rate        | 0.0003     |
|    loss                 | 0.0929     |
|    n_updates            | 80         |
|    policy_gradient_loss | -0.00435   |
|    value_loss           | 0.293      |
----------------------------------------
Eval num_timesteps=80000, episode_reward=-22.75 +/- 0.51
Episode length: 480.50 +/- 31.78
----------------------------------------
| eval/                   |            |
|    mean_ep_length       | 480        |
|    mean_reward          | -22.8      |
| time/                   |            |
|    total_timesteps      | 80000      |
| train/                  |            |
|    approx_kl            | 0.01074205 |
|    clip_fraction        | 0.0777     |
|    clip_range           | 0.2        |
|    entropy_loss         | -1.5       |
|    explained_variance   | 0.977      |
|    learning_rate        | 0.0003     |
|    loss                 | 0.155      |
|    n_updates            | 90         |
|    policy_gradient_loss | -0.00589   |
|    value_loss           | 0.373      |
----------------------------------------
---------------------------------
| rollout/           |          |
|    ep_len_mean     | 376      |
|    ep_rew_mean     | -10.8    |
| time/              |          |
|    fps             | 1977     |
|    iterations      | 10       |
|    time_elapsed    | 41       |
|    total_timesteps | 81920    |
---------------------------------
-----------------------------------------
| rollout/                |             |
|    ep_len_mean          | 399         |
|    ep_rew_mean          | -9.56       |
| time/                   |             |
|    fps                  | 2024        |
|    iterations           | 11          |
|    time_elapsed         | 44          |
|    total_timesteps      | 90112       |
| train/                  |             |
|    approx_kl            | 0.009122267 |
|    clip_fraction        | 0.0618      |
|    clip_range           | 0.2         |
|    entropy_loss         | -1.42       |
|    explained_variance   | 0.955       |
|    learning_rate        | 0.0003      |
|    loss                 | 0.37        |
|    n_updates            | 100         |
|    policy_gradient_loss | -0.00567    |
|    value_loss           | 0.63        |
-----------------------------------------
-----------------------------------------
| rollout/                |             |
|    ep_len_mean          | 430         |
|    ep_rew_mean          | -7.98       |
| time/                   |             |
|    fps                  | 2066        |
|    iterations           | 12          |
|    time_elapsed         | 47          |
|    total_timesteps      | 98304       |
| train/                  |             |
|    approx_kl            | 0.010183327 |
|    clip_fraction        | 0.0775      |
|    clip_range           | 0.2         |
|    entropy_loss         | -1.35       |
|    explained_variance   | 0.895       |
|    learning_rate        | 0.0003      |
|    loss                 | 0.524       |
|    n_updates            | 110         |
|    policy_gradient_loss | -0.00552    |
|    value_loss           | 1.04        |
-----------------------------------------
Eval num_timesteps=100000, episode_reward=-22.80 +/- 0.33
Episode length: 497.20 +/- 20.42
-----------------------------------------
| eval/                   |             |
|    mean_ep_length       | 497         |
|    mean_reward          | -22.8       |
| time/                   |             |
|    total_timesteps      | 100000      |
| train/                  |             |
|    approx_kl            | 0.009243593 |
|    clip_fraction        | 0.0666      |
|    clip_range           | 0.2         |
|    entropy_loss         | -1.31       |
|    explained_variance   | 0.886       |
|    learning_rate        | 0.0003      |
|    loss                 | 0.292       |
|    n_updates            | 120         |
|    policy_gradient_loss | -0.00308    |
|    value_loss           | 0.569       |
-----------------------------------------
---------------------------------
| rollout/           |          |
|    ep_len_mean     | 463      |
|    ep_rew_mean     | -6.38    |
| time/              |          |
|    fps             | 1981     |
|    iterations      | 13       |
|    time_elapsed    | 53       |
|    total_timesteps | 106496   |
---------------------------------
-----------------------------------------
| rollout/                |             |
|    ep_len_mean          | 510         |
|    ep_rew_mean          | -4.12       |
| time/                   |             |
|    fps                  | 2020        |
|    iterations           | 14          |
|    time_elapsed         | 56          |
|    total_timesteps      | 114688      |
| train/                  |             |
|    approx_kl            | 0.012508238 |
|    clip_fraction        | 0.109       |
|    clip_range           | 0.2         |
|    entropy_loss         | -1.34       |
|    explained_variance   | 0.911       |
|    learning_rate        | 0.0003      |
|    loss                 | 0.133       |
|    n_updates            | 130         |
|    policy_gradient_loss | -0.0043     |
|    value_loss           | 0.338       |
-----------------------------------------
Eval num_timesteps=120000, episode_reward=-22.95 +/- 0.52
Episode length: 489.30 +/- 48.77
-----------------------------------------
| eval/                   |             |
|    mean_ep_length       | 489         |
|    mean_reward          | -22.9       |
| time/                   |             |
|    total_timesteps      | 120000      |
| train/                  |             |
|    approx_kl            | 0.010537332 |
|    clip_fraction        | 0.0878      |
|    clip_range           | 0.2         |
|    entropy_loss         | -1.39       |
|    explained_variance   | 0.942       |
|    learning_rate        | 0.0003      |
|    loss                 | 0.0834      |
|    n_updates            | 140         |
|    policy_gradient_loss | -0.00373    |
|    value_loss           | 0.245       |
-----------------------------------------
---------------------------------
| rollout/           |          |
|    ep_len_mean     | 552      |
|    ep_rew_mean     | -2.25    |
| time/              |          |
|    fps             | 1948     |
|    iterations      | 15       |
|    time_elapsed    | 63       |
|    total_timesteps | 122880   |
---------------------------------
-----------------------------------------
| rollout/                |             |
|    ep_len_mean          | 592         |
|    ep_rew_mean          | -0.501      |
| time/                   |             |
|    fps                  | 1976        |
|    iterations           | 16          |
|    time_elapsed         | 66          |
|    total_timesteps      | 131072      |
| train/                  |             |
|    approx_kl            | 0.011440566 |
|    clip_fraction        | 0.0754      |
|    clip_range           | 0.2         |
|    entropy_loss         | -1.39       |
|    explained_variance   | 0.958       |
|    learning_rate        | 0.0003      |
|    loss                 | 0.081       |
|    n_updates            | 150         |
|    policy_gradient_loss | -0.00411    |
|    value_loss           | 0.171       |
-----------------------------------------
------------------------------------------
| rollout/                |              |
|    ep_len_mean          | 635          |
|    ep_rew_mean          | 1.34         |
| time/                   |              |
|    fps                  | 2003         |
|    iterations           | 17           |
|    time_elapsed         | 69           |
|    total_timesteps      | 139264       |
| train/                  |              |
|    approx_kl            | 0.0131044835 |
|    clip_fraction        | 0.145        |
|    clip_range           | 0.2          |
|    entropy_loss         | -1.37        |
|    explained_variance   | 0.965        |
|    learning_rate        | 0.0003       |
|    loss                 | 0.0393       |
|    n_updates            | 160          |
|    policy_gradient_loss | -0.00594     |
|    value_loss           | 0.146        |
------------------------------------------
Eval num_timesteps=140000, episode_reward=-22.85 +/- 0.50
Episode length: 641.30 +/- 54.65
-----------------------------------------
| eval/                   |             |
|    mean_ep_length       | 641         |
|    mean_reward          | -22.9       |
| time/                   |             |
|    total_timesteps      | 140000      |
| train/                  |             |
|    approx_kl            | 0.011399396 |
|    clip_fraction        | 0.118       |
|    clip_range           | 0.2         |
|    entropy_loss         | -1.37       |
|    explained_variance   | 0.974       |
|    learning_rate        | 0.0003      |
|    loss                 | 0.0626      |
|    n_updates            | 170         |
|    policy_gradient_loss | -0.00602    |
|    value_loss           | 0.12        |
-----------------------------------------
---------------------------------
| rollout/           |          |
|    ep_len_mean     | 667      |
|    ep_rew_mean     | 2.64     |
| time/              |          |
|    fps             | 1915     |
|    iterations      | 18       |
|    time_elapsed    | 76       |
|    total_timesteps | 147456   |
---------------------------------
-----------------------------------------
| rollout/                |             |
|    ep_len_mean          | 699         |
|    ep_rew_mean          | 4.01        |
| time/                   |             |
|    fps                  | 1941        |
|    iterations           | 19          |
|    time_elapsed         | 80          |
|    total_timesteps      | 155648      |
| train/                  |             |
|    approx_kl            | 0.009589607 |
|    clip_fraction        | 0.0928      |
|    clip_range           | 0.2         |
|    entropy_loss         | -1.35       |
|    explained_variance   | 0.978       |
|    learning_rate        | 0.0003      |
|    loss                 | 0.0428      |
|    n_updates            | 180         |
|    policy_gradient_loss | -0.004      |
|    value_loss           | 0.0837      |
-----------------------------------------
Eval num_timesteps=160000, episode_reward=-23.00 +/- 0.00
Episode length: 612.50 +/- 42.94
-----------------------------------------
| eval/                   |             |
|    mean_ep_length       | 612         |
|    mean_reward          | -23         |
| time/                   |             |
|    total_timesteps      | 160000      |
| train/                  |             |
|    approx_kl            | 0.007958827 |
|    clip_fraction        | 0.0834      |
|    clip_range           | 0.2         |
|    entropy_loss         | -1.43       |
|    explained_variance   | 0.983       |
|    learning_rate        | 0.0003      |
|    loss                 | 0.0492      |
|    n_updates            | 190         |
|    policy_gradient_loss | -0.00435    |
|    value_loss           | 0.163       |
-----------------------------------------
---------------------------------
| rollout/           |          |
|    ep_len_mean     | 713      |
|    ep_rew_mean     | 4.5      |
| time/              |          |
|    fps             | 1871     |
|    iterations      | 20       |
|    time_elapsed    | 87       |
|    total_timesteps | 163840   |
---------------------------------
-----------------------------------------
| rollout/                |             |
|    ep_len_mean          | 748         |
|    ep_rew_mean          | 5.78        |
| time/                   |             |
|    fps                  | 1893        |
|    iterations           | 21          |
|    time_elapsed         | 90          |
|    total_timesteps      | 172032      |
| train/                  |             |
|    approx_kl            | 0.011136405 |
|    clip_fraction        | 0.104       |
|    clip_range           | 0.2         |
|    entropy_loss         | -1.38       |
|    explained_variance   | 0.971       |
|    learning_rate        | 0.0003      |
|    loss                 | 0.0307      |
|    n_updates            | 200         |
|    policy_gradient_loss | -0.00639    |
|    value_loss           | 0.141       |
-----------------------------------------
Eval num_timesteps=180000, episode_reward=-22.75 +/- 0.60
Episode length: 543.90 +/- 33.35
-----------------------------------------
| eval/                   |             |
|    mean_ep_length       | 544         |
|    mean_reward          | -22.8       |
| time/                   |             |
|    total_timesteps      | 180000      |
| train/                  |             |
|    approx_kl            | 0.007708732 |
|    clip_fraction        | 0.0692      |
|    clip_range           | 0.2         |
|    entropy_loss         | -1.35       |
|    explained_variance   | 0.967       |
|    learning_rate        | 0.0003      |
|    loss                 | 0.134       |
|    n_updates            | 210         |
|    policy_gradient_loss | -0.00624    |
|    value_loss           | 0.261       |
-----------------------------------------
---------------------------------
| rollout/           |          |
|    ep_len_mean     | 785      |
|    ep_rew_mean     | 7.13     |
| time/              |          |
|    fps             | 1838     |
|    iterations      | 22       |
|    time_elapsed    | 98       |
|    total_timesteps | 180224   |
---------------------------------
-----------------------------------------
| rollout/                |             |
|    ep_len_mean          | 851         |
|    ep_rew_mean          | 9.57        |
| time/                   |             |
|    fps                  | 1859        |
|    iterations           | 23          |
|    time_elapsed         | 101         |
|    total_timesteps      | 188416      |
| train/                  |             |
|    approx_kl            | 0.011276386 |
|    clip_fraction        | 0.103       |
|    clip_range           | 0.2         |
|    entropy_loss         | -1.26       |
|    explained_variance   | 0.975       |
|    learning_rate        | 0.0003      |
|    loss                 | 0.0161      |
|    n_updates            | 220         |
|    policy_gradient_loss | -0.00714    |
|    value_loss           | 0.0731      |
-----------------------------------------
-----------------------------------------
| rollout/                |             |
|    ep_len_mean          | 885         |
|    ep_rew_mean          | 10.9        |
| time/                   |             |
|    fps                  | 1878        |
|    iterations           | 24          |
|    time_elapsed         | 104         |
|    total_timesteps      | 196608      |
| train/                  |             |
|    approx_kl            | 0.010330785 |
|    clip_fraction        | 0.104       |
|    clip_range           | 0.2         |
|    entropy_loss         | -1.25       |
|    explained_variance   | 0.973       |
|    learning_rate        | 0.0003      |
|    loss                 | 0.0424      |
|    n_updates            | 230         |
|    policy_gradient_loss | -0.00898    |
|    value_loss           | 0.154       |
-----------------------------------------
Eval num_timesteps=200000, episode_reward=-22.90 +/- 0.20
Episode length: 937.60 +/- 24.29
-----------------------------------------
| eval/                   |             |
|    mean_ep_length       | 938         |
|    mean_reward          | -22.9       |
| time/                   |             |
|    total_timesteps      | 200000      |
| train/                  |             |
|    approx_kl            | 0.010974564 |
|    clip_fraction        | 0.0805      |
|    clip_range           | 0.2         |
|    entropy_loss         | -1.15       |
|    explained_variance   | 0.973       |
|    learning_rate        | 0.0003      |
|    loss                 | 0.0158      |
|    n_updates            | 240         |
|    policy_gradient_loss | -0.00616    |
|    value_loss           | 0.0709      |
-----------------------------------------
---------------------------------
| rollout/           |          |
|    ep_len_mean     | 939      |
|    ep_rew_mean     | 13.5     |
| time/              |          |
|    fps             | 1794     |
|    iterations      | 25       |
|    time_elapsed    | 114      |
|    total_timesteps | 204800   |
---------------------------------
-----------------------------------------
| rollout/                |             |
|    ep_len_mean          | 981         |
|    ep_rew_mean          | 15.1        |
| time/                   |             |
|    fps                  | 1815        |
|    iterations           | 26          |
|    time_elapsed         | 117         |
|    total_timesteps      | 212992      |
| train/                  |             |
|    approx_kl            | 0.012074381 |
|    clip_fraction        | 0.0956      |
|    clip_range           | 0.2         |
|    entropy_loss         | -1.06       |
|    explained_variance   | 0.964       |
|    learning_rate        | 0.0003      |
|    loss                 | 0.0171      |
|    n_updates            | 250         |
|    policy_gradient_loss | -0.00549    |
|    value_loss           | 0.0438      |
-----------------------------------------
Eval num_timesteps=220000, episode_reward=-7.70 +/- 7.40
Episode length: 1765.80 +/- 70.64
-----------------------------------------
| eval/                   |             |
|    mean_ep_length       | 1.77e+03    |
|    mean_reward          | -7.7        |
| time/                   |             |
|    total_timesteps      | 220000      |
| train/                  |             |
|    approx_kl            | 0.008433929 |
|    clip_fraction        | 0.0605      |
|    clip_range           | 0.2         |
|    entropy_loss         | -1.01       |
|    explained_variance   | 0.965       |
|    learning_rate        | 0.0003      |
|    loss                 | 0.0223      |
|    n_updates            | 260         |
|    policy_gradient_loss | -0.00397    |
|    value_loss           | 0.0783      |
-----------------------------------------
New best mean reward!
---------------------------------
| rollout/           |          |
|    ep_len_mean     | 1.03e+03 |
|    ep_rew_mean     | 17.2     |
| time/              |          |
|    fps             | 1669     |
|    iterations      | 27       |
|    time_elapsed    | 132      |
|    total_timesteps | 221184   |
---------------------------------
-----------------------------------------
| rollout/                |             |
|    ep_len_mean          | 1.07e+03    |
|    ep_rew_mean          | 18.1        |
| time/                   |             |
|    fps                  | 1689        |
|    iterations           | 28          |
|    time_elapsed         | 135         |
|    total_timesteps      | 229376      |
| train/                  |             |
|    approx_kl            | 0.004662348 |
|    clip_fraction        | 0.0503      |
|    clip_range           | 0.2         |
|    entropy_loss         | -1.06       |
|    explained_variance   | 0.955       |
|    learning_rate        | 0.0003      |
|    loss                 | 0.0312      |
|    n_updates            | 270         |
|    policy_gradient_loss | -0.00357    |
|    value_loss           | 0.126       |
-----------------------------------------
------------------------------------------
| rollout/                |              |
|    ep_len_mean          | 1.13e+03     |
|    ep_rew_mean          | 20           |
| time/                   |              |
|    fps                  | 1706         |
|    iterations           | 29           |
|    time_elapsed         | 139          |
|    total_timesteps      | 237568       |
| train/                  |              |
|    approx_kl            | 0.0048092688 |
|    clip_fraction        | 0.0572       |
|    clip_range           | 0.2          |
|    entropy_loss         | -1.03        |
|    explained_variance   | 0.973        |
|    learning_rate        | 0.0003       |
|    loss                 | 0.00177      |
|    n_updates            | 280          |
|    policy_gradient_loss | -0.00483     |
|    value_loss           | 0.0749       |
------------------------------------------
Eval num_timesteps=240000, episode_reward=-22.50 +/- 0.22
Episode length: 1653.30 +/- 16.89
------------------------------------------
| eval/                   |              |
|    mean_ep_length       | 1.65e+03     |
|    mean_reward          | -22.5        |
| time/                   |              |
|    total_timesteps      | 240000       |
| train/                  |              |
|    approx_kl            | 0.0072870892 |
|    clip_fraction        | 0.0864       |
|    clip_range           | 0.2          |
|    entropy_loss         | -0.934       |
|    explained_variance   | 0.981        |
|    learning_rate        | 0.0003       |
|    loss                 | -0.012       |
|    n_updates            | 290          |
|    policy_gradient_loss | -0.00621     |
|    value_loss           | 0.0182       |
------------------------------------------
---------------------------------
| rollout/           |          |
|    ep_len_mean     | 1.17e+03 |
|    ep_rew_mean     | 21.7     |
| time/              |          |
|    fps             | 1599     |
|    iterations      | 30       |
|    time_elapsed    | 153      |
|    total_timesteps | 245760   |
---------------------------------
------------------------------------------
| rollout/                |              |
|    ep_len_mean          | 1.21e+03     |
|    ep_rew_mean          | 23.4         |
| time/                   |              |
|    fps                  | 1618         |
|    iterations           | 31           |
|    time_elapsed         | 156          |
|    total_timesteps      | 253952       |
| train/                  |              |
|    approx_kl            | 0.0068071377 |
|    clip_fraction        | 0.0827       |
|    clip_range           | 0.2          |
|    entropy_loss         | -0.934       |
|    explained_variance   | 0.972        |
|    learning_rate        | 0.0003       |
|    loss                 | -0.00368     |
|    n_updates            | 300          |
|    policy_gradient_loss | -0.00483     |
|    value_loss           | 0.0382       |
------------------------------------------
Eval num_timesteps=260000, episode_reward=-2.40 +/- 0.20
Episode length: 1801.00 +/- 0.00
-----------------------------------------
| eval/                   |             |
|    mean_ep_length       | 1.8e+03     |
|    mean_reward          | -2.4        |
| time/                   |             |
|    total_timesteps      | 260000      |
| train/                  |             |
|    approx_kl            | 0.006968461 |
|    clip_fraction        | 0.0594      |
|    clip_range           | 0.2         |
|    entropy_loss         | -0.95       |
|    explained_variance   | 0.964       |
|    learning_rate        | 0.0003      |
|    loss                 | -0.00538    |
|    n_updates            | 310         |
|    policy_gradient_loss | -0.00458    |
|    value_loss           | 0.0421      |
-----------------------------------------
New best mean reward!
---------------------------------
| rollout/           |          |
|    ep_len_mean     | 1.28e+03 |
|    ep_rew_mean     | 25.6     |
| time/              |          |
|    fps             | 1520     |
|    iterations      | 32       |
|    time_elapsed    | 172      |
|    total_timesteps | 262144   |
---------------------------------
---------------------------------------
| rollout/                |           |
|    ep_len_mean          | 1.31e+03  |
|    ep_rew_mean          | 26.9      |
| time/                   |           |
|    fps                  | 1537      |
|    iterations           | 33        |
|    time_elapsed         | 175       |
|    total_timesteps      | 270336    |
| train/                  |           |
|    approx_kl            | 0.0093382 |
|    clip_fraction        | 0.0716    |
|    clip_range           | 0.2       |
|    entropy_loss         | -0.922    |
|    explained_variance   | 0.978     |
|    learning_rate        | 0.0003    |
|    loss                 | 0.00432   |
|    n_updates            | 320       |
|    policy_gradient_loss | -0.00509  |
|    value_loss           | 0.0371    |
---------------------------------------
-----------------------------------------
| rollout/                |             |
|    ep_len_mean          | 1.36e+03    |
|    ep_rew_mean          | 29.2        |
| time/                   |             |
|    fps                  | 1554        |
|    iterations           | 34          |
|    time_elapsed         | 179         |
|    total_timesteps      | 278528      |
| train/                  |             |
|    approx_kl            | 0.005407548 |
|    clip_fraction        | 0.0521      |
|    clip_range           | 0.2         |
|    entropy_loss         | -0.857      |
|    explained_variance   | 0.98        |
|    learning_rate        | 0.0003      |
|    loss                 | -0.00499    |
|    n_updates            | 330         |
|    policy_gradient_loss | -0.0026     |
|    value_loss           | 0.0268      |
-----------------------------------------
Eval num_timesteps=280000, episode_reward=-2.75 +/- 0.25
Episode length: 1801.00 +/- 0.00
-----------------------------------------
| eval/                   |             |
|    mean_ep_length       | 1.8e+03     |
|    mean_reward          | -2.75       |
| time/                   |             |
|    total_timesteps      | 280000      |
| train/                  |             |
|    approx_kl            | 0.007556026 |
|    clip_fraction        | 0.0839      |
|    clip_range           | 0.2         |
|    entropy_loss         | -0.919      |
|    explained_variance   | 0.97        |
|    learning_rate        | 0.0003      |
|    loss                 | 0.0793      |
|    n_updates            | 340         |
|    policy_gradient_loss | -0.00496    |
|    value_loss           | 0.0646      |
-----------------------------------------
---------------------------------
| rollout/           |          |
|    ep_len_mean     | 1.42e+03 |
|    ep_rew_mean     | 31.5     |
| time/              |          |
|    fps             | 1476     |
|    iterations      | 35       |
|    time_elapsed    | 194      |
|    total_timesteps | 286720   |
---------------------------------
------------------------------------------
| rollout/                |              |
|    ep_len_mean          | 1.47e+03     |
|    ep_rew_mean          | 33.5         |
| time/                   |              |
|    fps                  | 1494         |
|    iterations           | 36           |
|    time_elapsed         | 197          |
|    total_timesteps      | 294912       |
| train/                  |              |
|    approx_kl            | 0.0044744397 |
|    clip_fraction        | 0.0381       |
|    clip_range           | 0.2          |
|    entropy_loss         | -0.832       |
|    explained_variance   | 0.982        |
|    learning_rate        | 0.0003       |
|    loss                 | -0.00932     |
|    n_updates            | 350          |
|    policy_gradient_loss | -0.00375     |
|    value_loss           | 0.00947      |
------------------------------------------
Eval num_timesteps=300000, episode_reward=-3.35 +/- 0.32
Episode length: 1801.00 +/- 0.00
----------------------------------------
| eval/                   |            |
|    mean_ep_length       | 1.8e+03    |
|    mean_reward          | -3.35      |
| time/                   |            |
|    total_timesteps      | 300000     |
| train/                  |            |
|    approx_kl            | 0.00541709 |
|    clip_fraction        | 0.0483     |
|    clip_range           | 0.2        |
|    entropy_loss         | -0.819     |
|    explained_variance   | 0.973      |
|    learning_rate        | 0.0003     |
|    loss                 | 0.0517     |
|    n_updates            | 360        |
|    policy_gradient_loss | -0.00314   |
|    value_loss           | 0.049      |
----------------------------------------
---------------------------------
| rollout/           |          |
|    ep_len_mean     | 1.52e+03 |
|    ep_rew_mean     | 35.4     |
| time/              |          |
|    fps             | 1425     |
|    iterations      | 37       |
|    time_elapsed    | 212      |
|    total_timesteps | 303104   |
---------------------------------
------------------------------------------
| rollout/                |              |
|    ep_len_mean          | 1.56e+03     |
|    ep_rew_mean          | 37           |
| time/                   |              |
|    fps                  | 1442         |
|    iterations           | 38           |
|    time_elapsed         | 215          |
|    total_timesteps      | 311296       |
| train/                  |              |
|    approx_kl            | 0.0046974057 |
|    clip_fraction        | 0.0447       |
|    clip_range           | 0.2          |
|    entropy_loss         | -0.81        |
|    explained_variance   | 0.971        |
|    learning_rate        | 0.0003       |
|    loss                 | 0.0282       |
|    n_updates            | 370          |
|    policy_gradient_loss | -0.00273     |
|    value_loss           | 0.0719       |
------------------------------------------
-----------------------------------------
| rollout/                |             |
|    ep_len_mean          | 1.63e+03    |
|    ep_rew_mean          | 39.4        |
| time/                   |             |
|    fps                  | 1457        |
|    iterations           | 39          |
|    time_elapsed         | 219         |
|    total_timesteps      | 319488      |
| train/                  |             |
|    approx_kl            | 0.005212746 |
|    clip_fraction        | 0.0531      |
|    clip_range           | 0.2         |
|    entropy_loss         | -0.781      |
|    explained_variance   | 0.987       |
|    learning_rate        | 0.0003      |
|    loss                 | 0.0094      |
|    n_updates            | 380         |
|    policy_gradient_loss | -0.00334    |
|    value_loss           | 0.0254      |
-----------------------------------------
Eval num_timesteps=320000, episode_reward=-1.35 +/- 0.39
Episode length: 1801.00 +/- 0.00
-----------------------------------------
| eval/                   |             |
|    mean_ep_length       | 1.8e+03     |
|    mean_reward          | -1.35       |
| time/                   |             |
|    total_timesteps      | 320000      |
| train/                  |             |
|    approx_kl            | 0.003858876 |
|    clip_fraction        | 0.0374      |
|    clip_range           | 0.2         |
|    entropy_loss         | -0.791      |
|    explained_variance   | 0.967       |
|    learning_rate        | 0.0003      |
|    loss                 | 0.0619      |
|    n_updates            | 390         |
|    policy_gradient_loss | -0.00178    |
|    value_loss           | 0.0858      |
-----------------------------------------
New best mean reward!
---------------------------------
| rollout/           |          |
|    ep_len_mean     | 1.66e+03 |
|    ep_rew_mean     | 40.6     |
| time/              |          |
|    fps             | 1396     |
|    iterations      | 40       |
|    time_elapsed    | 234      |
|    total_timesteps | 327680   |
---------------------------------
-----------------------------------------
| rollout/                |             |
|    ep_len_mean          | 1.71e+03    |
|    ep_rew_mean          | 42.4        |
| time/                   |             |
|    fps                  | 1412        |
|    iterations           | 41          |
|    time_elapsed         | 237         |
|    total_timesteps      | 335872      |
| train/                  |             |
|    approx_kl            | 0.005458923 |
|    clip_fraction        | 0.0574      |
|    clip_range           | 0.2         |
|    entropy_loss         | -0.734      |
|    explained_variance   | 0.97        |
|    learning_rate        | 0.0003      |
|    loss                 | 0.00846     |
|    n_updates            | 400         |
|    policy_gradient_loss | -0.00216    |
|    value_loss           | 0.0508      |
-----------------------------------------
Eval num_timesteps=340000, episode_reward=-0.60 +/- 0.30
Episode length: 1801.00 +/- 0.00
------------------------------------------
| eval/                   |              |
|    mean_ep_length       | 1.8e+03      |
|    mean_reward          | -0.6         |
| time/                   |              |
|    total_timesteps      | 340000       |
| train/                  |              |
|    approx_kl            | 0.0051880055 |
|    clip_fraction        | 0.0417       |
|    clip_range           | 0.2          |
|    entropy_loss         | -0.759       |
|    explained_variance   | 0.975        |
|    learning_rate        | 0.0003       |
|    loss                 | 0.0379       |
|    n_updates            | 410          |
|    policy_gradient_loss | -0.00259     |
|    value_loss           | 0.0555       |
------------------------------------------
New best mean reward!
---------------------------------
| rollout/           |          |
|    ep_len_mean     | 1.73e+03 |
|    ep_rew_mean     | 43.3     |
| time/              |          |
|    fps             | 1359     |
|    iterations      | 42       |
|    time_elapsed    | 253      |
|    total_timesteps | 344064   |
---------------------------------
-----------------------------------------
| rollout/                |             |
|    ep_len_mean          | 1.76e+03    |
|    ep_rew_mean          | 44.3        |
| time/                   |             |
|    fps                  | 1374        |
|    iterations           | 43          |
|    time_elapsed         | 256         |
|    total_timesteps      | 352256      |
| train/                  |             |
|    approx_kl            | 0.004450179 |
|    clip_fraction        | 0.0476      |
|    clip_range           | 0.2         |
|    entropy_loss         | -0.766      |
|    explained_variance   | 0.973       |
|    learning_rate        | 0.0003      |
|    loss                 | 0.00762     |
|    n_updates            | 420         |
|    policy_gradient_loss | -0.00174    |
|    value_loss           | 0.0598      |
-----------------------------------------
Eval num_timesteps=360000, episode_reward=0.00 +/- 0.00
Episode length: 1801.00 +/- 0.00
------------------------------------------
| eval/                   |              |
|    mean_ep_length       | 1.8e+03      |
|    mean_reward          | 0            |
| time/                   |              |
|    total_timesteps      | 360000       |
| train/                  |              |
|    approx_kl            | 0.0026054396 |
|    clip_fraction        | 0.0241       |
|    clip_range           | 0.2          |
|    entropy_loss         | -0.766       |
|    explained_variance   | 0.977        |
|    learning_rate        | 0.0003       |
|    loss                 | 0.0235       |
|    n_updates            | 430          |
|    policy_gradient_loss | -0.000731    |
|    value_loss           | 0.0513       |
------------------------------------------
New best mean reward!
---------------------------------
| rollout/           |          |
|    ep_len_mean     | 1.77e+03 |
|    ep_rew_mean     | 44.2     |
| time/              |          |
|    fps             | 1325     |
|    iterations      | 44       |
|    time_elapsed    | 271      |
|    total_timesteps | 360448   |
---------------------------------
------------------------------------------
| rollout/                |              |
|    ep_len_mean          | 1.78e+03     |
|    ep_rew_mean          | 44.5         |
| time/                   |              |
|    fps                  | 1339         |
|    iterations           | 45           |
|    time_elapsed         | 275          |
|    total_timesteps      | 368640       |
| train/                  |              |
|    approx_kl            | 0.0034645575 |
|    clip_fraction        | 0.0412       |
|    clip_range           | 0.2          |
|    entropy_loss         | -0.767       |
|    explained_variance   | 0.969        |
|    learning_rate        | 0.0003       |
|    loss                 | 0.0215       |
|    n_updates            | 440          |
|    policy_gradient_loss | -0.0017      |
|    value_loss           | 0.0784       |
------------------------------------------
-----------------------------------------
| rollout/                |             |
|    ep_len_mean          | 1.79e+03    |
|    ep_rew_mean          | 43.9        |
| time/                   |             |
|    fps                  | 1354        |
|    iterations           | 46          |
|    time_elapsed         | 278         |
|    total_timesteps      | 376832      |
| train/                  |             |
|    approx_kl            | 0.005436601 |
|    clip_fraction        | 0.0682      |
|    clip_range           | 0.2         |
|    entropy_loss         | -0.806      |
|    explained_variance   | 0.969       |
|    learning_rate        | 0.0003      |
|    loss                 | 0.0159      |
|    n_updates            | 450         |
|    policy_gradient_loss | -0.00291    |
|    value_loss           | 0.0646      |
-----------------------------------------
Eval num_timesteps=380000, episode_reward=0.00 +/- 0.00
Episode length: 1801.00 +/- 0.00
-----------------------------------------
| eval/                   |             |
|    mean_ep_length       | 1.8e+03     |
|    mean_reward          | 0           |
| time/                   |             |
|    total_timesteps      | 380000      |
| train/                  |             |
|    approx_kl            | 0.005125773 |
|    clip_fraction        | 0.0373      |
|    clip_range           | 0.2         |
|    entropy_loss         | -0.793      |
|    explained_variance   | 0.978       |
|    learning_rate        | 0.0003      |
|    loss                 | -0.00353    |
|    n_updates            | 460         |
|    policy_gradient_loss | -0.00216    |
|    value_loss           | 0.0489      |
-----------------------------------------
---------------------------------
| rollout/           |          |
|    ep_len_mean     | 1.79e+03 |
|    ep_rew_mean     | 43.5     |
| time/              |          |
|    fps             | 1312     |
|    iterations      | 47       |
|    time_elapsed    | 293      |
|    total_timesteps | 385024   |
---------------------------------
-----------------------------------------
| rollout/                |             |
|    ep_len_mean          | 1.79e+03    |
|    ep_rew_mean          | 42.7        |
| time/                   |             |
|    fps                  | 1326        |
|    iterations           | 48          |
|    time_elapsed         | 296         |
|    total_timesteps      | 393216      |
| train/                  |             |
|    approx_kl            | 0.003924888 |
|    clip_fraction        | 0.0373      |
|    clip_range           | 0.2         |
|    entropy_loss         | -0.795      |
|    explained_variance   | 0.975       |
|    learning_rate        | 0.0003      |
|    loss                 | 0.0589      |
|    n_updates            | 470         |
|    policy_gradient_loss | -0.000477   |
|    value_loss           | 0.0621      |
-----------------------------------------
Eval num_timesteps=400000, episode_reward=0.00 +/- 0.00
Episode length: 1801.00 +/- 0.00
------------------------------------------
| eval/                   |              |
|    mean_ep_length       | 1.8e+03      |
|    mean_reward          | 0            |
| time/                   |              |
|    total_timesteps      | 400000       |
| train/                  |              |
|    approx_kl            | 0.0051217116 |
|    clip_fraction        | 0.0386       |
|    clip_range           | 0.2          |
|    entropy_loss         | -0.833       |
|    explained_variance   | 0.983        |
|    learning_rate        | 0.0003       |
|    loss                 | 0.0244       |
|    n_updates            | 480          |
|    policy_gradient_loss | -0.00136     |
|    value_loss           | 0.028        |
------------------------------------------
---------------------------------
| rollout/           |          |
|    ep_len_mean     | 1.79e+03 |
|    ep_rew_mean     | 42.4     |
| time/              |          |
|    fps             | 1286     |
|    iterations      | 49       |
|    time_elapsed    | 312      |
|    total_timesteps | 401408   |
---------------------------------
-----------------------------------------
| rollout/                |             |
|    ep_len_mean          | 1.8e+03     |
|    ep_rew_mean          | 43.3        |
| time/                   |             |
|    fps                  | 1298        |
|    iterations           | 50          |
|    time_elapsed         | 315         |
|    total_timesteps      | 409600      |
| train/                  |             |
|    approx_kl            | 0.007424553 |
|    clip_fraction        | 0.0819      |
|    clip_range           | 0.2         |
|    entropy_loss         | -0.817      |
|    explained_variance   | 0.969       |
|    learning_rate        | 0.0003      |
|    loss                 | 0.0114      |
|    n_updates            | 490         |
|    policy_gradient_loss | -0.00263    |
|    value_loss           | 0.0273      |
-----------------------------------------
-----------------------------------------
| rollout/                |             |
|    ep_len_mean          | 1.8e+03     |
|    ep_rew_mean          | 43          |
| time/                   |             |
|    fps                  | 1311        |
|    iterations           | 51          |
|    time_elapsed         | 318         |
|    total_timesteps      | 417792      |
| train/                  |             |
|    approx_kl            | 0.006248487 |
|    clip_fraction        | 0.0586      |
|    clip_range           | 0.2         |
|    entropy_loss         | -0.848      |
|    explained_variance   | 0.977       |
|    learning_rate        | 0.0003      |
|    loss                 | 0.0227      |
|    n_updates            | 500         |
|    policy_gradient_loss | -0.00298    |
|    value_loss           | 0.0349      |
-----------------------------------------
Eval num_timesteps=420000, episode_reward=-1.00 +/- 0.00
Episode length: 1801.00 +/- 0.00
------------------------------------------
| eval/                   |              |
|    mean_ep_length       | 1.8e+03      |
|    mean_reward          | -1           |
| time/                   |              |
|    total_timesteps      | 420000       |
| train/                  |              |
|    approx_kl            | 0.0036916612 |
|    clip_fraction        | 0.0302       |
|    clip_range           | 0.2          |
|    entropy_loss         | -0.851       |
|    explained_variance   | 0.961        |
|    learning_rate        | 0.0003       |
|    loss                 | 0.0626       |
|    n_updates            | 510          |
|    policy_gradient_loss | -0.00107     |
|    value_loss           | 0.0708       |
------------------------------------------
---------------------------------
| rollout/           |          |
|    ep_len_mean     | 1.8e+03  |
|    ep_rew_mean     | 42.1     |
| time/              |          |
|    fps             | 1276     |
|    iterations      | 52       |
|    time_elapsed    | 333      |
|    total_timesteps | 425984   |
---------------------------------
----------------------------------------
| rollout/                |            |
|    ep_len_mean          | 1.8e+03    |
|    ep_rew_mean          | 41.1       |
| time/                   |            |
|    fps                  | 1289       |
|    iterations           | 53         |
|    time_elapsed         | 336        |
|    total_timesteps      | 434176     |
| train/                  |            |
|    approx_kl            | 0.00647878 |
|    clip_fraction        | 0.0695     |
|    clip_range           | 0.2        |
|    entropy_loss         | -0.871     |
|    explained_variance   | 0.97       |
|    learning_rate        | 0.0003     |
|    loss                 | -0.00303   |
|    n_updates            | 520        |
|    policy_gradient_loss | -0.00351   |
|    value_loss           | 0.0515     |
----------------------------------------
Eval num_timesteps=440000, episode_reward=4.70 +/- 0.40
Episode length: 1801.00 +/- 0.00
-----------------------------------------
| eval/                   |             |
|    mean_ep_length       | 1.8e+03     |
|    mean_reward          | 4.7         |
| time/                   |             |
|    total_timesteps      | 440000      |
| train/                  |             |
|    approx_kl            | 0.007306393 |
|    clip_fraction        | 0.0787      |
|    clip_range           | 0.2         |
|    entropy_loss         | -0.844      |
|    explained_variance   | 0.935       |
|    learning_rate        | 0.0003      |
|    loss                 | 0.00349     |
|    n_updates            | 530         |
|    policy_gradient_loss | -0.00232    |
|    value_loss           | 0.0539      |
-----------------------------------------
New best mean reward!
---------------------------------
| rollout/           |          |
|    ep_len_mean     | 1.8e+03  |
|    ep_rew_mean     | 40.3     |
| time/              |          |
|    fps             | 1256     |
|    iterations      | 54       |
|    time_elapsed    | 352      |
|    total_timesteps | 442368   |
---------------------------------
------------------------------------------
| rollout/                |              |
|    ep_len_mean          | 1.8e+03      |
|    ep_rew_mean          | 38.8         |
| time/                   |              |
|    fps                  | 1265         |
|    iterations           | 55           |
|    time_elapsed         | 356          |
|    total_timesteps      | 450560       |
| train/                  |              |
|    approx_kl            | 0.0069185575 |
|    clip_fraction        | 0.089        |
|    clip_range           | 0.2          |
|    entropy_loss         | -0.82        |
|    explained_variance   | 0.939        |
|    learning_rate        | 0.0003       |
|    loss                 | -0.0015      |
|    n_updates            | 540          |
|    policy_gradient_loss | -0.00322     |
|    value_loss           | 0.0506       |
------------------------------------------
-----------------------------------------
| rollout/                |             |
|    ep_len_mean          | 1.8e+03     |
|    ep_rew_mean          | 38.4        |
| time/                   |             |
|    fps                  | 1277        |
|    iterations           | 56          |
|    time_elapsed         | 359         |
|    total_timesteps      | 458752      |
| train/                  |             |
|    approx_kl            | 0.004885208 |
|    clip_fraction        | 0.0552      |
|    clip_range           | 0.2         |
|    entropy_loss         | -0.812      |
|    explained_variance   | 0.961       |
|    learning_rate        | 0.0003      |
|    loss                 | 0.0222      |
|    n_updates            | 550         |
|    policy_gradient_loss | -0.00254    |
|    value_loss           | 0.0273      |
-----------------------------------------
Eval num_timesteps=460000, episode_reward=0.00 +/- 0.00
Episode length: 1801.00 +/- 0.00
-----------------------------------------
| eval/                   |             |
|    mean_ep_length       | 1.8e+03     |
|    mean_reward          | 0           |
| time/                   |             |
|    total_timesteps      | 460000      |
| train/                  |             |
|    approx_kl            | 0.005300839 |
|    clip_fraction        | 0.063       |
|    clip_range           | 0.2         |
|    entropy_loss         | -0.798      |
|    explained_variance   | 0.956       |
|    learning_rate        | 0.0003      |
|    loss                 | 0.0288      |
|    n_updates            | 560         |
|    policy_gradient_loss | -0.00272    |
|    value_loss           | 0.093       |
-----------------------------------------
---------------------------------
| rollout/           |          |
|    ep_len_mean     | 1.8e+03  |
|    ep_rew_mean     | 36.5     |
| time/              |          |
|    fps             | 1247     |
|    iterations      | 57       |
|    time_elapsed    | 374      |
|    total_timesteps | 466944   |
---------------------------------
-----------------------------------------
| rollout/                |             |
|    ep_len_mean          | 1.8e+03     |
|    ep_rew_mean          | 35.5        |
| time/                   |             |
|    fps                  | 1259        |
|    iterations           | 58          |
|    time_elapsed         | 377         |
|    total_timesteps      | 475136      |
| train/                  |             |
|    approx_kl            | 0.003976492 |
|    clip_fraction        | 0.0361      |
|    clip_range           | 0.2         |
|    entropy_loss         | -0.785      |
|    explained_variance   | 0.948       |
|    learning_rate        | 0.0003      |
|    loss                 | 0.0399      |
|    n_updates            | 570         |
|    policy_gradient_loss | -0.000962   |
|    value_loss           | 0.0689      |
-----------------------------------------
Eval num_timesteps=480000, episode_reward=0.00 +/- 0.00
Episode length: 1801.00 +/- 0.00
-----------------------------------------
| eval/                   |             |
|    mean_ep_length       | 1.8e+03     |
|    mean_reward          | 0           |
| time/                   |             |
|    total_timesteps      | 480000      |
| train/                  |             |
|    approx_kl            | 0.004870938 |
|    clip_fraction        | 0.0387      |
|    clip_range           | 0.2         |
|    entropy_loss         | -0.742      |
|    explained_variance   | 0.971       |
|    learning_rate        | 0.0003      |
|    loss                 | -0.00436    |
|    n_updates            | 580         |
|    policy_gradient_loss | -0.00203    |
|    value_loss           | 0.0218      |
-----------------------------------------
---------------------------------
| rollout/           |          |
|    ep_len_mean     | 1.8e+03  |
|    ep_rew_mean     | 34.2     |
| time/              |          |
|    fps             | 1229     |
|    iterations      | 59       |
|    time_elapsed    | 392      |
|    total_timesteps | 483328   |
---------------------------------
-----------------------------------------
| rollout/                |             |
|    ep_len_mean          | 1.8e+03     |
|    ep_rew_mean          | 33.2        |
| time/                   |             |
|    fps                  | 1241        |
|    iterations           | 60          |
|    time_elapsed         | 396         |
|    total_timesteps      | 491520      |
| train/                  |             |
|    approx_kl            | 0.005791227 |
|    clip_fraction        | 0.0525      |
|    clip_range           | 0.2         |
|    entropy_loss         | -0.767      |
|    explained_variance   | 0.954       |
|    learning_rate        | 0.0003      |
|    loss                 | 0.0809      |
|    n_updates            | 590         |
|    policy_gradient_loss | -0.00266    |
|    value_loss           | 0.0759      |
-----------------------------------------
-----------------------------------------
| rollout/                |             |
|    ep_len_mean          | 1.8e+03     |
|    ep_rew_mean          | 32.1        |
| time/                   |             |
|    fps                  | 1251        |
|    iterations           | 61          |
|    time_elapsed         | 399         |
|    total_timesteps      | 499712      |
| train/                  |             |
|    approx_kl            | 0.005413714 |
|    clip_fraction        | 0.056       |
|    clip_range           | 0.2         |
|    entropy_loss         | -0.715      |
|    explained_variance   | 0.974       |
|    learning_rate        | 0.0003      |
|    loss                 | 0.000424    |
|    n_updates            | 600         |
|    policy_gradient_loss | -0.00223    |
|    value_loss           | 0.0308      |
-----------------------------------------
Eval num_timesteps=500000, episode_reward=0.00 +/- 0.00
Episode length: 1801.00 +/- 0.00
------------------------------------------
| eval/                   |              |
|    mean_ep_length       | 1.8e+03      |
|    mean_reward          | 0            |
| time/                   |              |
|    total_timesteps      | 500000       |
| train/                  |              |
|    approx_kl            | 0.0074208127 |
|    clip_fraction        | 0.089        |
|    clip_range           | 0.2          |
|    entropy_loss         | -0.691       |
|    explained_variance   | 0.971        |
|    learning_rate        | 0.0003       |
|    loss                 | -0.0116      |
|    n_updates            | 610          |
|    policy_gradient_loss | -0.00284     |
|    value_loss           | 0.0296       |
------------------------------------------
---------------------------------
| rollout/           |          |
|    ep_len_mean     | 1.8e+03  |
|    ep_rew_mean     | 31.5     |
| time/              |          |
|    fps             | 1225     |
|    iterations      | 62       |
|    time_elapsed    | 414      |
|    total_timesteps | 507904   |
---------------------------------
-----------------------------------------
| rollout/                |             |
|    ep_len_mean          | 1.8e+03     |
|    ep_rew_mean          | 31          |
| time/                   |             |
|    fps                  | 1235        |
|    iterations           | 63          |
|    time_elapsed         | 417         |
|    total_timesteps      | 516096      |
| train/                  |             |
|    approx_kl            | 0.006578967 |
|    clip_fraction        | 0.0674      |
|    clip_range           | 0.2         |
|    entropy_loss         | -0.674      |
|    explained_variance   | 0.982       |
|    learning_rate        | 0.0003      |
|    loss                 | -0.00371    |
|    n_updates            | 620         |
|    policy_gradient_loss | -0.00307    |
|    value_loss           | 0.0405      |
-----------------------------------------
Eval num_timesteps=520000, episode_reward=0.00 +/- 0.00
Episode length: 1801.00 +/- 0.00
-----------------------------------------
| eval/                   |             |
|    mean_ep_length       | 1.8e+03     |
|    mean_reward          | 0           |
| time/                   |             |
|    total_timesteps      | 520000      |
| train/                  |             |
|    approx_kl            | 0.004483181 |
|    clip_fraction        | 0.0512      |
|    clip_range           | 0.2         |
|    entropy_loss         | -0.685      |
|    explained_variance   | 0.974       |
|    learning_rate        | 0.0003      |
|    loss                 | 0.0414      |
|    n_updates            | 630         |
|    policy_gradient_loss | -0.00261    |
|    value_loss           | 0.0535      |
-----------------------------------------
---------------------------------
| rollout/           |          |
|    ep_len_mean     | 1.8e+03  |
|    ep_rew_mean     | 30.3     |
| time/              |          |
|    fps             | 1210     |
|    iterations      | 64       |
|    time_elapsed    | 433      |
|    total_timesteps | 524288   |
---------------------------------
-----------------------------------------
| rollout/                |             |
|    ep_len_mean          | 1.8e+03     |
|    ep_rew_mean          | 30          |
| time/                   |             |
|    fps                  | 1219        |
|    iterations           | 65          |
|    time_elapsed         | 436         |
|    total_timesteps      | 532480      |
| train/                  |             |
|    approx_kl            | 0.009122891 |
|    clip_fraction        | 0.0757      |
|    clip_range           | 0.2         |
|    entropy_loss         | -0.72       |
|    explained_variance   | 0.991       |
|    learning_rate        | 0.0003      |
|    loss                 | 0.000604    |
|    n_updates            | 640         |
|    policy_gradient_loss | -0.00398    |
|    value_loss           | 0.0116      |
-----------------------------------------
Eval num_timesteps=540000, episode_reward=0.00 +/- 0.00
Episode length: 1801.00 +/- 0.00
------------------------------------------
| eval/                   |              |
|    mean_ep_length       | 1.8e+03      |
|    mean_reward          | 0            |
| time/                   |              |
|    total_timesteps      | 540000       |
| train/                  |              |
|    approx_kl            | 0.0029593224 |
|    clip_fraction        | 0.0234       |
|    clip_range           | 0.2          |
|    entropy_loss         | -0.712       |
|    explained_variance   | 0.977        |
|    learning_rate        | 0.0003       |
|    loss                 | 0.0152       |
|    n_updates            | 650          |
|    policy_gradient_loss | -0.00106     |
|    value_loss           | 0.0597       |
------------------------------------------
---------------------------------
| rollout/           |          |
|    ep_len_mean     | 1.8e+03  |
|    ep_rew_mean     | 29.2     |
| time/              |          |
|    fps             | 1196     |
|    iterations      | 66       |
|    time_elapsed    | 451      |
|    total_timesteps | 540672   |
---------------------------------
------------------------------------------
| rollout/                |              |
|    ep_len_mean          | 1.8e+03      |
|    ep_rew_mean          | 28.2         |
| time/                   |              |
|    fps                  | 1206         |
|    iterations           | 67           |
|    time_elapsed         | 454          |
|    total_timesteps      | 548864       |
| train/                  |              |
|    approx_kl            | 0.0079065785 |
|    clip_fraction        | 0.0697       |
|    clip_range           | 0.2          |
|    entropy_loss         | -0.759       |
|    explained_variance   | 0.967        |
|    learning_rate        | 0.0003       |
|    loss                 | 0.0538       |
|    n_updates            | 660          |
|    policy_gradient_loss | -0.00199     |
|    value_loss           | 0.0654       |
------------------------------------------
------------------------------------------
| rollout/                |              |
|    ep_len_mean          | 1.8e+03      |
|    ep_rew_mean          | 27.6         |
| time/                   |              |
|    fps                  | 1215         |
|    iterations           | 68           |
|    time_elapsed         | 458          |
|    total_timesteps      | 557056       |
| train/                  |              |
|    approx_kl            | 0.0058082608 |
|    clip_fraction        | 0.0438       |
|    clip_range           | 0.2          |
|    entropy_loss         | -0.758       |
|    explained_variance   | 0.929        |
|    learning_rate        | 0.0003       |
|    loss                 | -0.00381     |
|    n_updates            | 670          |
|    policy_gradient_loss | -0.00289     |
|    value_loss           | 0.047        |
------------------------------------------
Eval num_timesteps=560000, episode_reward=0.00 +/- 0.00
Episode length: 1801.00 +/- 0.00
-----------------------------------------
| eval/                   |             |
|    mean_ep_length       | 1.8e+03     |
|    mean_reward          | 0           |
| time/                   |             |
|    total_timesteps      | 560000      |
| train/                  |             |
|    approx_kl            | 0.004457132 |
|    clip_fraction        | 0.0396      |
|    clip_range           | 0.2         |
|    entropy_loss         | -0.784      |
|    explained_variance   | 0.969       |
|    learning_rate        | 0.0003      |
|    loss                 | 0.0194      |
|    n_updates            | 680         |
|    policy_gradient_loss | -0.00271    |
|    value_loss           | 0.0653      |
-----------------------------------------
---------------------------------
| rollout/           |          |
|    ep_len_mean     | 1.8e+03  |
|    ep_rew_mean     | 26.9     |
| time/              |          |
|    fps             | 1194     |
|    iterations      | 69       |
|    time_elapsed    | 473      |
|    total_timesteps | 565248   |
---------------------------------
-----------------------------------------
| rollout/                |             |
|    ep_len_mean          | 1.79e+03    |
|    ep_rew_mean          | 26.1        |
| time/                   |             |
|    fps                  | 1203        |
|    iterations           | 70          |
|    time_elapsed         | 476         |
|    total_timesteps      | 573440      |
| train/                  |             |
|    approx_kl            | 0.008114665 |
|    clip_fraction        | 0.0999      |
|    clip_range           | 0.2         |
|    entropy_loss         | -0.791      |
|    explained_variance   | 0.951       |
|    learning_rate        | 0.0003      |
|    loss                 | 0.0423      |
|    n_updates            | 690         |
|    policy_gradient_loss | -0.00267    |
|    value_loss           | 0.0712      |
-----------------------------------------
Eval num_timesteps=580000, episode_reward=0.00 +/- 0.00
Episode length: 1801.00 +/- 0.00
-----------------------------------------
| eval/                   |             |
|    mean_ep_length       | 1.8e+03     |
|    mean_reward          | 0           |
| time/                   |             |
|    total_timesteps      | 580000      |
| train/                  |             |
|    approx_kl            | 0.008333832 |
|    clip_fraction        | 0.0725      |
|    clip_range           | 0.2         |
|    entropy_loss         | -0.769      |
|    explained_variance   | 0.812       |
|    learning_rate        | 0.0003      |
|    loss                 | 0.0595      |
|    n_updates            | 700         |
|    policy_gradient_loss | -0.000847   |
|    value_loss           | 0.125       |
-----------------------------------------
---------------------------------
| rollout/           |          |
|    ep_len_mean     | 1.79e+03 |
|    ep_rew_mean     | 24.5     |
| time/              |          |
|    fps             | 1183     |
|    iterations      | 71       |
|    time_elapsed    | 491      |
|    total_timesteps | 581632   |
---------------------------------
-----------------------------------------
| rollout/                |             |
|    ep_len_mean          | 1.79e+03    |
|    ep_rew_mean          | 24          |
| time/                   |             |
|    fps                  | 1192        |
|    iterations           | 72          |
|    time_elapsed         | 494         |
|    total_timesteps      | 589824      |
| train/                  |             |
|    approx_kl            | 0.005669567 |
|    clip_fraction        | 0.051       |
|    clip_range           | 0.2         |
|    entropy_loss         | -0.803      |
|    explained_variance   | 0.973       |
|    learning_rate        | 0.0003      |
|    loss                 | -0.00774    |
|    n_updates            | 710         |
|    policy_gradient_loss | -0.00323    |
|    value_loss           | 0.0279      |
-----------------------------------------
------------------------------------------
| rollout/                |              |
|    ep_len_mean          | 1.79e+03     |
|    ep_rew_mean          | 23.3         |
| time/                   |              |
|    fps                  | 1200         |
|    iterations           | 73           |
|    time_elapsed         | 498          |
|    total_timesteps      | 598016       |
| train/                  |              |
|    approx_kl            | 0.0059209596 |
|    clip_fraction        | 0.0364       |
|    clip_range           | 0.2          |
|    entropy_loss         | -0.803       |
|    explained_variance   | 0.977        |
|    learning_rate        | 0.0003       |
|    loss                 | 0.00504      |
|    n_updates            | 720          |
|    policy_gradient_loss | -0.00235     |
|    value_loss           | 0.0418       |
------------------------------------------
Eval num_timesteps=600000, episode_reward=0.00 +/- 0.00
Episode length: 1801.00 +/- 0.00
-----------------------------------------
| eval/                   |             |
|    mean_ep_length       | 1.8e+03     |
|    mean_reward          | 0           |
| time/                   |             |
|    total_timesteps      | 600000      |
| train/                  |             |
|    approx_kl            | 0.005591502 |
|    clip_fraction        | 0.0586      |
|    clip_range           | 0.2         |
|    entropy_loss         | -0.773      |
|    explained_variance   | 0.984       |
|    learning_rate        | 0.0003      |
|    loss                 | 3.48e-05    |
|    n_updates            | 730         |
|    policy_gradient_loss | -0.00174    |
|    value_loss           | 0.0249      |
-----------------------------------------
---------------------------------
| rollout/           |          |
|    ep_len_mean     | 1.79e+03 |
|    ep_rew_mean     | 23       |
| time/              |          |
|    fps             | 1178     |
|    iterations      | 74       |
|    time_elapsed    | 514      |
|    total_timesteps | 606208   |
---------------------------------
-----------------------------------------
| rollout/                |             |
|    ep_len_mean          | 1.79e+03    |
|    ep_rew_mean          | 22.7        |
| time/                   |             |
|    fps                  | 1187        |
|    iterations           | 75          |
|    time_elapsed         | 517         |
|    total_timesteps      | 614400      |
| train/                  |             |
|    approx_kl            | 0.004070593 |
|    clip_fraction        | 0.0441      |
|    clip_range           | 0.2         |
|    entropy_loss         | -0.782      |
|    explained_variance   | 0.968       |
|    learning_rate        | 0.0003      |
|    loss                 | 0.00307     |
|    n_updates            | 740         |
|    policy_gradient_loss | -0.00253    |
|    value_loss           | 0.0526      |
-----------------------------------------
Eval num_timesteps=620000, episode_reward=-0.60 +/- 0.58
Episode length: 1801.00 +/- 0.00
-----------------------------------------
| eval/                   |             |
|    mean_ep_length       | 1.8e+03     |
|    mean_reward          | -0.6        |
| time/                   |             |
|    total_timesteps      | 620000      |
| train/                  |             |
|    approx_kl            | 0.017644942 |
|    clip_fraction        | 0.0656      |
|    clip_range           | 0.2         |
|    entropy_loss         | -0.791      |
|    explained_variance   | 0.97        |
|    learning_rate        | 0.0003      |
|    loss                 | -0.0222     |
|    n_updates            | 750         |
|    policy_gradient_loss | -0.00595    |
|    value_loss           | 0.0493      |
-----------------------------------------
---------------------------------
| rollout/           |          |
|    ep_len_mean     | 1.78e+03 |
|    ep_rew_mean     | 21.9     |
| time/              |          |
|    fps             | 1168     |
|    iterations      | 76       |
|    time_elapsed    | 532      |
|    total_timesteps | 622592   |
---------------------------------
------------------------------------------
| rollout/                |              |
|    ep_len_mean          | 1.78e+03     |
|    ep_rew_mean          | 21.8         |
| time/                   |              |
|    fps                  | 1177         |
|    iterations           | 77           |
|    time_elapsed         | 535          |
|    total_timesteps      | 630784       |
| train/                  |              |
|    approx_kl            | 0.0054260446 |
|    clip_fraction        | 0.0612       |
|    clip_range           | 0.2          |
|    entropy_loss         | -0.802       |
|    explained_variance   | 0.94         |
|    learning_rate        | 0.0003       |
|    loss                 | 0.0442       |
|    n_updates            | 760          |
|    policy_gradient_loss | -0.00284     |
|    value_loss           | 0.0998       |
------------------------------------------
-----------------------------------------
| rollout/                |             |
|    ep_len_mean          | 1.78e+03    |
|    ep_rew_mean          | 21.8        |
| time/                   |             |
|    fps                  | 1185        |
|    iterations           | 78          |
|    time_elapsed         | 538         |
|    total_timesteps      | 638976      |
| train/                  |             |
|    approx_kl            | 0.007001229 |
|    clip_fraction        | 0.0776      |
|    clip_range           | 0.2         |
|    entropy_loss         | -0.806      |
|    explained_variance   | 0.966       |
|    learning_rate        | 0.0003      |
|    loss                 | 0.0429      |
|    n_updates            | 770         |
|    policy_gradient_loss | -0.00554    |
|    value_loss           | 0.0981      |
-----------------------------------------
Eval num_timesteps=640000, episode_reward=0.00 +/- 0.00
Episode length: 1801.00 +/- 0.00
-----------------------------------------
| eval/                   |             |
|    mean_ep_length       | 1.8e+03     |
|    mean_reward          | 0           |
| time/                   |             |
|    total_timesteps      | 640000      |
| train/                  |             |
|    approx_kl            | 0.008937979 |
|    clip_fraction        | 0.108       |
|    clip_range           | 0.2         |
|    entropy_loss         | -0.734      |
|    explained_variance   | 0.984       |
|    learning_rate        | 0.0003      |
|    loss                 | 0.00613     |
|    n_updates            | 780         |
|    policy_gradient_loss | -0.00669    |
|    value_loss           | 0.0473      |
-----------------------------------------
---------------------------------
| rollout/           |          |
|    ep_len_mean     | 1.78e+03 |
|    ep_rew_mean     | 21.9     |
| time/              |          |
|    fps             | 1167     |
|    iterations      | 79       |
|    time_elapsed    | 554      |
|    total_timesteps | 647168   |
---------------------------------
-----------------------------------------
| rollout/                |             |
|    ep_len_mean          | 1.78e+03    |
|    ep_rew_mean          | 21.8        |
| time/                   |             |
|    fps                  | 1175        |
|    iterations           | 80          |
|    time_elapsed         | 557         |
|    total_timesteps      | 655360      |
| train/                  |             |
|    approx_kl            | 0.007957626 |
|    clip_fraction        | 0.121       |
|    clip_range           | 0.2         |
|    entropy_loss         | -0.73       |
|    explained_variance   | 0.984       |
|    learning_rate        | 0.0003      |
|    loss                 | 0.0204      |
|    n_updates            | 790         |
|    policy_gradient_loss | -0.00791    |
|    value_loss           | 0.0361      |
-----------------------------------------
Eval num_timesteps=660000, episode_reward=0.00 +/- 0.00
Episode length: 1801.00 +/- 0.00
------------------------------------------
| eval/                   |              |
|    mean_ep_length       | 1.8e+03      |
|    mean_reward          | 0            |
| time/                   |              |
|    total_timesteps      | 660000       |
| train/                  |              |
|    approx_kl            | 0.0077853766 |
|    clip_fraction        | 0.0809       |
|    clip_range           | 0.2          |
|    entropy_loss         | -0.728       |
|    explained_variance   | 0.98         |
|    learning_rate        | 0.0003       |
|    loss                 | -0.0125      |
|    n_updates            | 800          |
|    policy_gradient_loss | -0.00332     |
|    value_loss           | 0.0359       |
------------------------------------------
---------------------------------
| rollout/           |          |
|    ep_len_mean     | 1.78e+03 |
|    ep_rew_mean     | 21.7     |
| time/              |          |
|    fps             | 1158     |
|    iterations      | 81       |
|    time_elapsed    | 572      |
|    total_timesteps | 663552   |
---------------------------------
-----------------------------------------
| rollout/                |             |
|    ep_len_mean          | 1.77e+03    |
|    ep_rew_mean          | 22          |
| time/                   |             |
|    fps                  | 1166        |
|    iterations           | 82          |
|    time_elapsed         | 575         |
|    total_timesteps      | 671744      |
| train/                  |             |
|    approx_kl            | 0.008497902 |
|    clip_fraction        | 0.0567      |
|    clip_range           | 0.2         |
|    entropy_loss         | -0.717      |
|    explained_variance   | 0.962       |
|    learning_rate        | 0.0003      |
|    loss                 | 0.0138      |
|    n_updates            | 810         |
|    policy_gradient_loss | -0.00424    |
|    value_loss           | 0.0458      |
-----------------------------------------
-----------------------------------------
| rollout/                |             |
|    ep_len_mean          | 1.77e+03    |
|    ep_rew_mean          | 22.7        |
| time/                   |             |
|    fps                  | 1174        |
|    iterations           | 83          |
|    time_elapsed         | 579         |
|    total_timesteps      | 679936      |
| train/                  |             |
|    approx_kl            | 0.004690024 |
|    clip_fraction        | 0.0504      |
|    clip_range           | 0.2         |
|    entropy_loss         | -0.687      |
|    explained_variance   | 0.981       |
|    learning_rate        | 0.0003      |
|    loss                 | 0.0114      |
|    n_updates            | 820         |
|    policy_gradient_loss | -0.00217    |
|    value_loss           | 0.0419      |
-----------------------------------------
Eval num_timesteps=680000, episode_reward=3.95 +/- 1.49
Episode length: 1801.00 +/- 0.00
-----------------------------------------
| eval/                   |             |
|    mean_ep_length       | 1.8e+03     |
|    mean_reward          | 3.95        |
| time/                   |             |
|    total_timesteps      | 680000      |
| train/                  |             |
|    approx_kl            | 0.008777184 |
|    clip_fraction        | 0.058       |
|    clip_range           | 0.2         |
|    entropy_loss         | -0.71       |
|    explained_variance   | 0.976       |
|    learning_rate        | 0.0003      |
|    loss                 | 0.0357      |
|    n_updates            | 830         |
|    policy_gradient_loss | -0.00506    |
|    value_loss           | 0.0585      |
-----------------------------------------
---------------------------------
| rollout/           |          |
|    ep_len_mean     | 1.77e+03 |
|    ep_rew_mean     | 22.9     |
| time/              |          |
|    fps             | 1157     |
|    iterations      | 84       |
|    time_elapsed    | 594      |
|    total_timesteps | 688128   |
---------------------------------
-----------------------------------------
| rollout/                |             |
|    ep_len_mean          | 1.77e+03    |
|    ep_rew_mean          | 23.5        |
| time/                   |             |
|    fps                  | 1165        |
|    iterations           | 85          |
|    time_elapsed         | 597         |
|    total_timesteps      | 696320      |
| train/                  |             |
|    approx_kl            | 0.004867738 |
|    clip_fraction        | 0.0361      |
|    clip_range           | 0.2         |
|    entropy_loss         | -0.721      |
|    explained_variance   | 0.984       |
|    learning_rate        | 0.0003      |
|    loss                 | 0.0289      |
|    n_updates            | 840         |
|    policy_gradient_loss | -0.00196    |
|    value_loss           | 0.0514      |
-----------------------------------------
Eval num_timesteps=700000, episode_reward=-16.90 +/- 0.62
Episode length: 1338.30 +/- 150.55
-----------------------------------------
| eval/                   |             |
|    mean_ep_length       | 1.34e+03    |
|    mean_reward          | -16.9       |
| time/                   |             |
|    total_timesteps      | 700000      |
| train/                  |             |
|    approx_kl            | 0.005947158 |
|    clip_fraction        | 0.0653      |
|    clip_range           | 0.2         |
|    entropy_loss         | -0.703      |
|    explained_variance   | 0.985       |
|    learning_rate        | 0.0003      |
|    loss                 | 0.0222      |
|    n_updates            | 850         |
|    policy_gradient_loss | -0.00381    |
|    value_loss           | 0.0432      |
-----------------------------------------
---------------------------------
| rollout/           |          |
|    ep_len_mean     | 1.77e+03 |
|    ep_rew_mean     | 23.6     |
| time/              |          |
|    fps             | 1155     |
|    iterations      | 86       |
|    time_elapsed    | 609      |
|    total_timesteps | 704512   |
---------------------------------
------------------------------------------
| rollout/                |              |
|    ep_len_mean          | 1.77e+03     |
|    ep_rew_mean          | 23.5         |
| time/                   |              |
|    fps                  | 1162         |
|    iterations           | 87           |
|    time_elapsed         | 612          |
|    total_timesteps      | 712704       |
| train/                  |              |
|    approx_kl            | 0.0039339587 |
|    clip_fraction        | 0.0453       |
|    clip_range           | 0.2          |
|    entropy_loss         | -0.684       |
|    explained_variance   | 0.984        |
|    learning_rate        | 0.0003       |
|    loss                 | -0.000434    |
|    n_updates            | 860          |
|    policy_gradient_loss | -0.00283     |
|    value_loss           | 0.0495       |
------------------------------------------
Eval num_timesteps=720000, episode_reward=-5.90 +/- 0.44
Episode length: 1801.00 +/- 0.00
-----------------------------------------
| eval/                   |             |
|    mean_ep_length       | 1.8e+03     |
|    mean_reward          | -5.9        |
| time/                   |             |
|    total_timesteps      | 720000      |
| train/                  |             |
|    approx_kl            | 0.005692578 |
|    clip_fraction        | 0.0676      |
|    clip_range           | 0.2         |
|    entropy_loss         | -0.701      |
|    explained_variance   | 0.984       |
|    learning_rate        | 0.0003      |
|    loss                 | 0.0145      |
|    n_updates            | 870         |
|    policy_gradient_loss | -0.00243    |
|    value_loss           | 0.0461      |
-----------------------------------------
---------------------------------
| rollout/           |          |
|    ep_len_mean     | 1.77e+03 |
|    ep_rew_mean     | 23.5     |
| time/              |          |
|    fps             | 1147     |
|    iterations      | 88       |
|    time_elapsed    | 628      |
|    total_timesteps | 720896   |
---------------------------------
----------------------------------------
| rollout/                |            |
|    ep_len_mean          | 1.77e+03   |
|    ep_rew_mean          | 23.6       |
| time/                   |            |
|    fps                  | 1155       |
|    iterations           | 89         |
|    time_elapsed         | 631        |
|    total_timesteps      | 729088     |
| train/                  |            |
|    approx_kl            | 0.00522627 |
|    clip_fraction        | 0.0539     |
|    clip_range           | 0.2        |
|    entropy_loss         | -0.692     |
|    explained_variance   | 0.989      |
|    learning_rate        | 0.0003     |
|    loss                 | 0.00863    |
|    n_updates            | 880        |
|    policy_gradient_loss | -0.00243   |
|    value_loss           | 0.0235     |
----------------------------------------
------------------------------------------
| rollout/                |              |
|    ep_len_mean          | 1.76e+03     |
|    ep_rew_mean          | 23.3         |
| time/                   |              |
|    fps                  | 1162         |
|    iterations           | 90           |
|    time_elapsed         | 634          |
|    total_timesteps      | 737280       |
| train/                  |              |
|    approx_kl            | 0.0043369685 |
|    clip_fraction        | 0.0479       |
|    clip_range           | 0.2          |
|    entropy_loss         | -0.677       |
|    explained_variance   | 0.966        |
|    learning_rate        | 0.0003       |
|    loss                 | 0.00982      |
|    n_updates            | 890          |
|    policy_gradient_loss | -0.00316     |
|    value_loss           | 0.075        |
------------------------------------------
Eval num_timesteps=740000, episode_reward=-7.10 +/- 4.75
Episode length: 1576.00 +/- 450.00
------------------------------------------
| eval/                   |              |
|    mean_ep_length       | 1.58e+03     |
|    mean_reward          | -7.1         |
| time/                   |              |
|    total_timesteps      | 740000       |
| train/                  |              |
|    approx_kl            | 0.0052874084 |
|    clip_fraction        | 0.0513       |
|    clip_range           | 0.2          |
|    entropy_loss         | -0.693       |
|    explained_variance   | 0.929        |
|    learning_rate        | 0.0003       |
|    loss                 | 0.127        |
|    n_updates            | 900          |
|    policy_gradient_loss | -0.0022      |
|    value_loss           | 0.163        |
------------------------------------------
---------------------------------
| rollout/           |          |
|    ep_len_mean     | 1.74e+03 |
|    ep_rew_mean     | 22.5     |
| time/              |          |
|    fps             | 1149     |
|    iterations      | 91       |
|    time_elapsed    | 648      |
|    total_timesteps | 745472   |
---------------------------------
------------------------------------------
| rollout/                |              |
|    ep_len_mean          | 1.74e+03     |
|    ep_rew_mean          | 22.3         |
| time/                   |              |
|    fps                  | 1156         |
|    iterations           | 92           |
|    time_elapsed         | 651          |
|    total_timesteps      | 753664       |
| train/                  |              |
|    approx_kl            | 0.0054049212 |
|    clip_fraction        | 0.0516       |
|    clip_range           | 0.2          |
|    entropy_loss         | -0.673       |
|    explained_variance   | 0.926        |
|    learning_rate        | 0.0003       |
|    loss                 | 0.0976       |
|    n_updates            | 910          |
|    policy_gradient_loss | -0.00282     |
|    value_loss           | 0.347        |
------------------------------------------
Eval num_timesteps=760000, episode_reward=-2.00 +/- 6.40
Episode length: 1709.30 +/- 275.10
-----------------------------------------
| eval/                   |             |
|    mean_ep_length       | 1.71e+03    |
|    mean_reward          | -2          |
| time/                   |             |
|    total_timesteps      | 760000      |
| train/                  |             |
|    approx_kl            | 0.007119682 |
|    clip_fraction        | 0.0489      |
|    clip_range           | 0.2         |
|    entropy_loss         | -0.645      |
|    explained_variance   | 0.958       |
|    learning_rate        | 0.0003      |
|    loss                 | 0.0216      |
|    n_updates            | 920         |
|    policy_gradient_loss | -0.00409    |
|    value_loss           | 0.114       |
-----------------------------------------
---------------------------------
| rollout/           |          |
|    ep_len_mean     | 1.74e+03 |
|    ep_rew_mean     | 22.1     |
| time/              |          |
|    fps             | 1142     |
|    iterations      | 93       |
|    time_elapsed    | 666      |
|    total_timesteps | 761856   |
---------------------------------
------------------------------------------
| rollout/                |              |
|    ep_len_mean          | 1.71e+03     |
|    ep_rew_mean          | 21.5         |
| time/                   |              |
|    fps                  | 1149         |
|    iterations           | 94           |
|    time_elapsed         | 669          |
|    total_timesteps      | 770048       |
| train/                  |              |
|    approx_kl            | 0.0056972518 |
|    clip_fraction        | 0.0508       |
|    clip_range           | 0.2          |
|    entropy_loss         | -0.601       |
|    explained_variance   | 0.97         |
|    learning_rate        | 0.0003       |
|    loss                 | 0.0127       |
|    n_updates            | 930          |
|    policy_gradient_loss | -0.00418     |
|    value_loss           | 0.0601       |
------------------------------------------
------------------------------------------
| rollout/                |              |
|    ep_len_mean          | 1.7e+03      |
|    ep_rew_mean          | 20.9         |
| time/                   |              |
|    fps                  | 1156         |
|    iterations           | 95           |
|    time_elapsed         | 672          |
|    total_timesteps      | 778240       |
| train/                  |              |
|    approx_kl            | 0.0064511923 |
|    clip_fraction        | 0.0834       |
|    clip_range           | 0.2          |
|    entropy_loss         | -0.636       |
|    explained_variance   | 0.918        |
|    learning_rate        | 0.0003       |
|    loss                 | 0.0563       |
|    n_updates            | 940          |
|    policy_gradient_loss | -0.0026      |
|    value_loss           | 0.257        |
------------------------------------------
Eval num_timesteps=780000, episode_reward=-2.20 +/- 6.50
Episode length: 1689.20 +/- 335.40
-----------------------------------------
| eval/                   |             |
|    mean_ep_length       | 1.69e+03    |
|    mean_reward          | -2.2        |
| time/                   |             |
|    total_timesteps      | 780000      |
| train/                  |             |
|    approx_kl            | 0.004858126 |
|    clip_fraction        | 0.0498      |
|    clip_range           | 0.2         |
|    entropy_loss         | -0.622      |
|    explained_variance   | 0.905       |
|    learning_rate        | 0.0003      |
|    loss                 | 0.0516      |
|    n_updates            | 950         |
|    policy_gradient_loss | -0.00364    |
|    value_loss           | 0.252       |
-----------------------------------------
---------------------------------
| rollout/           |          |
|    ep_len_mean     | 1.7e+03  |
|    ep_rew_mean     | 21.2     |
| time/              |          |
|    fps             | 1143     |
|    iterations      | 96       |
|    time_elapsed    | 687      |
|    total_timesteps | 786432   |
---------------------------------
------------------------------------------
| rollout/                |              |
|    ep_len_mean          | 1.71e+03     |
|    ep_rew_mean          | 22           |
| time/                   |              |
|    fps                  | 1150         |
|    iterations           | 97           |
|    time_elapsed         | 690          |
|    total_timesteps      | 794624       |
| train/                  |              |
|    approx_kl            | 0.0036267177 |
|    clip_fraction        | 0.0381       |
|    clip_range           | 0.2          |
|    entropy_loss         | -0.623       |
|    explained_variance   | 0.961        |
|    learning_rate        | 0.0003       |
|    loss                 | 0.0264       |
|    n_updates            | 960          |
|    policy_gradient_loss | -0.00259     |
|    value_loss           | 0.127        |
------------------------------------------
Eval num_timesteps=800000, episode_reward=-11.40 +/- 6.96
Episode length: 1613.30 +/- 137.85
-----------------------------------------
| eval/                   |             |
|    mean_ep_length       | 1.61e+03    |
|    mean_reward          | -11.4       |
| time/                   |             |
|    total_timesteps      | 800000      |
| train/                  |             |
|    approx_kl            | 0.006303424 |
|    clip_fraction        | 0.0761      |
|    clip_range           | 0.2         |
|    entropy_loss         | -0.575      |
|    explained_variance   | 0.967       |
|    learning_rate        | 0.0003      |
|    loss                 | -0.000856   |
|    n_updates            | 970         |
|    policy_gradient_loss | -0.00676    |
|    value_loss           | 0.0415      |
-----------------------------------------
---------------------------------
| rollout/           |          |
|    ep_len_mean     | 1.71e+03 |
|    ep_rew_mean     | 21.8     |
| time/              |          |
|    fps             | 1140     |
|    iterations      | 98       |
|    time_elapsed    | 704      |
|    total_timesteps | 802816   |
---------------------------------
    -> baseline_s44: +4.65 +/- 0.36 (11.8 min)

=== [net_big_s44] net=(128, 128) lr=0.0003 seed=44 ===
Using cpu device
---------------------------------
| rollout/           |          |
|    ep_len_mean     | 247      |
|    ep_rew_mean     | -16.6    |
| time/              |          |
|    fps             | 4528     |
|    iterations      | 1        |
|    time_elapsed    | 1        |
|    total_timesteps | 8192     |
---------------------------------
-----------------------------------------
| rollout/                |             |
|    ep_len_mean          | 239         |
|    ep_rew_mean          | -16.6       |
| time/                   |             |
|    fps                  | 3153        |
|    iterations           | 2           |
|    time_elapsed         | 5           |
|    total_timesteps      | 16384       |
| train/                  |             |
|    approx_kl            | 0.019288335 |
|    clip_fraction        | 0.166       |
|    clip_range           | 0.2         |
|    entropy_loss         | -1.78       |
|    explained_variance   | -0.00166    |
|    learning_rate        | 0.0003      |
|    loss                 | 0.522       |
|    n_updates            | 10          |
|    policy_gradient_loss | -0.00712    |
|    value_loss           | 2.73        |
-----------------------------------------
Eval num_timesteps=20000, episode_reward=-22.15 +/- 0.39
Episode length: 369.10 +/- 27.33
-----------------------------------------
| eval/                   |             |
|    mean_ep_length       | 369         |
|    mean_reward          | -22.1       |
| time/                   |             |
|    total_timesteps      | 20000       |
| train/                  |             |
|    approx_kl            | 0.015340507 |
|    clip_fraction        | 0.141       |
|    clip_range           | 0.2         |
|    entropy_loss         | -1.75       |
|    explained_variance   | 0.836       |
|    learning_rate        | 0.0003      |
|    loss                 | 0.28        |
|    n_updates            | 20          |
|    policy_gradient_loss | -0.00648    |
|    value_loss           | 0.757       |
-----------------------------------------
New best mean reward!
---------------------------------
| rollout/           |          |
|    ep_len_mean     | 259      |
|    ep_rew_mean     | -16.1    |
| time/              |          |
|    fps             | 2249     |
|    iterations      | 3        |
|    time_elapsed    | 10       |
|    total_timesteps | 24576    |
---------------------------------
------------------------------------------
| rollout/                |              |
|    ep_len_mean          | 279          |
|    ep_rew_mean          | -15.4        |
| time/                   |              |
|    fps                  | 2311         |
|    iterations           | 4            |
|    time_elapsed         | 14           |
|    total_timesteps      | 32768        |
| train/                  |              |
|    approx_kl            | 0.0145981945 |
|    clip_fraction        | 0.125        |
|    clip_range           | 0.2          |
|    entropy_loss         | -1.73        |
|    explained_variance   | 0.935        |
|    learning_rate        | 0.0003       |
|    loss                 | 0.199        |
|    n_updates            | 30           |
|    policy_gradient_loss | -0.00453     |
|    value_loss           | 0.522        |
------------------------------------------
Eval num_timesteps=40000, episode_reward=-23.00 +/- 0.00
Episode length: 409.20 +/- 21.02
----------------------------------------
| eval/                   |            |
|    mean_ep_length       | 409        |
|    mean_reward          | -23        |
| time/                   |            |
|    total_timesteps      | 40000      |
| train/                  |            |
|    approx_kl            | 0.01404965 |
|    clip_fraction        | 0.175      |
|    clip_range           | 0.2        |
|    entropy_loss         | -1.68      |
|    explained_variance   | 0.961      |
|    learning_rate        | 0.0003     |
|    loss                 | 0.165      |
|    n_updates            | 40         |
|    policy_gradient_loss | -0.00733   |
|    value_loss           | 0.359      |
----------------------------------------
---------------------------------
| rollout/           |          |
|    ep_len_mean     | 308      |
|    ep_rew_mean     | -14.2    |
| time/              |          |
|    fps             | 2012     |
|    iterations      | 5        |
|    time_elapsed    | 20       |
|    total_timesteps | 40960    |
---------------------------------
-----------------------------------------
| rollout/                |             |
|    ep_len_mean          | 337         |
|    ep_rew_mean          | -13         |
| time/                   |             |
|    fps                  | 2068        |
|    iterations           | 6           |
|    time_elapsed         | 23          |
|    total_timesteps      | 49152       |
| train/                  |             |
|    approx_kl            | 0.010613088 |
|    clip_fraction        | 0.11        |
|    clip_range           | 0.2         |
|    entropy_loss         | -1.64       |
|    explained_variance   | 0.971       |
|    learning_rate        | 0.0003      |
|    loss                 | 0.144       |
|    n_updates            | 50          |
|    policy_gradient_loss | -0.00312    |
|    value_loss           | 0.277       |
-----------------------------------------
-----------------------------------------
| rollout/                |             |
|    ep_len_mean          | 357         |
|    ep_rew_mean          | -11.9       |
| time/                   |             |
|    fps                  | 2111        |
|    iterations           | 7           |
|    time_elapsed         | 27          |
|    total_timesteps      | 57344       |
| train/                  |             |
|    approx_kl            | 0.005522698 |
|    clip_fraction        | 0.0417      |
|    clip_range           | 0.2         |
|    entropy_loss         | -1.61       |
|    explained_variance   | 0.981       |
|    learning_rate        | 0.0003      |
|    loss                 | 0.12        |
|    n_updates            | 60          |
|    policy_gradient_loss | -0.002      |
|    value_loss           | 0.261       |
-----------------------------------------
Eval num_timesteps=60000, episode_reward=-22.45 +/- 0.15
Episode length: 354.30 +/- 14.80
-----------------------------------------
| eval/                   |             |
|    mean_ep_length       | 354         |
|    mean_reward          | -22.4       |
| time/                   |             |
|    total_timesteps      | 60000       |
| train/                  |             |
|    approx_kl            | 0.009312091 |
|    clip_fraction        | 0.0661      |
|    clip_range           | 0.2         |
|    entropy_loss         | -1.58       |
|    explained_variance   | 0.982       |
|    learning_rate        | 0.0003      |
|    loss                 | 0.145       |
|    n_updates            | 70          |
|    policy_gradient_loss | -0.00352    |
|    value_loss           | 0.361       |
-----------------------------------------
---------------------------------
| rollout/           |          |
|    ep_len_mean     | 366      |
|    ep_rew_mean     | -11.3    |
| time/              |          |
|    fps             | 1983     |
|    iterations      | 8        |
|    time_elapsed    | 33       |
|    total_timesteps | 65536    |
---------------------------------
-----------------------------------------
| rollout/                |             |
|    ep_len_mean          | 367         |
|    ep_rew_mean          | -11         |
| time/                   |             |
|    fps                  | 2031        |
|    iterations           | 9           |
|    time_elapsed         | 36          |
|    total_timesteps      | 73728       |
| train/                  |             |
|    approx_kl            | 0.008286471 |
|    clip_fraction        | 0.0597      |
|    clip_range           | 0.2         |
|    entropy_loss         | -1.58       |
|    explained_variance   | 0.988       |
|    learning_rate        | 0.0003      |
|    loss                 | 0.0653      |
|    n_updates            | 80          |
|    policy_gradient_loss | -0.00349    |
|    value_loss           | 0.193       |
-----------------------------------------
Eval num_timesteps=80000, episode_reward=-22.05 +/- 0.42
Episode length: 357.20 +/- 13.89
-----------------------------------------
| eval/                   |             |
|    mean_ep_length       | 357         |
|    mean_reward          | -22.1       |
| time/                   |             |
|    total_timesteps      | 80000       |
| train/                  |             |
|    approx_kl            | 0.008381412 |
|    clip_fraction        | 0.0855      |
|    clip_range           | 0.2         |
|    entropy_loss         | -1.55       |
|    explained_variance   | 0.991       |
|    learning_rate        | 0.0003      |
|    loss                 | 0.0817      |
|    n_updates            | 90          |
|    policy_gradient_loss | -0.00517    |
|    value_loss           | 0.175       |
-----------------------------------------
New best mean reward!
---------------------------------
| rollout/           |          |
|    ep_len_mean     | 364      |
|    ep_rew_mean     | -11.1    |
| time/              |          |
|    fps             | 1948     |
|    iterations      | 10       |
|    time_elapsed    | 42       |
|    total_timesteps | 81920    |
---------------------------------
-----------------------------------------
| rollout/                |             |
|    ep_len_mean          | 365         |
|    ep_rew_mean          | -11         |
| time/                   |             |
|    fps                  | 1983        |
|    iterations           | 11          |
|    time_elapsed         | 45          |
|    total_timesteps      | 90112       |
| train/                  |             |
|    approx_kl            | 0.006310178 |
|    clip_fraction        | 0.0417      |
|    clip_range           | 0.2         |
|    entropy_loss         | -1.49       |
|    explained_variance   | 0.992       |
|    learning_rate        | 0.0003      |
|    loss                 | 0.0408      |
|    n_updates            | 100         |
|    policy_gradient_loss | -0.00322    |
|    value_loss           | 0.172       |
-----------------------------------------
-----------------------------------------
| rollout/                |             |
|    ep_len_mean          | 364         |
|    ep_rew_mean          | -10.9       |
| time/                   |             |
|    fps                  | 2013        |
|    iterations           | 12          |
|    time_elapsed         | 48          |
|    total_timesteps      | 98304       |
| train/                  |             |
|    approx_kl            | 0.010370935 |
|    clip_fraction        | 0.059       |
|    clip_range           | 0.2         |
|    entropy_loss         | -1.46       |
|    explained_variance   | 0.993       |
|    learning_rate        | 0.0003      |
|    loss                 | 0.057       |
|    n_updates            | 110         |
|    policy_gradient_loss | -0.00415    |
|    value_loss           | 0.156       |
-----------------------------------------
Eval num_timesteps=100000, episode_reward=-22.35 +/- 0.23
Episode length: 352.90 +/- 13.19
-----------------------------------------
| eval/                   |             |
|    mean_ep_length       | 353         |
|    mean_reward          | -22.4       |
| time/                   |             |
|    total_timesteps      | 100000      |
| train/                  |             |
|    approx_kl            | 0.006429174 |
|    clip_fraction        | 0.0363      |
|    clip_range           | 0.2         |
|    entropy_loss         | -1.46       |
|    explained_variance   | 0.993       |
|    learning_rate        | 0.0003      |
|    loss                 | 0.0802      |
|    n_updates            | 120         |
|    policy_gradient_loss | -0.00215    |
|    value_loss           | 0.166       |
-----------------------------------------
---------------------------------
| rollout/           |          |
|    ep_len_mean     | 365      |
|    ep_rew_mean     | -10.9    |
| time/              |          |
|    fps             | 1952     |
|    iterations      | 13       |
|    time_elapsed    | 54       |
|    total_timesteps | 106496   |
---------------------------------
----------------------------------------
| rollout/                |            |
|    ep_len_mean          | 365        |
|    ep_rew_mean          | -10.9      |
| time/                   |            |
|    fps                  | 1981       |
|    iterations           | 14         |
|    time_elapsed         | 57         |
|    total_timesteps      | 114688     |
| train/                  |            |
|    approx_kl            | 0.00854682 |
|    clip_fraction        | 0.0583     |
|    clip_range           | 0.2        |
|    entropy_loss         | -1.4       |
|    explained_variance   | 0.993      |
|    learning_rate        | 0.0003     |
|    loss                 | 0.0685     |
|    n_updates            | 130        |
|    policy_gradient_loss | -0.00291   |
|    value_loss           | 0.154      |
----------------------------------------
Eval num_timesteps=120000, episode_reward=-22.60 +/- 0.37
Episode length: 353.40 +/- 16.46
-----------------------------------------
| eval/                   |             |
|    mean_ep_length       | 353         |
|    mean_reward          | -22.6       |
| time/                   |             |
|    total_timesteps      | 120000      |
| train/                  |             |
|    approx_kl            | 0.008518303 |
|    clip_fraction        | 0.0357      |
|    clip_range           | 0.2         |
|    entropy_loss         | -1.37       |
|    explained_variance   | 0.994       |
|    learning_rate        | 0.0003      |
|    loss                 | 0.0578      |
|    n_updates            | 140         |
|    policy_gradient_loss | -0.0022     |
|    value_loss           | 0.136       |
-----------------------------------------
---------------------------------
| rollout/           |          |
|    ep_len_mean     | 366      |
|    ep_rew_mean     | -10.8    |
| time/              |          |
|    fps             | 1928     |
|    iterations      | 15       |
|    time_elapsed    | 63       |
|    total_timesteps | 122880   |
---------------------------------
-----------------------------------------
| rollout/                |             |
|    ep_len_mean          | 366         |
|    ep_rew_mean          | -10.8       |
| time/                   |             |
|    fps                  | 1944        |
|    iterations           | 16          |
|    time_elapsed         | 67          |
|    total_timesteps      | 131072      |
| train/                  |             |
|    approx_kl            | 0.007818465 |
|    clip_fraction        | 0.0817      |
|    clip_range           | 0.2         |
|    entropy_loss         | -1.36       |
|    explained_variance   | 0.993       |
|    learning_rate        | 0.0003      |
|    loss                 | 0.0729      |
|    n_updates            | 150         |
|    policy_gradient_loss | -0.00399    |
|    value_loss           | 0.149       |
-----------------------------------------
------------------------------------------
| rollout/                |              |
|    ep_len_mean          | 366          |
|    ep_rew_mean          | -10.8        |
| time/                   |              |
|    fps                  | 1965         |
|    iterations           | 17           |
|    time_elapsed         | 70           |
|    total_timesteps      | 139264       |
| train/                  |              |
|    approx_kl            | 0.0038121534 |
|    clip_fraction        | 0.0287       |
|    clip_range           | 0.2          |
|    entropy_loss         | -1.36        |
|    explained_variance   | 0.993        |
|    learning_rate        | 0.0003       |
|    loss                 | 0.0715       |
|    n_updates            | 160          |
|    policy_gradient_loss | -0.00147     |
|    value_loss           | 0.153        |
------------------------------------------
Eval num_timesteps=140000, episode_reward=-22.55 +/- 0.15
Episode length: 352.60 +/- 22.50
------------------------------------------
| eval/                   |              |
|    mean_ep_length       | 353          |
|    mean_reward          | -22.6        |
| time/                   |              |
|    total_timesteps      | 140000       |
| train/                  |              |
|    approx_kl            | 0.0065016896 |
|    clip_fraction        | 0.0338       |
|    clip_range           | 0.2          |
|    entropy_loss         | -1.27        |
|    explained_variance   | 0.993        |
|    learning_rate        | 0.0003       |
|    loss                 | 0.0561       |
|    n_updates            | 170          |
|    policy_gradient_loss | -0.00147     |
|    value_loss           | 0.141        |
------------------------------------------
---------------------------------
| rollout/           |          |
|    ep_len_mean     | 367      |
|    ep_rew_mean     | -10.7    |
| time/              |          |
|    fps             | 1918     |
|    iterations      | 18       |
|    time_elapsed    | 76       |
|    total_timesteps | 147456   |
---------------------------------
-----------------------------------------
| rollout/                |             |
|    ep_len_mean          | 367         |
|    ep_rew_mean          | -10.7       |
| time/                   |             |
|    fps                  | 1926        |
|    iterations           | 19          |
|    time_elapsed         | 80          |
|    total_timesteps      | 155648      |
| train/                  |             |
|    approx_kl            | 0.006330089 |
|    clip_fraction        | 0.0575      |
|    clip_range           | 0.2         |
|    entropy_loss         | -1.21       |
|    explained_variance   | 0.994       |
|    learning_rate        | 0.0003      |
|    loss                 | 0.0685      |
|    n_updates            | 180         |
|    policy_gradient_loss | -0.00405    |
|    value_loss           | 0.124       |
-----------------------------------------
Eval num_timesteps=160000, episode_reward=-22.40 +/- 0.20
Episode length: 342.90 +/- 23.91
-----------------------------------------
| eval/                   |             |
|    mean_ep_length       | 343         |
|    mean_reward          | -22.4       |
| time/                   |             |
|    total_timesteps      | 160000      |
| train/                  |             |
|    approx_kl            | 0.005613927 |
|    clip_fraction        | 0.0489      |
|    clip_range           | 0.2         |
|    entropy_loss         | -1.19       |
|    explained_variance   | 0.994       |
|    learning_rate        | 0.0003      |
|    loss                 | 0.0471      |
|    n_updates            | 190         |
|    policy_gradient_loss | -0.00446    |
|    value_loss           | 0.135       |
-----------------------------------------
---------------------------------
| rollout/           |          |
|    ep_len_mean     | 370      |
|    ep_rew_mean     | -10.6    |
| time/              |          |
|    fps             | 1880     |
|    iterations      | 20       |
|    time_elapsed    | 87       |
|    total_timesteps | 163840   |
---------------------------------
-----------------------------------------
| rollout/                |             |
|    ep_len_mean          | 373         |
|    ep_rew_mean          | -10.4       |
| time/                   |             |
|    fps                  | 1893        |
|    iterations           | 21          |
|    time_elapsed         | 90          |
|    total_timesteps      | 172032      |
| train/                  |             |
|    approx_kl            | 0.005993249 |
|    clip_fraction        | 0.055       |
|    clip_range           | 0.2         |
|    entropy_loss         | -1.2        |
|    explained_variance   | 0.993       |
|    learning_rate        | 0.0003      |
|    loss                 | 0.0472      |
|    n_updates            | 200         |
|    policy_gradient_loss | -0.0036     |
|    value_loss           | 0.156       |
-----------------------------------------
Eval num_timesteps=180000, episode_reward=-22.35 +/- 0.32
Episode length: 336.90 +/- 14.62
------------------------------------------
| eval/                   |              |
|    mean_ep_length       | 337          |
|    mean_reward          | -22.4        |
| time/                   |              |
|    total_timesteps      | 180000       |
| train/                  |              |
|    approx_kl            | 0.0059760073 |
|    clip_fraction        | 0.0545       |
|    clip_range           | 0.2          |
|    entropy_loss         | -1.23        |
|    explained_variance   | 0.994        |
|    learning_rate        | 0.0003       |
|    loss                 | 0.0496       |
|    n_updates            | 210          |
|    policy_gradient_loss | -0.00167     |
|    value_loss           | 0.121        |
------------------------------------------
---------------------------------
| rollout/           |          |
|    ep_len_mean     | 376      |
|    ep_rew_mean     | -10.3    |
| time/              |          |
|    fps             | 1864     |
|    iterations      | 22       |
|    time_elapsed    | 96       |
|    total_timesteps | 180224   |
---------------------------------
------------------------------------------
| rollout/                |              |
|    ep_len_mean          | 382          |
|    ep_rew_mean          | -10.2        |
| time/                   |              |
|    fps                  | 1881         |
|    iterations           | 23           |
|    time_elapsed         | 100          |
|    total_timesteps      | 188416       |
| train/                  |              |
|    approx_kl            | 0.0050835647 |
|    clip_fraction        | 0.0636       |
|    clip_range           | 0.2          |
|    entropy_loss         | -1.26        |
|    explained_variance   | 0.994        |
|    learning_rate        | 0.0003       |
|    loss                 | 0.0481       |
|    n_updates            | 220          |
|    policy_gradient_loss | -0.0024      |
|    value_loss           | 0.126        |
------------------------------------------
------------------------------------------
| rollout/                |              |
|    ep_len_mean          | 387          |
|    ep_rew_mean          | -10.1        |
| time/                   |              |
|    fps                  | 1895         |
|    iterations           | 24           |
|    time_elapsed         | 103          |
|    total_timesteps      | 196608       |
| train/                  |              |
|    approx_kl            | 0.0050678486 |
|    clip_fraction        | 0.081        |
|    clip_range           | 0.2          |
|    entropy_loss         | -1.24        |
|    explained_variance   | 0.992        |
|    learning_rate        | 0.0003       |
|    loss                 | 0.0816       |
|    n_updates            | 230          |
|    policy_gradient_loss | -0.00202     |
|    value_loss           | 0.158        |
------------------------------------------
Eval num_timesteps=200000, episode_reward=-22.65 +/- 0.23
Episode length: 400.00 +/- 39.98
-----------------------------------------
| eval/                   |             |
|    mean_ep_length       | 400         |
|    mean_reward          | -22.6       |
| time/                   |             |
|    total_timesteps      | 200000      |
| train/                  |             |
|    approx_kl            | 0.007813004 |
|    clip_fraction        | 0.0729      |
|    clip_range           | 0.2         |
|    entropy_loss         | -1.34       |
|    explained_variance   | 0.994       |
|    learning_rate        | 0.0003      |
|    loss                 | 0.056       |
|    n_updates            | 240         |
|    policy_gradient_loss | -0.0034     |
|    value_loss           | 0.106       |
-----------------------------------------
---------------------------------
| rollout/           |          |
|    ep_len_mean     | 391      |
|    ep_rew_mean     | -9.93    |
| time/              |          |
|    fps             | 1859     |
|    iterations      | 25       |
|    time_elapsed    | 110      |
|    total_timesteps | 204800   |
---------------------------------
------------------------------------------
| rollout/                |              |
|    ep_len_mean          | 395          |
|    ep_rew_mean          | -9.76        |
| time/                   |              |
|    fps                  | 1873         |
|    iterations           | 26           |
|    time_elapsed         | 113          |
|    total_timesteps      | 212992       |
| train/                  |              |
|    approx_kl            | 0.0085693505 |
|    clip_fraction        | 0.11         |
|    clip_range           | 0.2          |
|    entropy_loss         | -1.37        |
|    explained_variance   | 0.995        |
|    learning_rate        | 0.0003       |
|    loss                 | 0.052        |
|    n_updates            | 250          |
|    policy_gradient_loss | -0.00442     |
|    value_loss           | 0.126        |
------------------------------------------
Eval num_timesteps=220000, episode_reward=-22.45 +/- 0.35
Episode length: 384.80 +/- 95.26
-----------------------------------------
| eval/                   |             |
|    mean_ep_length       | 385         |
|    mean_reward          | -22.4       |
| time/                   |             |
|    total_timesteps      | 220000      |
| train/                  |             |
|    approx_kl            | 0.007791251 |
|    clip_fraction        | 0.0686      |
|    clip_range           | 0.2         |
|    entropy_loss         | -1.36       |
|    explained_variance   | 0.995       |
|    learning_rate        | 0.0003      |
|    loss                 | 0.0365      |
|    n_updates            | 260         |
|    policy_gradient_loss | -0.00303    |
|    value_loss           | 0.103       |
-----------------------------------------
---------------------------------
| rollout/           |          |
|    ep_len_mean     | 399      |
|    ep_rew_mean     | -9.51    |
| time/              |          |
|    fps             | 1848     |
|    iterations      | 27       |
|    time_elapsed    | 119      |
|    total_timesteps | 221184   |
---------------------------------
------------------------------------------
| rollout/                |              |
|    ep_len_mean          | 403          |
|    ep_rew_mean          | -9.25        |
| time/                   |              |
|    fps                  | 1862         |
|    iterations           | 28           |
|    time_elapsed         | 123          |
|    total_timesteps      | 229376       |
| train/                  |              |
|    approx_kl            | 0.0073114885 |
|    clip_fraction        | 0.0827       |
|    clip_range           | 0.2          |
|    entropy_loss         | -1.35        |
|    explained_variance   | 0.996        |
|    learning_rate        | 0.0003       |
|    loss                 | 0.0326       |
|    n_updates            | 270          |
|    policy_gradient_loss | -0.00427     |
|    value_loss           | 0.0959       |
------------------------------------------
-----------------------------------------
| rollout/                |             |
|    ep_len_mean          | 406         |
|    ep_rew_mean          | -9.15       |
| time/                   |             |
|    fps                  | 1879        |
|    iterations           | 29          |
|    time_elapsed         | 126         |
|    total_timesteps      | 237568      |
| train/                  |             |
|    approx_kl            | 0.008968216 |
|    clip_fraction        | 0.0914      |
|    clip_range           | 0.2         |
|    entropy_loss         | -1.37       |
|    explained_variance   | 0.996       |
|    learning_rate        | 0.0003      |
|    loss                 | 0.0404      |
|    n_updates            | 280         |
|    policy_gradient_loss | -0.00306    |
|    value_loss           | 0.0983      |
-----------------------------------------
Eval num_timesteps=240000, episode_reward=-23.00 +/- 0.00
Episode length: 459.40 +/- 22.58
-----------------------------------------
| eval/                   |             |
|    mean_ep_length       | 459         |
|    mean_reward          | -23         |
| time/                   |             |
|    total_timesteps      | 240000      |
| train/                  |             |
|    approx_kl            | 0.009022431 |
|    clip_fraction        | 0.105       |
|    clip_range           | 0.2         |
|    entropy_loss         | -1.38       |
|    explained_variance   | 0.995       |
|    learning_rate        | 0.0003      |
|    loss                 | 0.0357      |
|    n_updates            | 290         |
|    policy_gradient_loss | -0.00437    |
|    value_loss           | 0.0966      |
-----------------------------------------
---------------------------------
| rollout/           |          |
|    ep_len_mean     | 407      |
|    ep_rew_mean     | -9.18    |
| time/              |          |
|    fps             | 1845     |
|    iterations      | 30       |
|    time_elapsed    | 133      |
|    total_timesteps | 245760   |
---------------------------------
-----------------------------------------
| rollout/                |             |
|    ep_len_mean          | 409         |
|    ep_rew_mean          | -9.27       |
| time/                   |             |
|    fps                  | 1850        |
|    iterations           | 31          |
|    time_elapsed         | 137         |
|    total_timesteps      | 253952      |
| train/                  |             |
|    approx_kl            | 0.008828016 |
|    clip_fraction        | 0.0565      |
|    clip_range           | 0.2         |
|    entropy_loss         | -1.43       |
|    explained_variance   | 0.99        |
|    learning_rate        | 0.0003      |
|    loss                 | 0.0361      |
|    n_updates            | 300         |
|    policy_gradient_loss | -0.00302    |
|    value_loss           | 0.134       |
-----------------------------------------
Eval num_timesteps=260000, episode_reward=-22.40 +/- 0.20
Episode length: 344.20 +/- 24.60
------------------------------------------
| eval/                   |              |
|    mean_ep_length       | 344          |
|    mean_reward          | -22.4        |
| time/                   |              |
|    total_timesteps      | 260000       |
| train/                  |              |
|    approx_kl            | 0.0103224665 |
|    clip_fraction        | 0.0706       |
|    clip_range           | 0.2          |
|    entropy_loss         | -1.51        |
|    explained_variance   | 0.949        |
|    learning_rate        | 0.0003       |
|    loss                 | 0.111        |
|    n_updates            | 310          |
|    policy_gradient_loss | -0.00892     |
|    value_loss           | 0.334        |
------------------------------------------
---------------------------------
| rollout/           |          |
|    ep_len_mean     | 407      |
|    ep_rew_mean     | -9.67    |
| time/              |          |
|    fps             | 1822     |
|    iterations      | 32       |
|    time_elapsed    | 143      |
|    total_timesteps | 262144   |
---------------------------------
----------------------------------------
| rollout/                |            |
|    ep_len_mean          | 404        |
|    ep_rew_mean          | -9.85      |
| time/                   |            |
|    fps                  | 1836       |
|    iterations           | 33         |
|    time_elapsed         | 147        |
|    total_timesteps      | 270336     |
| train/                  |            |
|    approx_kl            | 0.01179173 |
|    clip_fraction        | 0.069      |
|    clip_range           | 0.2        |
|    entropy_loss         | -1.52      |
|    explained_variance   | 0.963      |
|    learning_rate        | 0.0003     |
|    loss                 | 0.0774     |
|    n_updates            | 320        |
|    policy_gradient_loss | -0.00485   |
|    value_loss           | 0.282      |
----------------------------------------
-----------------------------------------
| rollout/                |             |
|    ep_len_mean          | 407         |
|    ep_rew_mean          | -9.83       |
| time/                   |             |
|    fps                  | 1841        |
|    iterations           | 34          |
|    time_elapsed         | 151         |
|    total_timesteps      | 278528      |
| train/                  |             |
|    approx_kl            | 0.010083237 |
|    clip_fraction        | 0.0834      |
|    clip_range           | 0.2         |
|    entropy_loss         | -1.48       |
|    explained_variance   | 0.974       |
|    learning_rate        | 0.0003      |
|    loss                 | 0.103       |
|    n_updates            | 330         |
|    policy_gradient_loss | -0.00698    |
|    value_loss           | 0.224       |
-----------------------------------------
Eval num_timesteps=280000, episode_reward=-22.40 +/- 0.20
Episode length: 403.40 +/- 16.61
-----------------------------------------
| eval/                   |             |
|    mean_ep_length       | 403         |
|    mean_reward          | -22.4       |
| time/                   |             |
|    total_timesteps      | 280000      |
| train/                  |             |
|    approx_kl            | 0.009551473 |
|    clip_fraction        | 0.0856      |
|    clip_range           | 0.2         |
|    entropy_loss         | -1.45       |
|    explained_variance   | 0.989       |
|    learning_rate        | 0.0003      |
|    loss                 | 0.0348      |
|    n_updates            | 340         |
|    policy_gradient_loss | -0.00537    |
|    value_loss           | 0.155       |
-----------------------------------------
---------------------------------
| rollout/           |          |
|    ep_len_mean     | 414      |
|    ep_rew_mean     | -9.62    |
| time/              |          |
|    fps             | 1824     |
|    iterations      | 35       |
|    time_elapsed    | 157      |
|    total_timesteps | 286720   |
---------------------------------
-----------------------------------------
| rollout/                |             |
|    ep_len_mean          | 409         |
|    ep_rew_mean          | -9.58       |
| time/                   |             |
|    fps                  | 1838        |
|    iterations           | 36          |
|    time_elapsed         | 160         |
|    total_timesteps      | 294912      |
| train/                  |             |
|    approx_kl            | 0.008159736 |
|    clip_fraction        | 0.0876      |
|    clip_range           | 0.2         |
|    entropy_loss         | -1.45       |
|    explained_variance   | 0.989       |
|    learning_rate        | 0.0003      |
|    loss                 | 0.0786      |
|    n_updates            | 350         |
|    policy_gradient_loss | -0.00437    |
|    value_loss           | 0.165       |
-----------------------------------------
Eval num_timesteps=300000, episode_reward=-22.25 +/- 0.34
Episode length: 423.90 +/- 21.04
------------------------------------------
| eval/                   |              |
|    mean_ep_length       | 424          |
|    mean_reward          | -22.2        |
| time/                   |              |
|    total_timesteps      | 300000       |
| train/                  |              |
|    approx_kl            | 0.0074200286 |
|    clip_fraction        | 0.0874       |
|    clip_range           | 0.2          |
|    entropy_loss         | -1.43        |
|    explained_variance   | 0.99         |
|    learning_rate        | 0.0003       |
|    loss                 | 0.0768       |
|    n_updates            | 360          |
|    policy_gradient_loss | -0.00545     |
|    value_loss           | 0.194        |
------------------------------------------
---------------------------------
| rollout/           |          |
|    ep_len_mean     | 412      |
|    ep_rew_mean     | -9.12    |
| time/              |          |
|    fps             | 1819     |
|    iterations      | 37       |
|    time_elapsed    | 166      |
|    total_timesteps | 303104   |
---------------------------------
------------------------------------------
| rollout/                |              |
|    ep_len_mean          | 412          |
|    ep_rew_mean          | -8.8         |
| time/                   |              |
|    fps                  | 1830         |
|    iterations           | 38           |
|    time_elapsed         | 170          |
|    total_timesteps      | 311296       |
| train/                  |              |
|    approx_kl            | 0.0071178013 |
|    clip_fraction        | 0.0772       |
|    clip_range           | 0.2          |
|    entropy_loss         | -1.43        |
|    explained_variance   | 0.987        |
|    learning_rate        | 0.0003       |
|    loss                 | 0.0824       |
|    n_updates            | 370          |
|    policy_gradient_loss | -0.00514     |
|    value_loss           | 0.193        |
------------------------------------------
------------------------------------------
| rollout/                |              |
|    ep_len_mean          | 409          |
|    ep_rew_mean          | -8.6         |
| time/                   |              |
|    fps                  | 1842         |
|    iterations           | 39           |
|    time_elapsed         | 173          |
|    total_timesteps      | 319488       |
| train/                  |              |
|    approx_kl            | 0.0108406115 |
|    clip_fraction        | 0.115        |
|    clip_range           | 0.2          |
|    entropy_loss         | -1.4         |
|    explained_variance   | 0.989        |
|    learning_rate        | 0.0003       |
|    loss                 | 0.0435       |
|    n_updates            | 380          |
|    policy_gradient_loss | -0.00447     |
|    value_loss           | 0.199        |
------------------------------------------
Eval num_timesteps=320000, episode_reward=-22.50 +/- 0.77
Episode length: 435.60 +/- 24.91
-----------------------------------------
| eval/                   |             |
|    mean_ep_length       | 436         |
|    mean_reward          | -22.5       |
| time/                   |             |
|    total_timesteps      | 320000      |
| train/                  |             |
|    approx_kl            | 0.012506545 |
|    clip_fraction        | 0.154       |
|    clip_range           | 0.2         |
|    entropy_loss         | -1.43       |
|    explained_variance   | 0.981       |
|    learning_rate        | 0.0003      |
|    loss                 | 0.0955      |
|    n_updates            | 390         |
|    policy_gradient_loss | -0.00843    |
|    value_loss           | 0.297       |
-----------------------------------------
---------------------------------
| rollout/           |          |
|    ep_len_mean     | 405      |
|    ep_rew_mean     | -8.6     |
| time/              |          |
|    fps             | 1825     |
|    iterations      | 40       |
|    time_elapsed    | 179      |
|    total_timesteps | 327680   |
---------------------------------
-----------------------------------------
| rollout/                |             |
|    ep_len_mean          | 403         |
|    ep_rew_mean          | -8.53       |
| time/                   |             |
|    fps                  | 1836        |
|    iterations           | 41          |
|    time_elapsed         | 182         |
|    total_timesteps      | 335872      |
| train/                  |             |
|    approx_kl            | 0.006640888 |
|    clip_fraction        | 0.0829      |
|    clip_range           | 0.2         |
|    entropy_loss         | -1.43       |
|    explained_variance   | 0.99        |
|    learning_rate        | 0.0003      |
|    loss                 | 0.0534      |
|    n_updates            | 400         |
|    policy_gradient_loss | -0.00488    |
|    value_loss           | 0.154       |
-----------------------------------------
Eval num_timesteps=340000, episode_reward=-22.50 +/- 0.32
Episode length: 413.20 +/- 23.61
------------------------------------------
| eval/                   |              |
|    mean_ep_length       | 413          |
|    mean_reward          | -22.5        |
| time/                   |              |
|    total_timesteps      | 340000       |
| train/                  |              |
|    approx_kl            | 0.0071009668 |
|    clip_fraction        | 0.0429       |
|    clip_range           | 0.2          |
|    entropy_loss         | -1.38        |
|    explained_variance   | 0.989        |
|    learning_rate        | 0.0003       |
|    loss                 | 0.0655       |
|    n_updates            | 410          |
|    policy_gradient_loss | -0.00274     |
|    value_loss           | 0.203        |
------------------------------------------
---------------------------------
| rollout/           |          |
|    ep_len_mean     | 406      |
|    ep_rew_mean     | -8.36    |
| time/              |          |
|    fps             | 1811     |
|    iterations      | 42       |
|    time_elapsed    | 189      |
|    total_timesteps | 344064   |
---------------------------------
-----------------------------------------
| rollout/                |             |
|    ep_len_mean          | 404         |
|    ep_rew_mean          | -8.27       |
| time/                   |             |
|    fps                  | 1821        |
|    iterations           | 43          |
|    time_elapsed         | 193         |
|    total_timesteps      | 352256      |
| train/                  |             |
|    approx_kl            | 0.007471091 |
|    clip_fraction        | 0.0756      |
|    clip_range           | 0.2         |
|    entropy_loss         | -1.38       |
|    explained_variance   | 0.99        |
|    learning_rate        | 0.0003      |
|    loss                 | 0.0953      |
|    n_updates            | 420         |
|    policy_gradient_loss | -0.00418    |
|    value_loss           | 0.18        |
-----------------------------------------
Eval num_timesteps=360000, episode_reward=-22.75 +/- 0.34
Episode length: 418.40 +/- 21.55
-----------------------------------------
| eval/                   |             |
|    mean_ep_length       | 418         |
|    mean_reward          | -22.8       |
| time/                   |             |
|    total_timesteps      | 360000      |
| train/                  |             |
|    approx_kl            | 0.006446438 |
|    clip_fraction        | 0.0461      |
|    clip_range           | 0.2         |
|    entropy_loss         | -1.38       |
|    explained_variance   | 0.99        |
|    learning_rate        | 0.0003      |
|    loss                 | 0.0797      |
|    n_updates            | 430         |
|    policy_gradient_loss | -0.00256    |
|    value_loss           | 0.197       |
-----------------------------------------
---------------------------------
| rollout/           |          |
|    ep_len_mean     | 405      |
|    ep_rew_mean     | -8.1     |
| time/              |          |
|    fps             | 1803     |
|    iterations      | 44       |
|    time_elapsed    | 199      |
|    total_timesteps | 360448   |
---------------------------------
-----------------------------------------
| rollout/                |             |
|    ep_len_mean          | 402         |
|    ep_rew_mean          | -8.13       |
| time/                   |             |
|    fps                  | 1808        |
|    iterations           | 45          |
|    time_elapsed         | 203         |
|    total_timesteps      | 368640      |
| train/                  |             |
|    approx_kl            | 0.007755624 |
|    clip_fraction        | 0.0791      |
|    clip_range           | 0.2         |
|    entropy_loss         | -1.35       |
|    explained_variance   | 0.994       |
|    learning_rate        | 0.0003      |
|    loss                 | 0.042       |
|    n_updates            | 440         |
|    policy_gradient_loss | -0.00503    |
|    value_loss           | 0.121       |
-----------------------------------------
------------------------------------------
| rollout/                |              |
|    ep_len_mean          | 399          |
|    ep_rew_mean          | -8.11        |
| time/                   |              |
|    fps                  | 1818         |
|    iterations           | 46           |
|    time_elapsed         | 207          |
|    total_timesteps      | 376832       |
| train/                  |              |
|    approx_kl            | 0.0057883933 |
|    clip_fraction        | 0.0567       |
|    clip_range           | 0.2          |
|    entropy_loss         | -1.36        |
|    explained_variance   | 0.994        |
|    learning_rate        | 0.0003       |
|    loss                 | 0.0628       |
|    n_updates            | 450          |
|    policy_gradient_loss | -0.00282     |
|    value_loss           | 0.138        |
------------------------------------------
Eval num_timesteps=380000, episode_reward=-22.30 +/- 0.24
Episode length: 401.00 +/- 23.86
-----------------------------------------
| eval/                   |             |
|    mean_ep_length       | 401         |
|    mean_reward          | -22.3       |
| time/                   |             |
|    total_timesteps      | 380000      |
| train/                  |             |
|    approx_kl            | 0.005802216 |
|    clip_fraction        | 0.0456      |
|    clip_range           | 0.2         |
|    entropy_loss         | -1.41       |
|    explained_variance   | 0.994       |
|    learning_rate        | 0.0003      |
|    loss                 | 0.0828      |
|    n_updates            | 460         |
|    policy_gradient_loss | -0.00302    |
|    value_loss           | 0.136       |
-----------------------------------------
---------------------------------
| rollout/           |          |
|    ep_len_mean     | 395      |
|    ep_rew_mean     | -8.26    |
| time/              |          |
|    fps             | 1805     |
|    iterations      | 47       |
|    time_elapsed    | 213      |
|    total_timesteps | 385024   |
---------------------------------
-----------------------------------------
| rollout/                |             |
|    ep_len_mean          | 392         |
|    ep_rew_mean          | -8.33       |
| time/                   |             |
|    fps                  | 1815        |
|    iterations           | 48          |
|    time_elapsed         | 216         |
|    total_timesteps      | 393216      |
| train/                  |             |
|    approx_kl            | 0.005405942 |
|    clip_fraction        | 0.0447      |
|    clip_range           | 0.2         |
|    entropy_loss         | -1.38       |
|    explained_variance   | 0.996       |
|    learning_rate        | 0.0003      |
|    loss                 | 0.0468      |
|    n_updates            | 470         |
|    policy_gradient_loss | -0.00163    |
|    value_loss           | 0.0918      |
-----------------------------------------
Eval num_timesteps=400000, episode_reward=-22.45 +/- 0.27
Episode length: 410.80 +/- 17.19
-----------------------------------------
| eval/                   |             |
|    mean_ep_length       | 411         |
|    mean_reward          | -22.4       |
| time/                   |             |
|    total_timesteps      | 400000      |
| train/                  |             |
|    approx_kl            | 0.008145685 |
|    clip_fraction        | 0.0927      |
|    clip_range           | 0.2         |
|    entropy_loss         | -1.41       |
|    explained_variance   | 0.996       |
|    learning_rate        | 0.0003      |
|    loss                 | 0.0475      |
|    n_updates            | 480         |
|    policy_gradient_loss | -0.00453    |
|    value_loss           | 0.101       |
-----------------------------------------
---------------------------------
| rollout/           |          |
|    ep_len_mean     | 390      |
|    ep_rew_mean     | -8.44    |
| time/              |          |
|    fps             | 1801     |
|    iterations      | 49       |
|    time_elapsed    | 222      |
|    total_timesteps | 401408   |
---------------------------------
------------------------------------------
| rollout/                |              |
|    ep_len_mean          | 393          |
|    ep_rew_mean          | -8.28        |
| time/                   |              |
|    fps                  | 1811         |
|    iterations           | 50           |
|    time_elapsed         | 226          |
|    total_timesteps      | 409600       |
| train/                  |              |
|    approx_kl            | 0.0063670417 |
|    clip_fraction        | 0.0425       |
|    clip_range           | 0.2          |
|    entropy_loss         | -1.4         |
|    explained_variance   | 0.993        |
|    learning_rate        | 0.0003       |
|    loss                 | 0.0527       |
|    n_updates            | 490          |
|    policy_gradient_loss | -0.00215     |
|    value_loss           | 0.128        |
------------------------------------------
------------------------------------------
| rollout/                |              |
|    ep_len_mean          | 396          |
|    ep_rew_mean          | -8.14        |
| time/                   |              |
|    fps                  | 1819         |
|    iterations           | 51           |
|    time_elapsed         | 229          |
|    total_timesteps      | 417792       |
| train/                  |              |
|    approx_kl            | 0.0077451784 |
|    clip_fraction        | 0.0628       |
|    clip_range           | 0.2          |
|    entropy_loss         | -1.39        |
|    explained_variance   | 0.995        |
|    learning_rate        | 0.0003       |
|    loss                 | 0.0221       |
|    n_updates            | 500          |
|    policy_gradient_loss | -0.00393     |
|    value_loss           | 0.0998       |
------------------------------------------
Eval num_timesteps=420000, episode_reward=-22.35 +/- 0.45
Episode length: 408.40 +/- 31.97
------------------------------------------
| eval/                   |              |
|    mean_ep_length       | 408          |
|    mean_reward          | -22.4        |
| time/                   |              |
|    total_timesteps      | 420000       |
| train/                  |              |
|    approx_kl            | 0.0071274005 |
|    clip_fraction        | 0.061        |
|    clip_range           | 0.2          |
|    entropy_loss         | -1.44        |
|    explained_variance   | 0.993        |
|    learning_rate        | 0.0003       |
|    loss                 | 0.0949       |
|    n_updates            | 510          |
|    policy_gradient_loss | -0.00234     |
|    value_loss           | 0.151        |
------------------------------------------
---------------------------------
| rollout/           |          |
|    ep_len_mean     | 400      |
|    ep_rew_mean     | -7.92    |
| time/              |          |
|    fps             | 1804     |
|    iterations      | 52       |
|    time_elapsed    | 236      |
|    total_timesteps | 425984   |
---------------------------------
-----------------------------------------
| rollout/                |             |
|    ep_len_mean          | 404         |
|    ep_rew_mean          | -7.73       |
| time/                   |             |
|    fps                  | 1809        |
|    iterations           | 53          |
|    time_elapsed         | 239         |
|    total_timesteps      | 434176      |
| train/                  |             |
|    approx_kl            | 0.006372165 |
|    clip_fraction        | 0.0524      |
|    clip_range           | 0.2         |
|    entropy_loss         | -1.41       |
|    explained_variance   | 0.996       |
|    learning_rate        | 0.0003      |
|    loss                 | 0.0438      |
|    n_updates            | 520         |
|    policy_gradient_loss | -0.00239    |
|    value_loss           | 0.108       |
-----------------------------------------
Eval num_timesteps=440000, episode_reward=-22.15 +/- 0.55
Episode length: 394.10 +/- 26.19
-----------------------------------------
| eval/                   |             |
|    mean_ep_length       | 394         |
|    mean_reward          | -22.1       |
| time/                   |             |
|    total_timesteps      | 440000      |
| train/                  |             |
|    approx_kl            | 0.005683312 |
|    clip_fraction        | 0.0557      |
|    clip_range           | 0.2         |
|    entropy_loss         | -1.42       |
|    explained_variance   | 0.995       |
|    learning_rate        | 0.0003      |
|    loss                 | 0.0517      |
|    n_updates            | 530         |
|    policy_gradient_loss | -0.00239    |
|    value_loss           | 0.101       |
-----------------------------------------
---------------------------------
| rollout/           |          |
|    ep_len_mean     | 407      |
|    ep_rew_mean     | -7.6     |
| time/              |          |
|    fps             | 1793     |
|    iterations      | 54       |
|    time_elapsed    | 246      |
|    total_timesteps | 442368   |
---------------------------------
------------------------------------------
| rollout/                |              |
|    ep_len_mean          | 410          |
|    ep_rew_mean          | -7.43        |
| time/                   |              |
|    fps                  | 1800         |
|    iterations           | 55           |
|    time_elapsed         | 250          |
|    total_timesteps      | 450560       |
| train/                  |              |
|    approx_kl            | 0.0059301406 |
|    clip_fraction        | 0.0597       |
|    clip_range           | 0.2          |
|    entropy_loss         | -1.45        |
|    explained_variance   | 0.995        |
|    learning_rate        | 0.0003       |
|    loss                 | 0.0393       |
|    n_updates            | 540          |
|    policy_gradient_loss | -0.0017      |
|    value_loss           | 0.108        |
------------------------------------------
-----------------------------------------
| rollout/                |             |
|    ep_len_mean          | 414         |
|    ep_rew_mean          | -7.19       |
| time/                   |             |
|    fps                  | 1806        |
|    iterations           | 56          |
|    time_elapsed         | 253         |
|    total_timesteps      | 458752      |
| train/                  |             |
|    approx_kl            | 0.007872349 |
|    clip_fraction        | 0.0746      |
|    clip_range           | 0.2         |
|    entropy_loss         | -1.44       |
|    explained_variance   | 0.997       |
|    learning_rate        | 0.0003      |
|    loss                 | 0.0522      |
|    n_updates            | 550         |
|    policy_gradient_loss | -0.00525    |
|    value_loss           | 0.0857      |
-----------------------------------------
Eval num_timesteps=460000, episode_reward=-21.85 +/- 0.32
Episode length: 463.50 +/- 35.89
------------------------------------------
| eval/                   |              |
|    mean_ep_length       | 464          |
|    mean_reward          | -21.9        |
| time/                   |              |
|    total_timesteps      | 460000       |
| train/                  |              |
|    approx_kl            | 0.0060708304 |
|    clip_fraction        | 0.087        |
|    clip_range           | 0.2          |
|    entropy_loss         | -1.43        |
|    explained_variance   | 0.994        |
|    learning_rate        | 0.0003       |
|    loss                 | 0.07         |
|    n_updates            | 560          |
|    policy_gradient_loss | -0.00447     |
|    value_loss           | 0.155        |
------------------------------------------
New best mean reward!
---------------------------------
| rollout/           |          |
|    ep_len_mean     | 417      |
|    ep_rew_mean     | -6.97    |
| time/              |          |
|    fps             | 1789     |
|    iterations      | 57       |
|    time_elapsed    | 260      |
|    total_timesteps | 466944   |
---------------------------------
-----------------------------------------
| rollout/                |             |
|    ep_len_mean          | 425         |
|    ep_rew_mean          | -6.43       |
| time/                   |             |
|    fps                  | 1796        |
|    iterations           | 58          |
|    time_elapsed         | 264         |
|    total_timesteps      | 475136      |
| train/                  |             |
|    approx_kl            | 0.005112044 |
|    clip_fraction        | 0.0526      |
|    clip_range           | 0.2         |
|    entropy_loss         | -1.42       |
|    explained_variance   | 0.988       |
|    learning_rate        | 0.0003      |
|    loss                 | 0.104       |
|    n_updates            | 570         |
|    policy_gradient_loss | -0.00244    |
|    value_loss           | 0.275       |
-----------------------------------------
Eval num_timesteps=480000, episode_reward=-21.85 +/- 0.23
Episode length: 470.80 +/- 24.71
------------------------------------------
| eval/                   |              |
|    mean_ep_length       | 471          |
|    mean_reward          | -21.9        |
| time/                   |              |
|    total_timesteps      | 480000       |
| train/                  |              |
|    approx_kl            | 0.0076339706 |
|    clip_fraction        | 0.066        |
|    clip_range           | 0.2          |
|    entropy_loss         | -1.39        |
|    explained_variance   | 0.992        |
|    learning_rate        | 0.0003       |
|    loss                 | 0.0692       |
|    n_updates            | 580          |
|    policy_gradient_loss | -0.0038      |
|    value_loss           | 0.178        |
------------------------------------------
---------------------------------
| rollout/           |          |
|    ep_len_mean     | 430      |
|    ep_rew_mean     | -6.07    |
| time/              |          |
|    fps             | 1779     |
|    iterations      | 59       |
|    time_elapsed    | 271      |
|    total_timesteps | 483328   |
---------------------------------
------------------------------------------
| rollout/                |              |
|    ep_len_mean          | 435          |
|    ep_rew_mean          | -5.82        |
| time/                   |              |
|    fps                  | 1784         |
|    iterations           | 60           |
|    time_elapsed         | 275          |
|    total_timesteps      | 491520       |
| train/                  |              |
|    approx_kl            | 0.0072755143 |
|    clip_fraction        | 0.0867       |
|    clip_range           | 0.2          |
|    entropy_loss         | -1.4         |
|    explained_variance   | 0.993        |
|    learning_rate        | 0.0003       |
|    loss                 | 0.0682       |
|    n_updates            | 590          |
|    policy_gradient_loss | -0.00177     |
|    value_loss           | 0.175        |
------------------------------------------
-----------------------------------------
| rollout/                |             |
|    ep_len_mean          | 436         |
|    ep_rew_mean          | -5.73       |
| time/                   |             |
|    fps                  | 1790        |
|    iterations           | 61          |
|    time_elapsed         | 279         |
|    total_timesteps      | 499712      |
| train/                  |             |
|    approx_kl            | 0.007211179 |
|    clip_fraction        | 0.083       |
|    clip_range           | 0.2         |
|    entropy_loss         | -1.4        |
|    explained_variance   | 0.991       |
|    learning_rate        | 0.0003      |
|    loss                 | 0.0857      |
|    n_updates            | 600         |
|    policy_gradient_loss | -0.00219    |
|    value_loss           | 0.214       |
-----------------------------------------
Eval num_timesteps=500000, episode_reward=-21.70 +/- 0.56
Episode length: 408.10 +/- 26.18
-----------------------------------------
| eval/                   |             |
|    mean_ep_length       | 408         |
|    mean_reward          | -21.7       |
| time/                   |             |
|    total_timesteps      | 500000      |
| train/                  |             |
|    approx_kl            | 0.007826423 |
|    clip_fraction        | 0.0865      |
|    clip_range           | 0.2         |
|    entropy_loss         | -1.44       |
|    explained_variance   | 0.993       |
|    learning_rate        | 0.0003      |
|    loss                 | 0.0384      |
|    n_updates            | 610         |
|    policy_gradient_loss | -0.00396    |
|    value_loss           | 0.149       |
-----------------------------------------
New best mean reward!
---------------------------------
| rollout/           |          |
|    ep_len_mean     | 441      |
|    ep_rew_mean     | -5.62    |
| time/              |          |
|    fps             | 1775     |
|    iterations      | 62       |
|    time_elapsed    | 286      |
|    total_timesteps | 507904   |
---------------------------------
------------------------------------------
| rollout/                |              |
|    ep_len_mean          | 439          |
|    ep_rew_mean          | -5.89        |
| time/                   |              |
|    fps                  | 1781         |
|    iterations           | 63           |
|    time_elapsed         | 289          |
|    total_timesteps      | 516096       |
| train/                  |              |
|    approx_kl            | 0.0084593035 |
|    clip_fraction        | 0.0753       |
|    clip_range           | 0.2          |
|    entropy_loss         | -1.42        |
|    explained_variance   | 0.992        |
|    learning_rate        | 0.0003       |
|    loss                 | 0.0846       |
|    n_updates            | 620          |
|    policy_gradient_loss | -0.00389     |
|    value_loss           | 0.188        |
------------------------------------------
Eval num_timesteps=520000, episode_reward=-21.90 +/- 0.49
Episode length: 305.40 +/- 15.47
------------------------------------------
| eval/                   |              |
|    mean_ep_length       | 305          |
|    mean_reward          | -21.9        |
| time/                   |              |
|    total_timesteps      | 520000       |
| train/                  |              |
|    approx_kl            | 0.0070625544 |
|    clip_fraction        | 0.0453       |
|    clip_range           | 0.2          |
|    entropy_loss         | -1.41        |
|    explained_variance   | 0.993        |
|    learning_rate        | 0.0003       |
|    loss                 | 0.0909       |
|    n_updates            | 630          |
|    policy_gradient_loss | -0.00138     |
|    value_loss           | 0.183        |
------------------------------------------
---------------------------------
| rollout/           |          |
|    ep_len_mean     | 443      |
|    ep_rew_mean     | -5.87    |
| time/              |          |
|    fps             | 1774     |
|    iterations      | 64       |
|    time_elapsed    | 295      |
|    total_timesteps | 524288   |
---------------------------------
-----------------------------------------
| rollout/                |             |
|    ep_len_mean          | 453         |
|    ep_rew_mean          | -5.5        |
| time/                   |             |
|    fps                  | 1779        |
|    iterations           | 65          |
|    time_elapsed         | 299         |
|    total_timesteps      | 532480      |
| train/                  |             |
|    approx_kl            | 0.008126602 |
|    clip_fraction        | 0.0708      |
|    clip_range           | 0.2         |
|    entropy_loss         | -1.39       |
|    explained_variance   | 0.991       |
|    learning_rate        | 0.0003      |
|    loss                 | 0.108       |
|    n_updates            | 640         |
|    policy_gradient_loss | -0.00351    |
|    value_loss           | 0.189       |
-----------------------------------------
Eval num_timesteps=540000, episode_reward=-22.10 +/- 0.30
Episode length: 290.10 +/- 18.57
------------------------------------------
| eval/                   |              |
|    mean_ep_length       | 290          |
|    mean_reward          | -22.1        |
| time/                   |              |
|    total_timesteps      | 540000       |
| train/                  |              |
|    approx_kl            | 0.0068935473 |
|    clip_fraction        | 0.0743       |
|    clip_range           | 0.2          |
|    entropy_loss         | -1.36        |
|    explained_variance   | 0.99         |
|    learning_rate        | 0.0003       |
|    loss                 | 0.0693       |
|    n_updates            | 650          |
|    policy_gradient_loss | -0.00354     |
|    value_loss           | 0.241        |
------------------------------------------
---------------------------------
| rollout/           |          |
|    ep_len_mean     | 461      |
|    ep_rew_mean     | -5.21    |
| time/              |          |
|    fps             | 1773     |
|    iterations      | 66       |
|    time_elapsed    | 304      |
|    total_timesteps | 540672   |
---------------------------------
-----------------------------------------
| rollout/                |             |
|    ep_len_mean          | 478         |
|    ep_rew_mean          | -4.33       |
| time/                   |             |
|    fps                  | 1779        |
|    iterations           | 67          |
|    time_elapsed         | 308         |
|    total_timesteps      | 548864      |
| train/                  |             |
|    approx_kl            | 0.011079876 |
|    clip_fraction        | 0.115       |
|    clip_range           | 0.2         |
|    entropy_loss         | -1.38       |
|    explained_variance   | 0.991       |
|    learning_rate        | 0.0003      |
|    loss                 | 0.0702      |
|    n_updates            | 660         |
|    policy_gradient_loss | -0.00328    |
|    value_loss           | 0.195       |
-----------------------------------------
-----------------------------------------
| rollout/                |             |
|    ep_len_mean          | 501         |
|    ep_rew_mean          | -3.05       |
| time/                   |             |
|    fps                  | 1783        |
|    iterations           | 68          |
|    time_elapsed         | 312         |
|    total_timesteps      | 557056      |
| train/                  |             |
|    approx_kl            | 0.009700436 |
|    clip_fraction        | 0.117       |
|    clip_range           | 0.2         |
|    entropy_loss         | -1.4        |
|    explained_variance   | 0.992       |
|    learning_rate        | 0.0003      |
|    loss                 | 0.0905      |
|    n_updates            | 670         |
|    policy_gradient_loss | -0.00137    |
|    value_loss           | 0.167       |
-----------------------------------------
Eval num_timesteps=560000, episode_reward=-21.45 +/- 0.57
Episode length: 696.10 +/- 74.86
-----------------------------------------
| eval/                   |             |
|    mean_ep_length       | 696         |
|    mean_reward          | -21.4       |
| time/                   |             |
|    total_timesteps      | 560000      |
| train/                  |             |
|    approx_kl            | 0.011322079 |
|    clip_fraction        | 0.107       |
|    clip_range           | 0.2         |
|    entropy_loss         | -1.4        |
|    explained_variance   | 0.985       |
|    learning_rate        | 0.0003      |
|    loss                 | 0.19        |
|    n_updates            | 680         |
|    policy_gradient_loss | -0.00268    |
|    value_loss           | 0.266       |
-----------------------------------------
New best mean reward!
---------------------------------
| rollout/           |          |
|    ep_len_mean     | 516      |
|    ep_rew_mean     | -2.14    |
| time/              |          |
|    fps             | 1761     |
|    iterations      | 69       |
|    time_elapsed    | 320      |
|    total_timesteps | 565248   |
---------------------------------
------------------------------------------
| rollout/                |              |
|    ep_len_mean          | 535          |
|    ep_rew_mean          | -0.935       |
| time/                   |              |
|    fps                  | 1766         |
|    iterations           | 70           |
|    time_elapsed         | 324          |
|    total_timesteps      | 573440       |
| train/                  |              |
|    approx_kl            | 0.0071053198 |
|    clip_fraction        | 0.0542       |
|    clip_range           | 0.2          |
|    entropy_loss         | -1.36        |
|    explained_variance   | 0.989        |
|    learning_rate        | 0.0003       |
|    loss                 | 0.111        |
|    n_updates            | 690          |
|    policy_gradient_loss | -0.0041      |
|    value_loss           | 0.235        |
------------------------------------------
Eval num_timesteps=580000, episode_reward=-21.45 +/- 0.57
Episode length: 658.20 +/- 64.55
-----------------------------------------
| eval/                   |             |
|    mean_ep_length       | 658         |
|    mean_reward          | -21.4       |
| time/                   |             |
|    total_timesteps      | 580000      |
| train/                  |             |
|    approx_kl            | 0.008163428 |
|    clip_fraction        | 0.108       |
|    clip_range           | 0.2         |
|    entropy_loss         | -1.36       |
|    explained_variance   | 0.988       |
|    learning_rate        | 0.0003      |
|    loss                 | 0.0684      |
|    n_updates            | 700         |
|    policy_gradient_loss | -0.00462    |
|    value_loss           | 0.235       |
-----------------------------------------
---------------------------------
| rollout/           |          |
|    ep_len_mean     | 553      |
|    ep_rew_mean     | 0.334    |
| time/              |          |
|    fps             | 1747     |
|    iterations      | 71       |
|    time_elapsed    | 332      |
|    total_timesteps | 581632   |
---------------------------------
-----------------------------------------
| rollout/                |             |
|    ep_len_mean          | 559         |
|    ep_rew_mean          | 0.933       |
| time/                   |             |
|    fps                  | 1753        |
|    iterations           | 72          |
|    time_elapsed         | 336         |
|    total_timesteps      | 589824      |
| train/                  |             |
|    approx_kl            | 0.008890385 |
|    clip_fraction        | 0.0807      |
|    clip_range           | 0.2         |
|    entropy_loss         | -1.36       |
|    explained_variance   | 0.989       |
|    learning_rate        | 0.0003      |
|    loss                 | 0.181       |
|    n_updates            | 710         |
|    policy_gradient_loss | -0.00379    |
|    value_loss           | 0.223       |
-----------------------------------------
----------------------------------------
| rollout/                |            |
|    ep_len_mean          | 571        |
|    ep_rew_mean          | 1.77       |
| time/                   |            |
|    fps                  | 1757       |
|    iterations           | 73         |
|    time_elapsed         | 340        |
|    total_timesteps      | 598016     |
| train/                  |            |
|    approx_kl            | 0.00765814 |
|    clip_fraction        | 0.0648     |
|    clip_range           | 0.2        |
|    entropy_loss         | -1.35      |
|    explained_variance   | 0.991      |
|    learning_rate        | 0.0003     |
|    loss                 | 0.0435     |
|    n_updates            | 720        |
|    policy_gradient_loss | -0.00338   |
|    value_loss           | 0.176      |
----------------------------------------
Eval num_timesteps=600000, episode_reward=-21.40 +/- 0.20
Episode length: 390.80 +/- 89.09
-----------------------------------------
| eval/                   |             |
|    mean_ep_length       | 391         |
|    mean_reward          | -21.4       |
| time/                   |             |
|    total_timesteps      | 600000      |
| train/                  |             |
|    approx_kl            | 0.010687808 |
|    clip_fraction        | 0.135       |
|    clip_range           | 0.2         |
|    entropy_loss         | -1.33       |
|    explained_variance   | 0.983       |
|    learning_rate        | 0.0003      |
|    loss                 | 0.187       |
|    n_updates            | 730         |
|    policy_gradient_loss | -0.00226    |
|    value_loss           | 0.316       |
-----------------------------------------
New best mean reward!
---------------------------------
| rollout/           |          |
|    ep_len_mean     | 583      |
|    ep_rew_mean     | 2.62     |
| time/              |          |
|    fps             | 1747     |
|    iterations      | 74       |
|    time_elapsed    | 346      |
|    total_timesteps | 606208   |
---------------------------------
------------------------------------------
| rollout/                |              |
|    ep_len_mean          | 586          |
|    ep_rew_mean          | 2.78         |
| time/                   |              |
|    fps                  | 1751         |
|    iterations           | 75           |
|    time_elapsed         | 350          |
|    total_timesteps      | 614400       |
| train/                  |              |
|    approx_kl            | 0.0057048984 |
|    clip_fraction        | 0.0415       |
|    clip_range           | 0.2          |
|    entropy_loss         | -1.36        |
|    explained_variance   | 0.99         |
|    learning_rate        | 0.0003       |
|    loss                 | 0.0688       |
|    n_updates            | 740          |
|    policy_gradient_loss | -0.00216     |
|    value_loss           | 0.196        |
------------------------------------------
Eval num_timesteps=620000, episode_reward=-21.35 +/- 0.32
Episode length: 570.60 +/- 196.73
------------------------------------------
| eval/                   |              |
|    mean_ep_length       | 571          |
|    mean_reward          | -21.4        |
| time/                   |              |
|    total_timesteps      | 620000       |
| train/                  |              |
|    approx_kl            | 0.0066225575 |
|    clip_fraction        | 0.0519       |
|    clip_range           | 0.2          |
|    entropy_loss         | -1.32        |
|    explained_variance   | 0.988        |
|    learning_rate        | 0.0003       |
|    loss                 | 0.0861       |
|    n_updates            | 750          |
|    policy_gradient_loss | -0.0022      |
|    value_loss           | 0.286        |
------------------------------------------
New best mean reward!
---------------------------------
| rollout/           |          |
|    ep_len_mean     | 595      |
|    ep_rew_mean     | 3.24     |
| time/              |          |
|    fps             | 1735     |
|    iterations      | 76       |
|    time_elapsed    | 358      |
|    total_timesteps | 622592   |
---------------------------------
-----------------------------------------
| rollout/                |             |
|    ep_len_mean          | 604         |
|    ep_rew_mean          | 3.7         |
| time/                   |             |
|    fps                  | 1740        |
|    iterations           | 77          |
|    time_elapsed         | 362         |
|    total_timesteps      | 630784      |
| train/                  |             |
|    approx_kl            | 0.008441433 |
|    clip_fraction        | 0.0851      |
|    clip_range           | 0.2         |
|    entropy_loss         | -1.3        |
|    explained_variance   | 0.971       |
|    learning_rate        | 0.0003      |
|    loss                 | 0.288       |
|    n_updates            | 760         |
|    policy_gradient_loss | -0.00339    |
|    value_loss           | 0.451       |
-----------------------------------------
----------------------------------------
| rollout/                |            |
|    ep_len_mean          | 610        |
|    ep_rew_mean          | 4.02       |
| time/                   |            |
|    fps                  | 1746       |
|    iterations           | 78         |
|    time_elapsed         | 365        |
|    total_timesteps      | 638976     |
| train/                  |            |
|    approx_kl            | 0.00973198 |
|    clip_fraction        | 0.103      |
|    clip_range           | 0.2        |
|    entropy_loss         | -1.26      |
|    explained_variance   | 0.982      |
|    learning_rate        | 0.0003     |
|    loss                 | 0.11       |
|    n_updates            | 770        |
|    policy_gradient_loss | -0.00428   |
|    value_loss           | 0.344      |
----------------------------------------
Eval num_timesteps=640000, episode_reward=-21.40 +/- 0.20
Episode length: 726.10 +/- 104.07
------------------------------------------
| eval/                   |              |
|    mean_ep_length       | 726          |
|    mean_reward          | -21.4        |
| time/                   |              |
|    total_timesteps      | 640000       |
| train/                  |              |
|    approx_kl            | 0.0072248653 |
|    clip_fraction        | 0.0695       |
|    clip_range           | 0.2          |
|    entropy_loss         | -1.24        |
|    explained_variance   | 0.989        |
|    learning_rate        | 0.0003       |
|    loss                 | 0.0663       |
|    n_updates            | 780          |
|    policy_gradient_loss | -0.00209     |
|    value_loss           | 0.195        |
------------------------------------------
---------------------------------
| rollout/           |          |
|    ep_len_mean     | 613      |
|    ep_rew_mean     | 4.17     |
| time/              |          |
|    fps             | 1726     |
|    iterations      | 79       |
|    time_elapsed    | 374      |
|    total_timesteps | 647168   |
---------------------------------
-----------------------------------------
| rollout/                |             |
|    ep_len_mean          | 617         |
|    ep_rew_mean          | 4.4         |
| time/                   |             |
|    fps                  | 1731        |
|    iterations           | 80          |
|    time_elapsed         | 378         |
|    total_timesteps      | 655360      |
| train/                  |             |
|    approx_kl            | 0.006897863 |
|    clip_fraction        | 0.0652      |
|    clip_range           | 0.2         |
|    entropy_loss         | -1.26       |
|    explained_variance   | 0.99        |
|    learning_rate        | 0.0003      |
|    loss                 | 0.0849      |
|    n_updates            | 790         |
|    policy_gradient_loss | -0.00239    |
|    value_loss           | 0.209       |
-----------------------------------------
Eval num_timesteps=660000, episode_reward=-21.40 +/- 0.54
Episode length: 465.20 +/- 169.88
------------------------------------------
| eval/                   |              |
|    mean_ep_length       | 465          |
|    mean_reward          | -21.4        |
| time/                   |              |
|    total_timesteps      | 660000       |
| train/                  |              |
|    approx_kl            | 0.0057722433 |
|    clip_fraction        | 0.045        |
|    clip_range           | 0.2          |
|    entropy_loss         | -1.29        |
|    explained_variance   | 0.989        |
|    learning_rate        | 0.0003       |
|    loss                 | 0.0576       |
|    n_updates            | 800          |
|    policy_gradient_loss | -0.000586    |
|    value_loss           | 0.247        |
------------------------------------------
---------------------------------
| rollout/           |          |
|    ep_len_mean     | 614      |
|    ep_rew_mean     | 4.1      |
| time/              |          |
|    fps             | 1721     |
|    iterations      | 81       |
|    time_elapsed    | 385      |
|    total_timesteps | 663552   |
---------------------------------
------------------------------------------
| rollout/                |              |
|    ep_len_mean          | 624          |
|    ep_rew_mean          | 4.56         |
| time/                   |              |
|    fps                  | 1726         |
|    iterations           | 82           |
|    time_elapsed         | 389          |
|    total_timesteps      | 671744       |
| train/                  |              |
|    approx_kl            | 0.0066510355 |
|    clip_fraction        | 0.0582       |
|    clip_range           | 0.2          |
|    entropy_loss         | -1.27        |
|    explained_variance   | 0.983        |
|    learning_rate        | 0.0003       |
|    loss                 | 0.184        |
|    n_updates            | 810          |
|    policy_gradient_loss | -0.00311     |
|    value_loss           | 0.362        |
------------------------------------------
-----------------------------------------
| rollout/                |             |
|    ep_len_mean          | 630         |
|    ep_rew_mean          | 4.86        |
| time/                   |             |
|    fps                  | 1731        |
|    iterations           | 83          |
|    time_elapsed         | 392         |
|    total_timesteps      | 679936      |
| train/                  |             |
|    approx_kl            | 0.007371734 |
|    clip_fraction        | 0.0602      |
|    clip_range           | 0.2         |
|    entropy_loss         | -1.22       |
|    explained_variance   | 0.973       |
|    learning_rate        | 0.0003      |
|    loss                 | 0.161       |
|    n_updates            | 820         |
|    policy_gradient_loss | -0.00162    |
|    value_loss           | 0.497       |
-----------------------------------------
Eval num_timesteps=680000, episode_reward=-20.90 +/- 0.20
Episode length: 737.80 +/- 18.49
------------------------------------------
| eval/                   |              |
|    mean_ep_length       | 738          |
|    mean_reward          | -20.9        |
| time/                   |              |
|    total_timesteps      | 680000       |
| train/                  |              |
|    approx_kl            | 0.0065856883 |
|    clip_fraction        | 0.0767       |
|    clip_range           | 0.2          |
|    entropy_loss         | -1.22        |
|    explained_variance   | 0.979        |
|    learning_rate        | 0.0003       |
|    loss                 | 0.199        |
|    n_updates            | 830          |
|    policy_gradient_loss | -0.00293     |
|    value_loss           | 0.379        |
------------------------------------------
New best mean reward!
---------------------------------
| rollout/           |          |
|    ep_len_mean     | 632      |
|    ep_rew_mean     | 4.89     |
| time/              |          |
|    fps             | 1713     |
|    iterations      | 84       |
|    time_elapsed    | 401      |
|    total_timesteps | 688128   |
---------------------------------
------------------------------------------
| rollout/                |              |
|    ep_len_mean          | 642          |
|    ep_rew_mean          | 5.45         |
| time/                   |              |
|    fps                  | 1718         |
|    iterations           | 85           |
|    time_elapsed         | 405          |
|    total_timesteps      | 696320       |
| train/                  |              |
|    approx_kl            | 0.0075584194 |
|    clip_fraction        | 0.0999       |
|    clip_range           | 0.2          |
|    entropy_loss         | -1.17        |
|    explained_variance   | 0.982        |
|    learning_rate        | 0.0003       |
|    loss                 | 0.15         |
|    n_updates            | 840          |
|    policy_gradient_loss | -0.00372     |
|    value_loss           | 0.392        |
------------------------------------------
Eval num_timesteps=700000, episode_reward=-21.55 +/- 0.52
Episode length: 741.60 +/- 113.85
-----------------------------------------
| eval/                   |             |
|    mean_ep_length       | 742         |
|    mean_reward          | -21.6       |
| time/                   |             |
|    total_timesteps      | 700000      |
| train/                  |             |
|    approx_kl            | 0.009602869 |
|    clip_fraction        | 0.11        |
|    clip_range           | 0.2         |
|    entropy_loss         | -1.16       |
|    explained_variance   | 0.981       |
|    learning_rate        | 0.0003      |
|    loss                 | 0.163       |
|    n_updates            | 850         |
|    policy_gradient_loss | -0.00326    |
|    value_loss           | 0.302       |
-----------------------------------------
---------------------------------
| rollout/           |          |
|    ep_len_mean     | 656      |
|    ep_rew_mean     | 6.16     |
| time/              |          |
|    fps             | 1702     |
|    iterations      | 86       |
|    time_elapsed    | 413      |
|    total_timesteps | 704512   |
---------------------------------
-----------------------------------------
| rollout/                |             |
|    ep_len_mean          | 664         |
|    ep_rew_mean          | 6.68        |
| time/                   |             |
|    fps                  | 1706        |
|    iterations           | 87          |
|    time_elapsed         | 417         |
|    total_timesteps      | 712704      |
| train/                  |             |
|    approx_kl            | 0.009615101 |
|    clip_fraction        | 0.0911      |
|    clip_range           | 0.2         |
|    entropy_loss         | -1.07       |
|    explained_variance   | 0.976       |
|    learning_rate        | 0.0003      |
|    loss                 | 0.182       |
|    n_updates            | 860         |
|    policy_gradient_loss | -0.00228    |
|    value_loss           | 0.453       |
-----------------------------------------
Eval num_timesteps=720000, episode_reward=-21.95 +/- 0.15
Episode length: 524.30 +/- 55.87
-----------------------------------------
| eval/                   |             |
|    mean_ep_length       | 524         |
|    mean_reward          | -21.9       |
| time/                   |             |
|    total_timesteps      | 720000      |
| train/                  |             |
|    approx_kl            | 0.007148143 |
|    clip_fraction        | 0.0557      |
|    clip_range           | 0.2         |
|    entropy_loss         | -1.15       |
|    explained_variance   | 0.986       |
|    learning_rate        | 0.0003      |
|    loss                 | 0.119       |
|    n_updates            | 870         |
|    policy_gradient_loss | -0.00079    |
|    value_loss           | 0.249       |
-----------------------------------------
---------------------------------
| rollout/           |          |
|    ep_len_mean     | 671      |
|    ep_rew_mean     | 7.09     |
| time/              |          |
|    fps             | 1697     |
|    iterations      | 88       |
|    time_elapsed    | 424      |
|    total_timesteps | 720896   |
---------------------------------
------------------------------------------
| rollout/                |              |
|    ep_len_mean          | 671          |
|    ep_rew_mean          | 7.19         |
| time/                   |              |
|    fps                  | 1702         |
|    iterations           | 89           |
|    time_elapsed         | 428          |
|    total_timesteps      | 729088       |
| train/                  |              |
|    approx_kl            | 0.0063610533 |
|    clip_fraction        | 0.0705       |
|    clip_range           | 0.2          |
|    entropy_loss         | -1.11        |
|    explained_variance   | 0.983        |
|    learning_rate        | 0.0003       |
|    loss                 | 0.227        |
|    n_updates            | 880          |
|    policy_gradient_loss | -0.00185     |
|    value_loss           | 0.372        |
------------------------------------------
------------------------------------------
| rollout/                |              |
|    ep_len_mean          | 661          |
|    ep_rew_mean          | 6.85         |
| time/                   |              |
|    fps                  | 1708         |
|    iterations           | 90           |
|    time_elapsed         | 431          |
|    total_timesteps      | 737280       |
| train/                  |              |
|    approx_kl            | 0.0042637773 |
|    clip_fraction        | 0.0426       |
|    clip_range           | 0.2          |
|    entropy_loss         | -1.1         |
|    explained_variance   | 0.99         |
|    learning_rate        | 0.0003       |
|    loss                 | 0.0676       |
|    n_updates            | 890          |
|    policy_gradient_loss | -0.000845    |
|    value_loss           | 0.199        |
------------------------------------------
Eval num_timesteps=740000, episode_reward=-21.85 +/- 0.23
Episode length: 605.00 +/- 89.21
------------------------------------------
| eval/                   |              |
|    mean_ep_length       | 605          |
|    mean_reward          | -21.9        |
| time/                   |              |
|    total_timesteps      | 740000       |
| train/                  |              |
|    approx_kl            | 0.0064716944 |
|    clip_fraction        | 0.0574       |
|    clip_range           | 0.2          |
|    entropy_loss         | -1.14        |
|    explained_variance   | 0.991        |
|    learning_rate        | 0.0003       |
|    loss                 | 0.0447       |
|    n_updates            | 900          |
|    policy_gradient_loss | -0.00142     |
|    value_loss           | 0.184        |
------------------------------------------
---------------------------------
| rollout/           |          |
|    ep_len_mean     | 659      |
|    ep_rew_mean     | 6.95     |
| time/              |          |
|    fps             | 1697     |
|    iterations      | 91       |
|    time_elapsed    | 439      |
|    total_timesteps | 745472   |
---------------------------------
-----------------------------------------
| rollout/                |             |
|    ep_len_mean          | 654         |
|    ep_rew_mean          | 6.81        |
| time/                   |             |
|    fps                  | 1702        |
|    iterations           | 92          |
|    time_elapsed         | 442         |
|    total_timesteps      | 753664      |
| train/                  |             |
|    approx_kl            | 0.003641155 |
|    clip_fraction        | 0.0575      |
|    clip_range           | 0.2         |
|    entropy_loss         | -1.06       |
|    explained_variance   | 0.98        |
|    learning_rate        | 0.0003      |
|    loss                 | 0.232       |
|    n_updates            | 910         |
|    policy_gradient_loss | -0.00255    |
|    value_loss           | 0.442       |
-----------------------------------------
Eval num_timesteps=760000, episode_reward=-21.65 +/- 0.23
Episode length: 542.90 +/- 19.47
------------------------------------------
| eval/                   |              |
|    mean_ep_length       | 543          |
|    mean_reward          | -21.6        |
| time/                   |              |
|    total_timesteps      | 760000       |
| train/                  |              |
|    approx_kl            | 0.0058011934 |
|    clip_fraction        | 0.0727       |
|    clip_range           | 0.2          |
|    entropy_loss         | -1.1         |
|    explained_variance   | 0.985        |
|    learning_rate        | 0.0003       |
|    loss                 | 0.205        |
|    n_updates            | 920          |
|    policy_gradient_loss | -0.00179     |
|    value_loss           | 0.371        |
------------------------------------------
---------------------------------
| rollout/           |          |
|    ep_len_mean     | 641      |
|    ep_rew_mean     | 6.29     |
| time/              |          |
|    fps             | 1694     |
|    iterations      | 93       |
|    time_elapsed    | 449      |
|    total_timesteps | 761856   |
---------------------------------
-----------------------------------------
| rollout/                |             |
|    ep_len_mean          | 638         |
|    ep_rew_mean          | 6.22        |
| time/                   |             |
|    fps                  | 1699        |
|    iterations           | 94          |
|    time_elapsed         | 453         |
|    total_timesteps      | 770048      |
| train/                  |             |
|    approx_kl            | 0.006932927 |
|    clip_fraction        | 0.0689      |
|    clip_range           | 0.2         |
|    entropy_loss         | -1.11       |
|    explained_variance   | 0.984       |
|    learning_rate        | 0.0003      |
|    loss                 | 0.164       |
|    n_updates            | 930         |
|    policy_gradient_loss | -0.00209    |
|    value_loss           | 0.381       |
-----------------------------------------
-----------------------------------------
| rollout/                |             |
|    ep_len_mean          | 621         |
|    ep_rew_mean          | 5.18        |
| time/                   |             |
|    fps                  | 1704        |
|    iterations           | 95          |
|    time_elapsed         | 456         |
|    total_timesteps      | 778240      |
| train/                  |             |
|    approx_kl            | 0.013105717 |
|    clip_fraction        | 0.0622      |
|    clip_range           | 0.2         |
|    entropy_loss         | -1.11       |
|    explained_variance   | 0.983       |
|    learning_rate        | 0.0003      |
|    loss                 | 0.28        |
|    n_updates            | 940         |
|    policy_gradient_loss | -0.000981   |
|    value_loss           | 0.357       |
-----------------------------------------
Eval num_timesteps=780000, episode_reward=-21.50 +/- 0.45
Episode length: 497.20 +/- 36.82
-----------------------------------------
| eval/                   |             |
|    mean_ep_length       | 497         |
|    mean_reward          | -21.5       |
| time/                   |             |
|    total_timesteps      | 780000      |
| train/                  |             |
|    approx_kl            | 0.007215633 |
|    clip_fraction        | 0.0633      |
|    clip_range           | 0.2         |
|    entropy_loss         | -1.15       |
|    explained_variance   | 0.985       |
|    learning_rate        | 0.0003      |
|    loss                 | 0.126       |
|    n_updates            | 950         |
|    policy_gradient_loss | -0.00169    |
|    value_loss           | 0.297       |
-----------------------------------------
---------------------------------
| rollout/           |          |
|    ep_len_mean     | 618      |
|    ep_rew_mean     | 4.72     |
| time/              |          |
|    fps             | 1696     |
|    iterations      | 96       |
|    time_elapsed    | 463      |
|    total_timesteps | 786432   |
---------------------------------
-----------------------------------------
| rollout/                |             |
|    ep_len_mean          | 607         |
|    ep_rew_mean          | 3.89        |
| time/                   |             |
|    fps                  | 1701        |
|    iterations           | 97          |
|    time_elapsed         | 466         |
|    total_timesteps      | 794624      |
| train/                  |             |
|    approx_kl            | 0.006776994 |
|    clip_fraction        | 0.0725      |
|    clip_range           | 0.2         |
|    entropy_loss         | -1.14       |
|    explained_variance   | 0.984       |
|    learning_rate        | 0.0003      |
|    loss                 | 0.15        |
|    n_updates            | 960         |
|    policy_gradient_loss | -0.00187    |
|    value_loss           | 0.33        |
-----------------------------------------
Eval num_timesteps=800000, episode_reward=-22.05 +/- 0.57
Episode length: 438.30 +/- 24.71
------------------------------------------
| eval/                   |              |
|    mean_ep_length       | 438          |
|    mean_reward          | -22.1        |
| time/                   |              |
|    total_timesteps      | 800000       |
| train/                  |              |
|    approx_kl            | 0.0069186287 |
|    clip_fraction        | 0.0918       |
|    clip_range           | 0.2          |
|    entropy_loss         | -1.14        |
|    explained_variance   | 0.988        |
|    learning_rate        | 0.0003       |
|    loss                 | 0.0553       |
|    n_updates            | 970          |
|    policy_gradient_loss | -0.00266     |
|    value_loss           | 0.265        |
------------------------------------------
---------------------------------
| rollout/           |          |
|    ep_len_mean     | 573      |
|    ep_rew_mean     | 1.42     |
| time/              |          |
|    fps             | 1696     |
|    iterations      | 98       |
|    time_elapsed    | 473      |
|    total_timesteps | 802816   |
---------------------------------
    -> net_big_s44: -21.12 +/- 0.65 (7.9 min)

=== [lr_high_s44] net=(64, 64) lr=0.001 seed=44 ===
Using cpu device
---------------------------------
| rollout/           |          |
|    ep_len_mean     | 245      |
|    ep_rew_mean     | -16.7    |
| time/              |          |
|    fps             | 4183     |
|    iterations      | 1        |
|    time_elapsed    | 1        |
|    total_timesteps | 8192     |
---------------------------------
----------------------------------------
| rollout/                |            |
|    ep_len_mean          | 232        |
|    ep_rew_mean          | -17.1      |
| time/                   |            |
|    fps                  | 3140       |
|    iterations           | 2          |
|    time_elapsed         | 5          |
|    total_timesteps      | 16384      |
| train/                  |            |
|    approx_kl            | 0.01402132 |
|    clip_fraction        | 0.157      |
|    clip_range           | 0.2        |
|    entropy_loss         | -1.78      |
|    explained_variance   | -0.0243    |
|    learning_rate        | 0.001      |
|    loss                 | 0.527      |
|    n_updates            | 10         |
|    policy_gradient_loss | -0.00626   |
|    value_loss           | 2          |
----------------------------------------
Eval num_timesteps=20000, episode_reward=-22.10 +/- 0.30
Episode length: 269.50 +/- 17.78
-----------------------------------------
| eval/                   |             |
|    mean_ep_length       | 270         |
|    mean_reward          | -22.1       |
| time/                   |             |
|    total_timesteps      | 20000       |
| train/                  |             |
|    approx_kl            | 0.013418373 |
|    clip_fraction        | 0.132       |
|    clip_range           | 0.2         |
|    entropy_loss         | -1.76       |
|    explained_variance   | 0.835       |
|    learning_rate        | 0.001       |
|    loss                 | 0.226       |
|    n_updates            | 20          |
|    policy_gradient_loss | -0.00569    |
|    value_loss           | 0.624       |
-----------------------------------------
New best mean reward!
---------------------------------
| rollout/           |          |
|    ep_len_mean     | 231      |
|    ep_rew_mean     | -17.2    |
| time/              |          |
|    fps             | 2432     |
|    iterations      | 3        |
|    time_elapsed    | 10       |
|    total_timesteps | 24576    |
---------------------------------
-----------------------------------------
| rollout/                |             |
|    ep_len_mean          | 226         |
|    ep_rew_mean          | -17.4       |
| time/                   |             |
|    fps                  | 2484        |
|    iterations           | 4           |
|    time_elapsed         | 13          |
|    total_timesteps      | 32768       |
| train/                  |             |
|    approx_kl            | 0.011574227 |
|    clip_fraction        | 0.0775      |
|    clip_range           | 0.2         |
|    entropy_loss         | -1.77       |
|    explained_variance   | 0.933       |
|    learning_rate        | 0.001       |
|    loss                 | 0.243       |
|    n_updates            | 30          |
|    policy_gradient_loss | -0.00303    |
|    value_loss           | 0.529       |
-----------------------------------------
Eval num_timesteps=40000, episode_reward=-22.35 +/- 0.23
Episode length: 306.90 +/- 25.54
-----------------------------------------
| eval/                   |             |
|    mean_ep_length       | 307         |
|    mean_reward          | -22.4       |
| time/                   |             |
|    total_timesteps      | 40000       |
| train/                  |             |
|    approx_kl            | 0.013329428 |
|    clip_fraction        | 0.113       |
|    clip_range           | 0.2         |
|    entropy_loss         | -1.77       |
|    explained_variance   | 0.963       |
|    learning_rate        | 0.001       |
|    loss                 | 0.195       |
|    n_updates            | 40          |
|    policy_gradient_loss | -0.00635    |
|    value_loss           | 0.412       |
-----------------------------------------
---------------------------------
| rollout/           |          |
|    ep_len_mean     | 233      |
|    ep_rew_mean     | -17.3    |
| time/              |          |
|    fps             | 2237     |
|    iterations      | 5        |
|    time_elapsed    | 18       |
|    total_timesteps | 40960    |
---------------------------------
-----------------------------------------
| rollout/                |             |
|    ep_len_mean          | 249         |
|    ep_rew_mean          | -17         |
| time/                   |             |
|    fps                  | 2300        |
|    iterations           | 6           |
|    time_elapsed         | 21          |
|    total_timesteps      | 49152       |
| train/                  |             |
|    approx_kl            | 0.009970222 |
|    clip_fraction        | 0.119       |
|    clip_range           | 0.2         |
|    entropy_loss         | -1.75       |
|    explained_variance   | 0.975       |
|    learning_rate        | 0.001       |
|    loss                 | 0.172       |
|    n_updates            | 50          |
|    policy_gradient_loss | -0.00791    |
|    value_loss           | 0.374       |
-----------------------------------------
-----------------------------------------
| rollout/                |             |
|    ep_len_mean          | 270         |
|    ep_rew_mean          | -16.3       |
| time/                   |             |
|    fps                  | 2347        |
|    iterations           | 7           |
|    time_elapsed         | 24          |
|    total_timesteps      | 57344       |
| train/                  |             |
|    approx_kl            | 0.013194576 |
|    clip_fraction        | 0.174       |
|    clip_range           | 0.2         |
|    entropy_loss         | -1.73       |
|    explained_variance   | 0.979       |
|    learning_rate        | 0.001       |
|    loss                 | 0.124       |
|    n_updates            | 60          |
|    policy_gradient_loss | -0.0124     |
|    value_loss           | 0.361       |
-----------------------------------------
Eval num_timesteps=60000, episode_reward=-22.50 +/- 0.00
Episode length: 347.20 +/- 23.31
-----------------------------------------
| eval/                   |             |
|    mean_ep_length       | 347         |
|    mean_reward          | -22.5       |
| time/                   |             |
|    total_timesteps      | 60000       |
| train/                  |             |
|    approx_kl            | 0.012758364 |
|    clip_fraction        | 0.196       |
|    clip_range           | 0.2         |
|    entropy_loss         | -1.67       |
|    explained_variance   | 0.975       |
|    learning_rate        | 0.001       |
|    loss                 | 0.148       |
|    n_updates            | 70          |
|    policy_gradient_loss | -0.0136     |
|    value_loss           | 0.342       |
-----------------------------------------
---------------------------------
| rollout/           |          |
|    ep_len_mean     | 311      |
|    ep_rew_mean     | -14.6    |
| time/              |          |
|    fps             | 2204     |
|    iterations      | 8        |
|    time_elapsed    | 29       |
|    total_timesteps | 65536    |
---------------------------------
-----------------------------------------
| rollout/                |             |
|    ep_len_mean          | 342         |
|    ep_rew_mean          | -13.1       |
| time/                   |             |
|    fps                  | 2242        |
|    iterations           | 9           |
|    time_elapsed         | 32          |
|    total_timesteps      | 73728       |
| train/                  |             |
|    approx_kl            | 0.015314512 |
|    clip_fraction        | 0.165       |
|    clip_range           | 0.2         |
|    entropy_loss         | -1.61       |
|    explained_variance   | 0.983       |
|    learning_rate        | 0.001       |
|    loss                 | 0.0556      |
|    n_updates            | 80          |
|    policy_gradient_loss | -0.00853    |
|    value_loss           | 0.246       |
-----------------------------------------
Eval num_timesteps=80000, episode_reward=-22.85 +/- 0.23
Episode length: 419.80 +/- 21.79
----------------------------------------
| eval/                   |            |
|    mean_ep_length       | 420        |
|    mean_reward          | -22.9      |
| time/                   |            |
|    total_timesteps      | 80000      |
| train/                  |            |
|    approx_kl            | 0.01566391 |
|    clip_fraction        | 0.205      |
|    clip_range           | 0.2        |
|    entropy_loss         | -1.54      |
|    explained_variance   | 0.985      |
|    learning_rate        | 0.001      |
|    loss                 | 0.0844     |
|    n_updates            | 90         |
|    policy_gradient_loss | -0.0107    |
|    value_loss           | 0.196      |
----------------------------------------
---------------------------------
| rollout/           |          |
|    ep_len_mean     | 369      |
|    ep_rew_mean     | -11.4    |
| time/              |          |
|    fps             | 2106     |
|    iterations      | 10       |
|    time_elapsed    | 38       |
|    total_timesteps | 81920    |
---------------------------------
-----------------------------------------
| rollout/                |             |
|    ep_len_mean          | 390         |
|    ep_rew_mean          | -9.88       |
| time/                   |             |
|    fps                  | 2140        |
|    iterations           | 11          |
|    time_elapsed         | 42          |
|    total_timesteps      | 90112       |
| train/                  |             |
|    approx_kl            | 0.009981325 |
|    clip_fraction        | 0.108       |
|    clip_range           | 0.2         |
|    entropy_loss         | -1.44       |
|    explained_variance   | 0.988       |
|    learning_rate        | 0.001       |
|    loss                 | 0.0527      |
|    n_updates            | 100         |
|    policy_gradient_loss | -0.00587    |
|    value_loss           | 0.172       |
-----------------------------------------
-----------------------------------------
| rollout/                |             |
|    ep_len_mean          | 394         |
|    ep_rew_mean          | -9.17       |
| time/                   |             |
|    fps                  | 2171        |
|    iterations           | 12          |
|    time_elapsed         | 45          |
|    total_timesteps      | 98304       |
| train/                  |             |
|    approx_kl            | 0.009664152 |
|    clip_fraction        | 0.0812      |
|    clip_range           | 0.2         |
|    entropy_loss         | -1.44       |
|    explained_variance   | 0.991       |
|    learning_rate        | 0.001       |
|    loss                 | 0.0805      |
|    n_updates            | 110         |
|    policy_gradient_loss | -0.00487    |
|    value_loss           | 0.144       |
-----------------------------------------
Eval num_timesteps=100000, episode_reward=-22.40 +/- 0.30
Episode length: 353.00 +/- 13.65
------------------------------------------
| eval/                   |              |
|    mean_ep_length       | 353          |
|    mean_reward          | -22.4        |
| time/                   |              |
|    total_timesteps      | 100000       |
| train/                  |              |
|    approx_kl            | 0.0076473756 |
|    clip_fraction        | 0.0414       |
|    clip_range           | 0.2          |
|    entropy_loss         | -1.47        |
|    explained_variance   | 0.993        |
|    learning_rate        | 0.001        |
|    loss                 | 0.0644       |
|    n_updates            | 120          |
|    policy_gradient_loss | -0.00164     |
|    value_loss           | 0.131        |
------------------------------------------
---------------------------------
| rollout/           |          |
|    ep_len_mean     | 391      |
|    ep_rew_mean     | -9.07    |
| time/              |          |
|    fps             | 2105     |
|    iterations      | 13       |
|    time_elapsed    | 50       |
|    total_timesteps | 106496   |
---------------------------------
-----------------------------------------
| rollout/                |             |
|    ep_len_mean          | 387         |
|    ep_rew_mean          | -9.2        |
| time/                   |             |
|    fps                  | 2136        |
|    iterations           | 14          |
|    time_elapsed         | 53          |
|    total_timesteps      | 114688      |
| train/                  |             |
|    approx_kl            | 0.009725222 |
|    clip_fraction        | 0.0756      |
|    clip_range           | 0.2         |
|    entropy_loss         | -1.53       |
|    explained_variance   | 0.994       |
|    learning_rate        | 0.001       |
|    loss                 | 0.0357      |
|    n_updates            | 130         |
|    policy_gradient_loss | -0.00269    |
|    value_loss           | 0.109       |
-----------------------------------------
Eval num_timesteps=120000, episode_reward=-22.35 +/- 0.32
Episode length: 327.60 +/- 18.11
------------------------------------------
| eval/                   |              |
|    mean_ep_length       | 328          |
|    mean_reward          | -22.4        |
| time/                   |              |
|    total_timesteps      | 120000       |
| train/                  |              |
|    approx_kl            | 0.0047038756 |
|    clip_fraction        | 0.0938       |
|    clip_range           | 0.2          |
|    entropy_loss         | -1.49        |
|    explained_variance   | 0.995        |
|    learning_rate        | 0.001        |
|    loss                 | 0.0672       |
|    n_updates            | 140          |
|    policy_gradient_loss | -0.0038      |
|    value_loss           | 0.123        |
------------------------------------------
---------------------------------
| rollout/           |          |
|    ep_len_mean     | 385      |
|    ep_rew_mean     | -9.22    |
| time/              |          |
|    fps             | 2078     |
|    iterations      | 15       |
|    time_elapsed    | 59       |
|    total_timesteps | 122880   |
---------------------------------
-----------------------------------------
| rollout/                |             |
|    ep_len_mean          | 388         |
|    ep_rew_mean          | -9.07       |
| time/                   |             |
|    fps                  | 2108        |
|    iterations           | 16          |
|    time_elapsed         | 62          |
|    total_timesteps      | 131072      |
| train/                  |             |
|    approx_kl            | 0.007304265 |
|    clip_fraction        | 0.0442      |
|    clip_range           | 0.2         |
|    entropy_loss         | -1.48       |
|    explained_variance   | 0.995       |
|    learning_rate        | 0.001       |
|    loss                 | 0.0566      |
|    n_updates            | 150         |
|    policy_gradient_loss | -0.0023     |
|    value_loss           | 0.112       |
-----------------------------------------
------------------------------------------
| rollout/                |              |
|    ep_len_mean          | 389          |
|    ep_rew_mean          | -8.9         |
| time/                   |              |
|    fps                  | 2131         |
|    iterations           | 17           |
|    time_elapsed         | 65           |
|    total_timesteps      | 139264       |
| train/                  |              |
|    approx_kl            | 0.0069155814 |
|    clip_fraction        | 0.0597       |
|    clip_range           | 0.2          |
|    entropy_loss         | -1.44        |
|    explained_variance   | 0.996        |
|    learning_rate        | 0.001        |
|    loss                 | 0.0494       |
|    n_updates            | 160          |
|    policy_gradient_loss | -0.00246     |
|    value_loss           | 0.109        |
------------------------------------------
Eval num_timesteps=140000, episode_reward=-22.30 +/- 0.24
Episode length: 405.20 +/- 21.22
-----------------------------------------
| eval/                   |             |
|    mean_ep_length       | 405         |
|    mean_reward          | -22.3       |
| time/                   |             |
|    total_timesteps      | 140000      |
| train/                  |             |
|    approx_kl            | 0.007873564 |
|    clip_fraction        | 0.0763      |
|    clip_range           | 0.2         |
|    entropy_loss         | -1.42       |
|    explained_variance   | 0.995       |
|    learning_rate        | 0.001       |
|    loss                 | 0.0592      |
|    n_updates            | 170         |
|    policy_gradient_loss | -0.00485    |
|    value_loss           | 0.119       |
-----------------------------------------
---------------------------------
| rollout/           |          |
|    ep_len_mean     | 388      |
|    ep_rew_mean     | -8.81    |
| time/              |          |
|    fps             | 2082     |
|    iterations      | 18       |
|    time_elapsed    | 70       |
|    total_timesteps | 147456   |
---------------------------------
-----------------------------------------
| rollout/                |             |
|    ep_len_mean          | 391         |
|    ep_rew_mean          | -8.52       |
| time/                   |             |
|    fps                  | 2107        |
|    iterations           | 19          |
|    time_elapsed         | 73          |
|    total_timesteps      | 155648      |
| train/                  |             |
|    approx_kl            | 0.008669836 |
|    clip_fraction        | 0.101       |
|    clip_range           | 0.2         |
|    entropy_loss         | -1.44       |
|    explained_variance   | 0.995       |
|    learning_rate        | 0.001       |
|    loss                 | 0.0639      |
|    n_updates            | 180         |
|    policy_gradient_loss | -0.00258    |
|    value_loss           | 0.133       |
-----------------------------------------
Eval num_timesteps=160000, episode_reward=-22.40 +/- 0.30
Episode length: 415.90 +/- 28.90
------------------------------------------
| eval/                   |              |
|    mean_ep_length       | 416          |
|    mean_reward          | -22.4        |
| time/                   |              |
|    total_timesteps      | 160000       |
| train/                  |              |
|    approx_kl            | 0.0063261623 |
|    clip_fraction        | 0.0535       |
|    clip_range           | 0.2          |
|    entropy_loss         | -1.4         |
|    explained_variance   | 0.996        |
|    learning_rate        | 0.001        |
|    loss                 | 0.0308       |
|    n_updates            | 190          |
|    policy_gradient_loss | -0.00354     |
|    value_loss           | 0.102        |
------------------------------------------
---------------------------------
| rollout/           |          |
|    ep_len_mean     | 395      |
|    ep_rew_mean     | -8.26    |
| time/              |          |
|    fps             | 2055     |
|    iterations      | 20       |
|    time_elapsed    | 79       |
|    total_timesteps | 163840   |
---------------------------------
----------------------------------------
| rollout/                |            |
|    ep_len_mean          | 400        |
|    ep_rew_mean          | -7.99      |
| time/                   |            |
|    fps                  | 2075       |
|    iterations           | 21         |
|    time_elapsed         | 82         |
|    total_timesteps      | 172032     |
| train/                  |            |
|    approx_kl            | 0.00851788 |
|    clip_fraction        | 0.0936     |
|    clip_range           | 0.2        |
|    entropy_loss         | -1.43      |
|    explained_variance   | 0.996      |
|    learning_rate        | 0.001      |
|    loss                 | 0.0462     |
|    n_updates            | 200        |
|    policy_gradient_loss | -0.00401   |
|    value_loss           | 0.106      |
----------------------------------------
Eval num_timesteps=180000, episode_reward=-22.25 +/- 0.34
Episode length: 377.80 +/- 19.88
-----------------------------------------
| eval/                   |             |
|    mean_ep_length       | 378         |
|    mean_reward          | -22.2       |
| time/                   |             |
|    total_timesteps      | 180000      |
| train/                  |             |
|    approx_kl            | 0.012121918 |
|    clip_fraction        | 0.126       |
|    clip_range           | 0.2         |
|    entropy_loss         | -1.44       |
|    explained_variance   | 0.996       |
|    learning_rate        | 0.001       |
|    loss                 | 0.0337      |
|    n_updates            | 210         |
|    policy_gradient_loss | -0.00559    |
|    value_loss           | 0.0989      |
-----------------------------------------
---------------------------------
| rollout/           |          |
|    ep_len_mean     | 406      |
|    ep_rew_mean     | -7.67    |
| time/              |          |
|    fps             | 2034     |
|    iterations      | 22       |
|    time_elapsed    | 88       |
|    total_timesteps | 180224   |
---------------------------------
------------------------------------------
| rollout/                |              |
|    ep_len_mean          | 413          |
|    ep_rew_mean          | -7.39        |
| time/                   |              |
|    fps                  | 2054         |
|    iterations           | 23           |
|    time_elapsed         | 91           |
|    total_timesteps      | 188416       |
| train/                  |              |
|    approx_kl            | 0.0065775122 |
|    clip_fraction        | 0.0768       |
|    clip_range           | 0.2          |
|    entropy_loss         | -1.46        |
|    explained_variance   | 0.997        |
|    learning_rate        | 0.001        |
|    loss                 | 0.0248       |
|    n_updates            | 220          |
|    policy_gradient_loss | -0.00268     |
|    value_loss           | 0.0791       |
------------------------------------------
-----------------------------------------
| rollout/                |             |
|    ep_len_mean          | 411         |
|    ep_rew_mean          | -7.57       |
| time/                   |             |
|    fps                  | 2071        |
|    iterations           | 24          |
|    time_elapsed         | 94          |
|    total_timesteps      | 196608      |
| train/                  |             |
|    approx_kl            | 0.007043389 |
|    clip_fraction        | 0.0512      |
|    clip_range           | 0.2         |
|    entropy_loss         | -1.45       |
|    explained_variance   | 0.996       |
|    learning_rate        | 0.001       |
|    loss                 | 0.036       |
|    n_updates            | 230         |
|    policy_gradient_loss | -0.00377    |
|    value_loss           | 0.0907      |
-----------------------------------------
Eval num_timesteps=200000, episode_reward=-22.50 +/- 0.00
Episode length: 415.20 +/- 17.83
-----------------------------------------
| eval/                   |             |
|    mean_ep_length       | 415         |
|    mean_reward          | -22.5       |
| time/                   |             |
|    total_timesteps      | 200000      |
| train/                  |             |
|    approx_kl            | 0.008674956 |
|    clip_fraction        | 0.0909      |
|    clip_range           | 0.2         |
|    entropy_loss         | -1.47       |
|    explained_variance   | 0.997       |
|    learning_rate        | 0.001       |
|    loss                 | 0.00611     |
|    n_updates            | 240         |
|    policy_gradient_loss | -0.00284    |
|    value_loss           | 0.0837      |
-----------------------------------------
---------------------------------
| rollout/           |          |
|    ep_len_mean     | 412      |
|    ep_rew_mean     | -7.63    |
| time/              |          |
|    fps             | 2033     |
|    iterations      | 25       |
|    time_elapsed    | 100      |
|    total_timesteps | 204800   |
---------------------------------
-----------------------------------------
| rollout/                |             |
|    ep_len_mean          | 412         |
|    ep_rew_mean          | -7.79       |
| time/                   |             |
|    fps                  | 2052        |
|    iterations           | 26          |
|    time_elapsed         | 103         |
|    total_timesteps      | 212992      |
| train/                  |             |
|    approx_kl            | 0.007172292 |
|    clip_fraction        | 0.0639      |
|    clip_range           | 0.2         |
|    entropy_loss         | -1.48       |
|    explained_variance   | 0.997       |
|    learning_rate        | 0.001       |
|    loss                 | 0.0419      |
|    n_updates            | 250         |
|    policy_gradient_loss | -0.00346    |
|    value_loss           | 0.0974      |
-----------------------------------------
Eval num_timesteps=220000, episode_reward=-22.20 +/- 0.60
Episode length: 403.10 +/- 18.83
-----------------------------------------
| eval/                   |             |
|    mean_ep_length       | 403         |
|    mean_reward          | -22.2       |
| time/                   |             |
|    total_timesteps      | 220000      |
| train/                  |             |
|    approx_kl            | 0.008624662 |
|    clip_fraction        | 0.0891      |
|    clip_range           | 0.2         |
|    entropy_loss         | -1.45       |
|    explained_variance   | 0.996       |
|    learning_rate        | 0.001       |
|    loss                 | 0.0603      |
|    n_updates            | 260         |
|    policy_gradient_loss | -0.00385    |
|    value_loss           | 0.0854      |
-----------------------------------------
---------------------------------
| rollout/           |          |
|    ep_len_mean     | 415      |
|    ep_rew_mean     | -7.77    |
| time/              |          |
|    fps             | 2016     |
|    iterations      | 27       |
|    time_elapsed    | 109      |
|    total_timesteps | 221184   |
---------------------------------
-----------------------------------------
| rollout/                |             |
|    ep_len_mean          | 422         |
|    ep_rew_mean          | -7.57       |
| time/                   |             |
|    fps                  | 2029        |
|    iterations           | 28          |
|    time_elapsed         | 113         |
|    total_timesteps      | 229376      |
| train/                  |             |
|    approx_kl            | 0.008078522 |
|    clip_fraction        | 0.0883      |
|    clip_range           | 0.2         |
|    entropy_loss         | -1.46       |
|    explained_variance   | 0.997       |
|    learning_rate        | 0.001       |
|    loss                 | 0.0213      |
|    n_updates            | 270         |
|    policy_gradient_loss | -0.00545    |
|    value_loss           | 0.0771      |
-----------------------------------------
---------------------------------------
| rollout/                |           |
|    ep_len_mean          | 429       |
|    ep_rew_mean          | -7.29     |
| time/                   |           |
|    fps                  | 2045      |
|    iterations           | 29        |
|    time_elapsed         | 116       |
|    total_timesteps      | 237568    |
| train/                  |           |
|    approx_kl            | 0.0106704 |
|    clip_fraction        | 0.0954    |
|    clip_range           | 0.2       |
|    entropy_loss         | -1.45     |
|    explained_variance   | 0.997     |
|    learning_rate        | 0.001     |
|    loss                 | 0.022     |
|    n_updates            | 280       |
|    policy_gradient_loss | -0.00291  |
|    value_loss           | 0.0719    |
---------------------------------------
Eval num_timesteps=240000, episode_reward=-22.25 +/- 0.46
Episode length: 429.40 +/- 19.10
-----------------------------------------
| eval/                   |             |
|    mean_ep_length       | 429         |
|    mean_reward          | -22.2       |
| time/                   |             |
|    total_timesteps      | 240000      |
| train/                  |             |
|    approx_kl            | 0.008252053 |
|    clip_fraction        | 0.0646      |
|    clip_range           | 0.2         |
|    entropy_loss         | -1.43       |
|    explained_variance   | 0.997       |
|    learning_rate        | 0.001       |
|    loss                 | 0.0376      |
|    n_updates            | 290         |
|    policy_gradient_loss | -0.003      |
|    value_loss           | 0.0711      |
-----------------------------------------
---------------------------------
| rollout/           |          |
|    ep_len_mean     | 442      |
|    ep_rew_mean     | -6.7     |
| time/              |          |
|    fps             | 2016     |
|    iterations      | 30       |
|    time_elapsed    | 121      |
|    total_timesteps | 245760   |
---------------------------------
----------------------------------------
| rollout/                |            |
|    ep_len_mean          | 445        |
|    ep_rew_mean          | -6.43      |
| time/                   |            |
|    fps                  | 2033       |
|    iterations           | 31         |
|    time_elapsed         | 124        |
|    total_timesteps      | 253952     |
| train/                  |            |
|    approx_kl            | 0.00741613 |
|    clip_fraction        | 0.0637     |
|    clip_range           | 0.2        |
|    entropy_loss         | -1.41      |
|    explained_variance   | 0.997      |
|    learning_rate        | 0.001      |
|    loss                 | 0.0282     |
|    n_updates            | 300        |
|    policy_gradient_loss | -0.00301   |
|    value_loss           | 0.0737     |
----------------------------------------
Eval num_timesteps=260000, episode_reward=-21.95 +/- 0.47
Episode length: 406.80 +/- 21.99
----------------------------------------
| eval/                   |            |
|    mean_ep_length       | 407        |
|    mean_reward          | -21.9      |
| time/                   |            |
|    total_timesteps      | 260000     |
| train/                  |            |
|    approx_kl            | 0.00978302 |
|    clip_fraction        | 0.102      |
|    clip_range           | 0.2        |
|    entropy_loss         | -1.4       |
|    explained_variance   | 0.997      |
|    learning_rate        | 0.001      |
|    loss                 | 0.0185     |
|    n_updates            | 310        |
|    policy_gradient_loss | -0.00565   |
|    value_loss           | 0.0845     |
----------------------------------------
New best mean reward!
---------------------------------
| rollout/           |          |
|    ep_len_mean     | 453      |
|    ep_rew_mean     | -5.82    |
| time/              |          |
|    fps             | 2005     |
|    iterations      | 32       |
|    time_elapsed    | 130      |
|    total_timesteps | 262144   |
---------------------------------
------------------------------------------
| rollout/                |              |
|    ep_len_mean          | 454          |
|    ep_rew_mean          | -5.64        |
| time/                   |              |
|    fps                  | 2019         |
|    iterations           | 33           |
|    time_elapsed         | 133          |
|    total_timesteps      | 270336       |
| train/                  |              |
|    approx_kl            | 0.0066339495 |
|    clip_fraction        | 0.0736       |
|    clip_range           | 0.2          |
|    entropy_loss         | -1.43        |
|    explained_variance   | 0.997        |
|    learning_rate        | 0.001        |
|    loss                 | 0.0221       |
|    n_updates            | 320          |
|    policy_gradient_loss | -0.00322     |
|    value_loss           | 0.0826       |
------------------------------------------
-----------------------------------------
| rollout/                |             |
|    ep_len_mean          | 456         |
|    ep_rew_mean          | -5.45       |
| time/                   |             |
|    fps                  | 2032        |
|    iterations           | 34          |
|    time_elapsed         | 137         |
|    total_timesteps      | 278528      |
| train/                  |             |
|    approx_kl            | 0.007250975 |
|    clip_fraction        | 0.0708      |
|    clip_range           | 0.2         |
|    entropy_loss         | -1.42       |
|    explained_variance   | 0.997       |
|    learning_rate        | 0.001       |
|    loss                 | 0.026       |
|    n_updates            | 330         |
|    policy_gradient_loss | -0.00334    |
|    value_loss           | 0.0744      |
-----------------------------------------
Eval num_timesteps=280000, episode_reward=-21.90 +/- 0.86
Episode length: 435.90 +/- 52.10
-----------------------------------------
| eval/                   |             |
|    mean_ep_length       | 436         |
|    mean_reward          | -21.9       |
| time/                   |             |
|    total_timesteps      | 280000      |
| train/                  |             |
|    approx_kl            | 0.008842405 |
|    clip_fraction        | 0.103       |
|    clip_range           | 0.2         |
|    entropy_loss         | -1.44       |
|    explained_variance   | 0.997       |
|    learning_rate        | 0.001       |
|    loss                 | 0.0324      |
|    n_updates            | 340         |
|    policy_gradient_loss | -0.00353    |
|    value_loss           | 0.0802      |
-----------------------------------------
New best mean reward!
---------------------------------
| rollout/           |          |
|    ep_len_mean     | 455      |
|    ep_rew_mean     | -5.47    |
| time/              |          |
|    fps             | 2002     |
|    iterations      | 35       |
|    time_elapsed    | 143      |
|    total_timesteps | 286720   |
---------------------------------
-----------------------------------------
| rollout/                |             |
|    ep_len_mean          | 453         |
|    ep_rew_mean          | -5.61       |
| time/                   |             |
|    fps                  | 2011        |
|    iterations           | 36          |
|    time_elapsed         | 146         |
|    total_timesteps      | 294912      |
| train/                  |             |
|    approx_kl            | 0.009547555 |
|    clip_fraction        | 0.102       |
|    clip_range           | 0.2         |
|    entropy_loss         | -1.47       |
|    explained_variance   | 0.997       |
|    learning_rate        | 0.001       |
|    loss                 | 0.0291      |
|    n_updates            | 350         |
|    policy_gradient_loss | -0.00146    |
|    value_loss           | 0.085       |
-----------------------------------------
Eval num_timesteps=300000, episode_reward=-22.75 +/- 0.40
Episode length: 527.70 +/- 45.76
------------------------------------------
| eval/                   |              |
|    mean_ep_length       | 528          |
|    mean_reward          | -22.8        |
| time/                   |              |
|    total_timesteps      | 300000       |
| train/                  |              |
|    approx_kl            | 0.0073590754 |
|    clip_fraction        | 0.094        |
|    clip_range           | 0.2          |
|    entropy_loss         | -1.47        |
|    explained_variance   | 0.997        |
|    learning_rate        | 0.001        |
|    loss                 | 0.0239       |
|    n_updates            | 360          |
|    policy_gradient_loss | -0.00328     |
|    value_loss           | 0.0768       |
------------------------------------------
---------------------------------
| rollout/           |          |
|    ep_len_mean     | 456      |
|    ep_rew_mean     | -5.62    |
| time/              |          |
|    fps             | 1979     |
|    iterations      | 37       |
|    time_elapsed    | 153      |
|    total_timesteps | 303104   |
---------------------------------
-----------------------------------------
| rollout/                |             |
|    ep_len_mean          | 460         |
|    ep_rew_mean          | -5.56       |
| time/                   |             |
|    fps                  | 1989        |
|    iterations           | 38          |
|    time_elapsed         | 156         |
|    total_timesteps      | 311296      |
| train/                  |             |
|    approx_kl            | 0.008546455 |
|    clip_fraction        | 0.0703      |
|    clip_range           | 0.2         |
|    entropy_loss         | -1.47       |
|    explained_variance   | 0.997       |
|    learning_rate        | 0.001       |
|    loss                 | 0.0247      |
|    n_updates            | 370         |
|    policy_gradient_loss | -0.0022     |
|    value_loss           | 0.0653      |
-----------------------------------------
------------------------------------------
| rollout/                |              |
|    ep_len_mean          | 475          |
|    ep_rew_mean          | -4.83        |
| time/                   |              |
|    fps                  | 2000         |
|    iterations           | 39           |
|    time_elapsed         | 159          |
|    total_timesteps      | 319488       |
| train/                  |              |
|    approx_kl            | 0.0068677533 |
|    clip_fraction        | 0.0638       |
|    clip_range           | 0.2          |
|    entropy_loss         | -1.45        |
|    explained_variance   | 0.997        |
|    learning_rate        | 0.001        |
|    loss                 | 0.0298       |
|    n_updates            | 380          |
|    policy_gradient_loss | -0.00275     |
|    value_loss           | 0.0671       |
------------------------------------------
Eval num_timesteps=320000, episode_reward=-22.40 +/- 0.20
Episode length: 521.60 +/- 82.24
------------------------------------------
| eval/                   |              |
|    mean_ep_length       | 522          |
|    mean_reward          | -22.4        |
| time/                   |              |
|    total_timesteps      | 320000       |
| train/                  |              |
|    approx_kl            | 0.0070132413 |
|    clip_fraction        | 0.0568       |
|    clip_range           | 0.2          |
|    entropy_loss         | -1.41        |
|    explained_variance   | 0.998        |
|    learning_rate        | 0.001        |
|    loss                 | 0.0153       |
|    n_updates            | 390          |
|    policy_gradient_loss | -0.00391     |
|    value_loss           | 0.0631       |
------------------------------------------
---------------------------------
| rollout/           |          |
|    ep_len_mean     | 487      |
|    ep_rew_mean     | -4.19    |
| time/              |          |
|    fps             | 1968     |
|    iterations      | 40       |
|    time_elapsed    | 166      |
|    total_timesteps | 327680   |
---------------------------------
-----------------------------------------
| rollout/                |             |
|    ep_len_mean          | 505         |
|    ep_rew_mean          | -3.14       |
| time/                   |             |
|    fps                  | 1979        |
|    iterations           | 41          |
|    time_elapsed         | 169         |
|    total_timesteps      | 335872      |
| train/                  |             |
|    approx_kl            | 0.008084576 |
|    clip_fraction        | 0.0816      |
|    clip_range           | 0.2         |
|    entropy_loss         | -1.44       |
|    explained_variance   | 0.998       |
|    learning_rate        | 0.001       |
|    loss                 | 0.0261      |
|    n_updates            | 400         |
|    policy_gradient_loss | -0.00374    |
|    value_loss           | 0.0537      |
-----------------------------------------
Eval num_timesteps=340000, episode_reward=-22.40 +/- 0.30
Episode length: 492.10 +/- 74.93
------------------------------------------
| eval/                   |              |
|    mean_ep_length       | 492          |
|    mean_reward          | -22.4        |
| time/                   |              |
|    total_timesteps      | 340000       |
| train/                  |              |
|    approx_kl            | 0.0069659525 |
|    clip_fraction        | 0.0585       |
|    clip_range           | 0.2          |
|    entropy_loss         | -1.44        |
|    explained_variance   | 0.999        |
|    learning_rate        | 0.001        |
|    loss                 | 0.0206       |
|    n_updates            | 410          |
|    policy_gradient_loss | -0.00114     |
|    value_loss           | 0.0392       |
------------------------------------------
---------------------------------
| rollout/           |          |
|    ep_len_mean     | 515      |
|    ep_rew_mean     | -2.42    |
| time/              |          |
|    fps             | 1952     |
|    iterations      | 42       |
|    time_elapsed    | 176      |
|    total_timesteps | 344064   |
---------------------------------
------------------------------------------
| rollout/                |              |
|    ep_len_mean          | 525          |
|    ep_rew_mean          | -1.71        |
| time/                   |              |
|    fps                  | 1961         |
|    iterations           | 43           |
|    time_elapsed         | 179          |
|    total_timesteps      | 352256       |
| train/                  |              |
|    approx_kl            | 0.0066236546 |
|    clip_fraction        | 0.0643       |
|    clip_range           | 0.2          |
|    entropy_loss         | -1.45        |
|    explained_variance   | 0.998        |
|    learning_rate        | 0.001        |
|    loss                 | 0.0203       |
|    n_updates            | 420          |
|    policy_gradient_loss | -0.00307     |
|    value_loss           | 0.0623       |
------------------------------------------
Eval num_timesteps=360000, episode_reward=-22.65 +/- 0.39
Episode length: 524.20 +/- 32.32
----------------------------------------
| eval/                   |            |
|    mean_ep_length       | 524        |
|    mean_reward          | -22.6      |
| time/                   |            |
|    total_timesteps      | 360000     |
| train/                  |            |
|    approx_kl            | 0.01030439 |
|    clip_fraction        | 0.114      |
|    clip_range           | 0.2        |
|    entropy_loss         | -1.43      |
|    explained_variance   | 0.998      |
|    learning_rate        | 0.001      |
|    loss                 | 0.0168     |
|    n_updates            | 430        |
|    policy_gradient_loss | -0.00443   |
|    value_loss           | 0.043      |
----------------------------------------
---------------------------------
| rollout/           |          |
|    ep_len_mean     | 534      |
|    ep_rew_mean     | -0.889   |
| time/              |          |
|    fps             | 1930     |
|    iterations      | 44       |
|    time_elapsed    | 186      |
|    total_timesteps | 360448   |
---------------------------------
-----------------------------------------
| rollout/                |             |
|    ep_len_mean          | 542         |
|    ep_rew_mean          | -0.228      |
| time/                   |             |
|    fps                  | 1938        |
|    iterations           | 45          |
|    time_elapsed         | 190         |
|    total_timesteps      | 368640      |
| train/                  |             |
|    approx_kl            | 0.008789824 |
|    clip_fraction        | 0.0545      |
|    clip_range           | 0.2         |
|    entropy_loss         | -1.42       |
|    explained_variance   | 0.997       |
|    learning_rate        | 0.001       |
|    loss                 | 0.0486      |
|    n_updates            | 440         |
|    policy_gradient_loss | -0.00332    |
|    value_loss           | 0.081       |
-----------------------------------------
-----------------------------------------
| rollout/                |             |
|    ep_len_mean          | 544         |
|    ep_rew_mean          | 0.0485      |
| time/                   |             |
|    fps                  | 1944        |
|    iterations           | 46          |
|    time_elapsed         | 193         |
|    total_timesteps      | 376832      |
| train/                  |             |
|    approx_kl            | 0.011926184 |
|    clip_fraction        | 0.149       |
|    clip_range           | 0.2         |
|    entropy_loss         | -1.42       |
|    explained_variance   | 0.998       |
|    learning_rate        | 0.001       |
|    loss                 | 0.0163      |
|    n_updates            | 450         |
|    policy_gradient_loss | -0.00609    |
|    value_loss           | 0.0464      |
-----------------------------------------
Eval num_timesteps=380000, episode_reward=-22.65 +/- 0.32
Episode length: 429.40 +/- 67.02
-----------------------------------------
| eval/                   |             |
|    mean_ep_length       | 429         |
|    mean_reward          | -22.6       |
| time/                   |             |
|    total_timesteps      | 380000      |
| train/                  |             |
|    approx_kl            | 0.008962277 |
|    clip_fraction        | 0.0861      |
|    clip_range           | 0.2         |
|    entropy_loss         | -1.44       |
|    explained_variance   | 0.998       |
|    learning_rate        | 0.001       |
|    loss                 | 0.0101      |
|    n_updates            | 460         |
|    policy_gradient_loss | -0.00429    |
|    value_loss           | 0.0489      |
-----------------------------------------
---------------------------------
| rollout/           |          |
|    ep_len_mean     | 540      |
|    ep_rew_mean     | -0.0962  |
| time/              |          |
|    fps             | 1924     |
|    iterations      | 47       |
|    time_elapsed    | 200      |
|    total_timesteps | 385024   |
---------------------------------
-----------------------------------------
| rollout/                |             |
|    ep_len_mean          | 539         |
|    ep_rew_mean          | -0.0731     |
| time/                   |             |
|    fps                  | 1935        |
|    iterations           | 48          |
|    time_elapsed         | 203         |
|    total_timesteps      | 393216      |
| train/                  |             |
|    approx_kl            | 0.007584556 |
|    clip_fraction        | 0.084       |
|    clip_range           | 0.2         |
|    entropy_loss         | -1.44       |
|    explained_variance   | 0.998       |
|    learning_rate        | 0.001       |
|    loss                 | 0.0208      |
|    n_updates            | 470         |
|    policy_gradient_loss | -0.00293    |
|    value_loss           | 0.053       |
-----------------------------------------
Eval num_timesteps=400000, episode_reward=-22.85 +/- 0.32
Episode length: 422.50 +/- 23.81
-----------------------------------------
| eval/                   |             |
|    mean_ep_length       | 422         |
|    mean_reward          | -22.9       |
| time/                   |             |
|    total_timesteps      | 400000      |
| train/                  |             |
|    approx_kl            | 0.009129511 |
|    clip_fraction        | 0.0991      |
|    clip_range           | 0.2         |
|    entropy_loss         | -1.43       |
|    explained_variance   | 0.998       |
|    learning_rate        | 0.001       |
|    loss                 | 0.00331     |
|    n_updates            | 480         |
|    policy_gradient_loss | -0.00408    |
|    value_loss           | 0.0575      |
-----------------------------------------
---------------------------------
| rollout/           |          |
|    ep_len_mean     | 550      |
|    ep_rew_mean     | 0.632    |
| time/              |          |
|    fps             | 1918     |
|    iterations      | 49       |
|    time_elapsed    | 209      |
|    total_timesteps | 401408   |
---------------------------------
-----------------------------------------
| rollout/                |             |
|    ep_len_mean          | 551         |
|    ep_rew_mean          | 0.724       |
| time/                   |             |
|    fps                  | 1926        |
|    iterations           | 50          |
|    time_elapsed         | 212         |
|    total_timesteps      | 409600      |
| train/                  |             |
|    approx_kl            | 0.008582497 |
|    clip_fraction        | 0.099       |
|    clip_range           | 0.2         |
|    entropy_loss         | -1.42       |
|    explained_variance   | 0.998       |
|    learning_rate        | 0.001       |
|    loss                 | 0.0188      |
|    n_updates            | 490         |
|    policy_gradient_loss | -0.00307    |
|    value_loss           | 0.0524      |
-----------------------------------------
-----------------------------------------
| rollout/                |             |
|    ep_len_mean          | 554         |
|    ep_rew_mean          | 0.898       |
| time/                   |             |
|    fps                  | 1931        |
|    iterations           | 51          |
|    time_elapsed         | 216         |
|    total_timesteps      | 417792      |
| train/                  |             |
|    approx_kl            | 0.006534568 |
|    clip_fraction        | 0.0734      |
|    clip_range           | 0.2         |
|    entropy_loss         | -1.43       |
|    explained_variance   | 0.998       |
|    learning_rate        | 0.001       |
|    loss                 | 0.00509     |
|    n_updates            | 500         |
|    policy_gradient_loss | -0.00276    |
|    value_loss           | 0.0523      |
-----------------------------------------
Eval num_timesteps=420000, episode_reward=-22.40 +/- 0.20
Episode length: 396.60 +/- 16.85
-----------------------------------------
| eval/                   |             |
|    mean_ep_length       | 397         |
|    mean_reward          | -22.4       |
| time/                   |             |
|    total_timesteps      | 420000      |
| train/                  |             |
|    approx_kl            | 0.025285378 |
|    clip_fraction        | 0.134       |
|    clip_range           | 0.2         |
|    entropy_loss         | -1.48       |
|    explained_variance   | 0.997       |
|    learning_rate        | 0.001       |
|    loss                 | 0.00915     |
|    n_updates            | 510         |
|    policy_gradient_loss | -0.0045     |
|    value_loss           | 0.0734      |
-----------------------------------------
---------------------------------
| rollout/           |          |
|    ep_len_mean     | 548      |
|    ep_rew_mean     | 0.508    |
| time/              |          |
|    fps             | 1915     |
|    iterations      | 52       |
|    time_elapsed    | 222      |
|    total_timesteps | 425984   |
---------------------------------
-----------------------------------------
| rollout/                |             |
|    ep_len_mean          | 546         |
|    ep_rew_mean          | 0.183       |
| time/                   |             |
|    fps                  | 1921        |
|    iterations           | 53          |
|    time_elapsed         | 225         |
|    total_timesteps      | 434176      |
| train/                  |             |
|    approx_kl            | 0.020384924 |
|    clip_fraction        | 0.131       |
|    clip_range           | 0.2         |
|    entropy_loss         | -1.44       |
|    explained_variance   | 0.951       |
|    learning_rate        | 0.001       |
|    loss                 | 0.058       |
|    n_updates            | 520         |
|    policy_gradient_loss | -0.00805    |
|    value_loss           | 0.271       |
-----------------------------------------
Eval num_timesteps=440000, episode_reward=-22.50 +/- 0.32
Episode length: 407.80 +/- 24.53
-----------------------------------------
| eval/                   |             |
|    mean_ep_length       | 408         |
|    mean_reward          | -22.5       |
| time/                   |             |
|    total_timesteps      | 440000      |
| train/                  |             |
|    approx_kl            | 0.009872282 |
|    clip_fraction        | 0.108       |
|    clip_range           | 0.2         |
|    entropy_loss         | -1.45       |
|    explained_variance   | 0.987       |
|    learning_rate        | 0.001       |
|    loss                 | 0.0732      |
|    n_updates            | 530         |
|    policy_gradient_loss | -0.00629    |
|    value_loss           | 0.163       |
-----------------------------------------
---------------------------------
| rollout/           |          |
|    ep_len_mean     | 559      |
|    ep_rew_mean     | 0.881    |
| time/              |          |
|    fps             | 1907     |
|    iterations      | 54       |
|    time_elapsed    | 231      |
|    total_timesteps | 442368   |
---------------------------------
------------------------------------------
| rollout/                |              |
|    ep_len_mean          | 563          |
|    ep_rew_mean          | 1.27         |
| time/                   |              |
|    fps                  | 1914         |
|    iterations           | 55           |
|    time_elapsed         | 235          |
|    total_timesteps      | 450560       |
| train/                  |              |
|    approx_kl            | 0.0127214445 |
|    clip_fraction        | 0.164        |
|    clip_range           | 0.2          |
|    entropy_loss         | -1.39        |
|    explained_variance   | 0.995        |
|    learning_rate        | 0.001        |
|    loss                 | 0.0714       |
|    n_updates            | 540          |
|    policy_gradient_loss | -0.00541     |
|    value_loss           | 0.117        |
------------------------------------------
----------------------------------------
| rollout/                |            |
|    ep_len_mean          | 563        |
|    ep_rew_mean          | 1.32       |
| time/                   |            |
|    fps                  | 1921       |
|    iterations           | 56         |
|    time_elapsed         | 238        |
|    total_timesteps      | 458752     |
| train/                  |            |
|    approx_kl            | 0.00972265 |
|    clip_fraction        | 0.137      |
|    clip_range           | 0.2        |
|    entropy_loss         | -1.34      |
|    explained_variance   | 0.997      |
|    learning_rate        | 0.001      |
|    loss                 | 0.0253     |
|    n_updates            | 550        |
|    policy_gradient_loss | -0.00673   |
|    value_loss           | 0.0766     |
----------------------------------------
Eval num_timesteps=460000, episode_reward=-22.85 +/- 0.63
Episode length: 566.70 +/- 73.70
-----------------------------------------
| eval/                   |             |
|    mean_ep_length       | 567         |
|    mean_reward          | -22.9       |
| time/                   |             |
|    total_timesteps      | 460000      |
| train/                  |             |
|    approx_kl            | 0.007588896 |
|    clip_fraction        | 0.0752      |
|    clip_range           | 0.2         |
|    entropy_loss         | -1.32       |
|    explained_variance   | 0.997       |
|    learning_rate        | 0.001       |
|    loss                 | 0.0383      |
|    n_updates            | 560         |
|    policy_gradient_loss | -0.00304    |
|    value_loss           | 0.07        |
-----------------------------------------
---------------------------------
| rollout/           |          |
|    ep_len_mean     | 562      |
|    ep_rew_mean     | 1.41     |
| time/              |          |
|    fps             | 1898     |
|    iterations      | 57       |
|    time_elapsed    | 245      |
|    total_timesteps | 466944   |
---------------------------------
------------------------------------------
| rollout/                |              |
|    ep_len_mean          | 560          |
|    ep_rew_mean          | 1.4          |
| time/                   |              |
|    fps                  | 1906         |
|    iterations           | 58           |
|    time_elapsed         | 249          |
|    total_timesteps      | 475136       |
| train/                  |              |
|    approx_kl            | 0.0072330455 |
|    clip_fraction        | 0.0918       |
|    clip_range           | 0.2          |
|    entropy_loss         | -1.32        |
|    explained_variance   | 0.998        |
|    learning_rate        | 0.001        |
|    loss                 | 0.0272       |
|    n_updates            | 570          |
|    policy_gradient_loss | -0.00271     |
|    value_loss           | 0.0604       |
------------------------------------------
Eval num_timesteps=480000, episode_reward=-22.15 +/- 0.32
Episode length: 510.00 +/- 23.44
-----------------------------------------
| eval/                   |             |
|    mean_ep_length       | 510         |
|    mean_reward          | -22.1       |
| time/                   |             |
|    total_timesteps      | 480000      |
| train/                  |             |
|    approx_kl            | 0.007415364 |
|    clip_fraction        | 0.11        |
|    clip_range           | 0.2         |
|    entropy_loss         | -1.32       |
|    explained_variance   | 0.998       |
|    learning_rate        | 0.001       |
|    loss                 | 0.0249      |
|    n_updates            | 580         |
|    policy_gradient_loss | -0.0046     |
|    value_loss           | 0.0566      |
-----------------------------------------
---------------------------------
| rollout/           |          |
|    ep_len_mean     | 567      |
|    ep_rew_mean     | 2.01     |
| time/              |          |
|    fps             | 1889     |
|    iterations      | 59       |
|    time_elapsed    | 255      |
|    total_timesteps | 483328   |
---------------------------------
-----------------------------------------
| rollout/                |             |
|    ep_len_mean          | 564         |
|    ep_rew_mean          | 2.18        |
| time/                   |             |
|    fps                  | 1898        |
|    iterations           | 60          |
|    time_elapsed         | 258         |
|    total_timesteps      | 491520      |
| train/                  |             |
|    approx_kl            | 0.005981078 |
|    clip_fraction        | 0.0713      |
|    clip_range           | 0.2         |
|    entropy_loss         | -1.28       |
|    explained_variance   | 0.998       |
|    learning_rate        | 0.001       |
|    loss                 | 0.000465    |
|    n_updates            | 590         |
|    policy_gradient_loss | -0.00378    |
|    value_loss           | 0.0552      |
-----------------------------------------
-----------------------------------------
| rollout/                |             |
|    ep_len_mean          | 555         |
|    ep_rew_mean          | 1.78        |
| time/                   |             |
|    fps                  | 1907        |
|    iterations           | 61          |
|    time_elapsed         | 261         |
|    total_timesteps      | 499712      |
| train/                  |             |
|    approx_kl            | 0.006839204 |
|    clip_fraction        | 0.0655      |
|    clip_range           | 0.2         |
|    entropy_loss         | -1.26       |
|    explained_variance   | 0.998       |
|    learning_rate        | 0.001       |
|    loss                 | 0.0356      |
|    n_updates            | 600         |
|    policy_gradient_loss | -0.00241    |
|    value_loss           | 0.0517      |
-----------------------------------------
Eval num_timesteps=500000, episode_reward=-22.30 +/- 0.33
Episode length: 473.90 +/- 20.38
------------------------------------------
| eval/                   |              |
|    mean_ep_length       | 474          |
|    mean_reward          | -22.3        |
| time/                   |              |
|    total_timesteps      | 500000       |
| train/                  |              |
|    approx_kl            | 0.0075904974 |
|    clip_fraction        | 0.0699       |
|    clip_range           | 0.2          |
|    entropy_loss         | -1.24        |
|    explained_variance   | 0.998        |
|    learning_rate        | 0.001        |
|    loss                 | 0.0175       |
|    n_updates            | 610          |
|    policy_gradient_loss | -0.00222     |
|    value_loss           | 0.046        |
------------------------------------------
---------------------------------
| rollout/           |          |
|    ep_len_mean     | 548      |
|    ep_rew_mean     | 1.42     |
| time/              |          |
|    fps             | 1894     |
|    iterations      | 62       |
|    time_elapsed    | 268      |
|    total_timesteps | 507904   |
---------------------------------
------------------------------------------
| rollout/                |              |
|    ep_len_mean          | 539          |
|    ep_rew_mean          | 0.868        |
| time/                   |              |
|    fps                  | 1903         |
|    iterations           | 63           |
|    time_elapsed         | 271          |
|    total_timesteps      | 516096       |
| train/                  |              |
|    approx_kl            | 0.0076832557 |
|    clip_fraction        | 0.0994       |
|    clip_range           | 0.2          |
|    entropy_loss         | -1.27        |
|    explained_variance   | 0.998        |
|    learning_rate        | 0.001        |
|    loss                 | 0.0207       |
|    n_updates            | 620          |
|    policy_gradient_loss | -0.00366     |
|    value_loss           | 0.0566       |
------------------------------------------
Eval num_timesteps=520000, episode_reward=-22.65 +/- 0.23
Episode length: 513.00 +/- 78.18
-----------------------------------------
| eval/                   |             |
|    mean_ep_length       | 513         |
|    mean_reward          | -22.6       |
| time/                   |             |
|    total_timesteps      | 520000      |
| train/                  |             |
|    approx_kl            | 0.007528552 |
|    clip_fraction        | 0.088       |
|    clip_range           | 0.2         |
|    entropy_loss         | -1.31       |
|    explained_variance   | 0.998       |
|    learning_rate        | 0.001       |
|    loss                 | 0.0122      |
|    n_updates            | 630         |
|    policy_gradient_loss | -0.00291    |
|    value_loss           | 0.0622      |
-----------------------------------------
---------------------------------
| rollout/           |          |
|    ep_len_mean     | 537      |
|    ep_rew_mean     | 0.748    |
| time/              |          |
|    fps             | 1889     |
|    iterations      | 64       |
|    time_elapsed    | 277      |
|    total_timesteps | 524288   |
---------------------------------
-----------------------------------------
| rollout/                |             |
|    ep_len_mean          | 536         |
|    ep_rew_mean          | 0.669       |
| time/                   |             |
|    fps                  | 1897        |
|    iterations           | 65          |
|    time_elapsed         | 280         |
|    total_timesteps      | 532480      |
| train/                  |             |
|    approx_kl            | 0.007886546 |
|    clip_fraction        | 0.0831      |
|    clip_range           | 0.2         |
|    entropy_loss         | -1.3        |
|    explained_variance   | 0.998       |
|    learning_rate        | 0.001       |
|    loss                 | 0.016       |
|    n_updates            | 640         |
|    policy_gradient_loss | -0.00429    |
|    value_loss           | 0.0531      |
-----------------------------------------
Eval num_timesteps=540000, episode_reward=-23.00 +/- 0.00
Episode length: 537.30 +/- 32.67
-----------------------------------------
| eval/                   |             |
|    mean_ep_length       | 537         |
|    mean_reward          | -23         |
| time/                   |             |
|    total_timesteps      | 540000      |
| train/                  |             |
|    approx_kl            | 0.008336902 |
|    clip_fraction        | 0.0772      |
|    clip_range           | 0.2         |
|    entropy_loss         | -1.3        |
|    explained_variance   | 0.998       |
|    learning_rate        | 0.001       |
|    loss                 | 0.00462     |
|    n_updates            | 650         |
|    policy_gradient_loss | -0.00319    |
|    value_loss           | 0.0543      |
-----------------------------------------
---------------------------------
| rollout/           |          |
|    ep_len_mean     | 536      |
|    ep_rew_mean     | 0.668    |
| time/              |          |
|    fps             | 1882     |
|    iterations      | 66       |
|    time_elapsed    | 287      |
|    total_timesteps | 540672   |
---------------------------------
------------------------------------------
| rollout/                |              |
|    ep_len_mean          | 536          |
|    ep_rew_mean          | 0.663        |
| time/                   |              |
|    fps                  | 1889         |
|    iterations           | 67           |
|    time_elapsed         | 290          |
|    total_timesteps      | 548864       |
| train/                  |              |
|    approx_kl            | 0.0073610046 |
|    clip_fraction        | 0.0965       |
|    clip_range           | 0.2          |
|    entropy_loss         | -1.28        |
|    explained_variance   | 0.998        |
|    learning_rate        | 0.001        |
|    loss                 | 0.0253       |
|    n_updates            | 660          |
|    policy_gradient_loss | -0.00396     |
|    value_loss           | 0.0574       |
------------------------------------------
-----------------------------------------
| rollout/                |             |
|    ep_len_mean          | 539         |
|    ep_rew_mean          | 0.792       |
| time/                   |             |
|    fps                  | 1896        |
|    iterations           | 68          |
|    time_elapsed         | 293         |
|    total_timesteps      | 557056      |
| train/                  |             |
|    approx_kl            | 0.008038114 |
|    clip_fraction        | 0.097       |
|    clip_range           | 0.2         |
|    entropy_loss         | -1.28       |
|    explained_variance   | 0.998       |
|    learning_rate        | 0.001       |
|    loss                 | 0.0187      |
|    n_updates            | 670         |
|    policy_gradient_loss | -0.00282    |
|    value_loss           | 0.0616      |
-----------------------------------------
Eval num_timesteps=560000, episode_reward=-22.10 +/- 0.62
Episode length: 473.20 +/- 20.80
-----------------------------------------
| eval/                   |             |
|    mean_ep_length       | 473         |
|    mean_reward          | -22.1       |
| time/                   |             |
|    total_timesteps      | 560000      |
| train/                  |             |
|    approx_kl            | 0.008713262 |
|    clip_fraction        | 0.0817      |
|    clip_range           | 0.2         |
|    entropy_loss         | -1.32       |
|    explained_variance   | 0.998       |
|    learning_rate        | 0.001       |
|    loss                 | 0.00928     |
|    n_updates            | 680         |
|    policy_gradient_loss | -0.00266    |
|    value_loss           | 0.0464      |
-----------------------------------------
---------------------------------
| rollout/           |          |
|    ep_len_mean     | 543      |
|    ep_rew_mean     | 1.01     |
| time/              |          |
|    fps             | 1883     |
|    iterations      | 69       |
|    time_elapsed    | 300      |
|    total_timesteps | 565248   |
---------------------------------
-----------------------------------------
| rollout/                |             |
|    ep_len_mean          | 548         |
|    ep_rew_mean          | 1.21        |
| time/                   |             |
|    fps                  | 1890        |
|    iterations           | 70          |
|    time_elapsed         | 303         |
|    total_timesteps      | 573440      |
| train/                  |             |
|    approx_kl            | 0.008702567 |
|    clip_fraction        | 0.0964      |
|    clip_range           | 0.2         |
|    entropy_loss         | -1.33       |
|    explained_variance   | 0.998       |
|    learning_rate        | 0.001       |
|    loss                 | 0.000974    |
|    n_updates            | 690         |
|    policy_gradient_loss | -0.00314    |
|    value_loss           | 0.0526      |
-----------------------------------------
Eval num_timesteps=580000, episode_reward=-23.10 +/- 0.30
Episode length: 495.50 +/- 139.72
-----------------------------------------
| eval/                   |             |
|    mean_ep_length       | 496         |
|    mean_reward          | -23.1       |
| time/                   |             |
|    total_timesteps      | 580000      |
| train/                  |             |
|    approx_kl            | 0.008256231 |
|    clip_fraction        | 0.0885      |
|    clip_range           | 0.2         |
|    entropy_loss         | -1.32       |
|    explained_variance   | 0.997       |
|    learning_rate        | 0.001       |
|    loss                 | 0.0176      |
|    n_updates            | 700         |
|    policy_gradient_loss | -0.00264    |
|    value_loss           | 0.0942      |
-----------------------------------------
---------------------------------
| rollout/           |          |
|    ep_len_mean     | 550      |
|    ep_rew_mean     | 1.36     |
| time/              |          |
|    fps             | 1877     |
|    iterations      | 71       |
|    time_elapsed    | 309      |
|    total_timesteps | 581632   |
---------------------------------
------------------------------------------
| rollout/                |              |
|    ep_len_mean          | 553          |
|    ep_rew_mean          | 1.43         |
| time/                   |              |
|    fps                  | 1883         |
|    iterations           | 72           |
|    time_elapsed         | 313          |
|    total_timesteps      | 589824       |
| train/                  |              |
|    approx_kl            | 0.0071449187 |
|    clip_fraction        | 0.084        |
|    clip_range           | 0.2          |
|    entropy_loss         | -1.36        |
|    explained_variance   | 0.997        |
|    learning_rate        | 0.001        |
|    loss                 | 0.00942      |
|    n_updates            | 710          |
|    policy_gradient_loss | -0.00354     |
|    value_loss           | 0.0674       |
------------------------------------------
-----------------------------------------
| rollout/                |             |
|    ep_len_mean          | 556         |
|    ep_rew_mean          | 1.45        |
| time/                   |             |
|    fps                  | 1889        |
|    iterations           | 73          |
|    time_elapsed         | 316         |
|    total_timesteps      | 598016      |
| train/                  |             |
|    approx_kl            | 0.008114318 |
|    clip_fraction        | 0.0828      |
|    clip_range           | 0.2         |
|    entropy_loss         | -1.38       |
|    explained_variance   | 0.997       |
|    learning_rate        | 0.001       |
|    loss                 | 0.00863     |
|    n_updates            | 720         |
|    policy_gradient_loss | -0.00279    |
|    value_loss           | 0.0642      |
-----------------------------------------
Eval num_timesteps=600000, episode_reward=-22.65 +/- 0.39
Episode length: 517.60 +/- 61.39
-----------------------------------------
| eval/                   |             |
|    mean_ep_length       | 518         |
|    mean_reward          | -22.6       |
| time/                   |             |
|    total_timesteps      | 600000      |
| train/                  |             |
|    approx_kl            | 0.009238815 |
|    clip_fraction        | 0.0891      |
|    clip_range           | 0.2         |
|    entropy_loss         | -1.41       |
|    explained_variance   | 0.997       |
|    learning_rate        | 0.001       |
|    loss                 | 0.0436      |
|    n_updates            | 730         |
|    policy_gradient_loss | -0.00363    |
|    value_loss           | 0.0966      |
-----------------------------------------
---------------------------------
| rollout/           |          |
|    ep_len_mean     | 559      |
|    ep_rew_mean     | 1.62     |
| time/              |          |
|    fps             | 1875     |
|    iterations      | 74       |
|    time_elapsed    | 323      |
|    total_timesteps | 606208   |
---------------------------------
------------------------------------------
| rollout/                |              |
|    ep_len_mean          | 567          |
|    ep_rew_mean          | 1.89         |
| time/                   |              |
|    fps                  | 1882         |
|    iterations           | 75           |
|    time_elapsed         | 326          |
|    total_timesteps      | 614400       |
| train/                  |              |
|    approx_kl            | 0.0063961856 |
|    clip_fraction        | 0.0731       |
|    clip_range           | 0.2          |
|    entropy_loss         | -1.39        |
|    explained_variance   | 0.996        |
|    learning_rate        | 0.001        |
|    loss                 | 0.0263       |
|    n_updates            | 740          |
|    policy_gradient_loss | -0.00312     |
|    value_loss           | 0.109        |
------------------------------------------
Eval num_timesteps=620000, episode_reward=-22.60 +/- 0.44
Episode length: 562.70 +/- 26.25
-----------------------------------------
| eval/                   |             |
|    mean_ep_length       | 563         |
|    mean_reward          | -22.6       |
| time/                   |             |
|    total_timesteps      | 620000      |
| train/                  |             |
|    approx_kl            | 0.009792302 |
|    clip_fraction        | 0.0949      |
|    clip_range           | 0.2         |
|    entropy_loss         | -1.35       |
|    explained_variance   | 0.996       |
|    learning_rate        | 0.001       |
|    loss                 | 0.0341      |
|    n_updates            | 750         |
|    policy_gradient_loss | -0.0033     |
|    value_loss           | 0.122       |
-----------------------------------------
---------------------------------
| rollout/           |          |
|    ep_len_mean     | 572      |
|    ep_rew_mean     | 2.15     |
| time/              |          |
|    fps             | 1868     |
|    iterations      | 76       |
|    time_elapsed    | 333      |
|    total_timesteps | 622592   |
---------------------------------
-----------------------------------------
| rollout/                |             |
|    ep_len_mean          | 577         |
|    ep_rew_mean          | 2.41        |
| time/                   |             |
|    fps                  | 1873        |
|    iterations           | 77          |
|    time_elapsed         | 336         |
|    total_timesteps      | 630784      |
| train/                  |             |
|    approx_kl            | 0.009684142 |
|    clip_fraction        | 0.14        |
|    clip_range           | 0.2         |
|    entropy_loss         | -1.36       |
|    explained_variance   | 0.996       |
|    learning_rate        | 0.001       |
|    loss                 | 0.0238      |
|    n_updates            | 760         |
|    policy_gradient_loss | -0.00361    |
|    value_loss           | 0.095       |
-----------------------------------------
-----------------------------------------
| rollout/                |             |
|    ep_len_mean          | 579         |
|    ep_rew_mean          | 2.37        |
| time/                   |             |
|    fps                  | 1878        |
|    iterations           | 78          |
|    time_elapsed         | 340         |
|    total_timesteps      | 638976      |
| train/                  |             |
|    approx_kl            | 0.008258707 |
|    clip_fraction        | 0.0933      |
|    clip_range           | 0.2         |
|    entropy_loss         | -1.34       |
|    explained_variance   | 0.993       |
|    learning_rate        | 0.001       |
|    loss                 | 0.0515      |
|    n_updates            | 770         |
|    policy_gradient_loss | -0.00345    |
|    value_loss           | 0.154       |
-----------------------------------------
Eval num_timesteps=640000, episode_reward=-22.70 +/- 0.33
Episode length: 521.40 +/- 106.40
----------------------------------------
| eval/                   |            |
|    mean_ep_length       | 521        |
|    mean_reward          | -22.7      |
| time/                   |            |
|    total_timesteps      | 640000     |
| train/                  |            |
|    approx_kl            | 0.00886851 |
|    clip_fraction        | 0.131      |
|    clip_range           | 0.2        |
|    entropy_loss         | -1.32      |
|    explained_variance   | 0.995      |
|    learning_rate        | 0.001      |
|    loss                 | 0.042      |
|    n_updates            | 780        |
|    policy_gradient_loss | -0.00286   |
|    value_loss           | 0.111      |
----------------------------------------
---------------------------------
| rollout/           |          |
|    ep_len_mean     | 581      |
|    ep_rew_mean     | 2.5      |
| time/              |          |
|    fps             | 1866     |
|    iterations      | 79       |
|    time_elapsed    | 346      |
|    total_timesteps | 647168   |
---------------------------------
-----------------------------------------
| rollout/                |             |
|    ep_len_mean          | 588         |
|    ep_rew_mean          | 2.99        |
| time/                   |             |
|    fps                  | 1871        |
|    iterations           | 80          |
|    time_elapsed         | 350         |
|    total_timesteps      | 655360      |
| train/                  |             |
|    approx_kl            | 0.007443901 |
|    clip_fraction        | 0.0814      |
|    clip_range           | 0.2         |
|    entropy_loss         | -1.34       |
|    explained_variance   | 0.996       |
|    learning_rate        | 0.001       |
|    loss                 | 0.0543      |
|    n_updates            | 790         |
|    policy_gradient_loss | -0.0024     |
|    value_loss           | 0.0927      |
-----------------------------------------
Eval num_timesteps=660000, episode_reward=-22.30 +/- 0.33
Episode length: 619.30 +/- 66.40
------------------------------------------
| eval/                   |              |
|    mean_ep_length       | 619          |
|    mean_reward          | -22.3        |
| time/                   |              |
|    total_timesteps      | 660000       |
| train/                  |              |
|    approx_kl            | 0.0133388415 |
|    clip_fraction        | 0.129        |
|    clip_range           | 0.2          |
|    entropy_loss         | -1.33        |
|    explained_variance   | 0.995        |
|    learning_rate        | 0.001        |
|    loss                 | 0.0596       |
|    n_updates            | 800          |
|    policy_gradient_loss | -0.00402     |
|    value_loss           | 0.126        |
------------------------------------------
---------------------------------
| rollout/           |          |
|    ep_len_mean     | 588      |
|    ep_rew_mean     | 2.96     |
| time/              |          |
|    fps             | 1855     |
|    iterations      | 81       |
|    time_elapsed    | 357      |
|    total_timesteps | 663552   |
---------------------------------
----------------------------------------
| rollout/                |            |
|    ep_len_mean          | 591        |
|    ep_rew_mean          | 3.08       |
| time/                   |            |
|    fps                  | 1860       |
|    iterations           | 82         |
|    time_elapsed         | 361        |
|    total_timesteps      | 671744     |
| train/                  |            |
|    approx_kl            | 0.01228437 |
|    clip_fraction        | 0.153      |
|    clip_range           | 0.2        |
|    entropy_loss         | -1.36      |
|    explained_variance   | 0.994      |
|    learning_rate        | 0.001      |
|    loss                 | 0.0227     |
|    n_updates            | 810        |
|    policy_gradient_loss | -0.00625   |
|    value_loss           | 0.0931     |
----------------------------------------
----------------------------------------
| rollout/                |            |
|    ep_len_mean          | 594        |
|    ep_rew_mean          | 3.19       |
| time/                   |            |
|    fps                  | 1866       |
|    iterations           | 83         |
|    time_elapsed         | 364        |
|    total_timesteps      | 679936     |
| train/                  |            |
|    approx_kl            | 0.00834352 |
|    clip_fraction        | 0.0811     |
|    clip_range           | 0.2        |
|    entropy_loss         | -1.32      |
|    explained_variance   | 0.996      |
|    learning_rate        | 0.001      |
|    loss                 | 0.0206     |
|    n_updates            | 820        |
|    policy_gradient_loss | -0.00238   |
|    value_loss           | 0.0972     |
----------------------------------------
Eval num_timesteps=680000, episode_reward=-22.85 +/- 0.45
Episode length: 569.90 +/- 116.94
------------------------------------------
| eval/                   |              |
|    mean_ep_length       | 570          |
|    mean_reward          | -22.9        |
| time/                   |              |
|    total_timesteps      | 680000       |
| train/                  |              |
|    approx_kl            | 0.0122493245 |
|    clip_fraction        | 0.162        |
|    clip_range           | 0.2          |
|    entropy_loss         | -1.3         |
|    explained_variance   | 0.995        |
|    learning_rate        | 0.001        |
|    loss                 | 0.0293       |
|    n_updates            | 830          |
|    policy_gradient_loss | -0.00517     |
|    value_loss           | 0.107        |
------------------------------------------
---------------------------------
| rollout/           |          |
|    ep_len_mean     | 600      |
|    ep_rew_mean     | 3.26     |
| time/              |          |
|    fps             | 1850     |
|    iterations      | 84       |
|    time_elapsed    | 371      |
|    total_timesteps | 688128   |
---------------------------------
-----------------------------------------
| rollout/                |             |
|    ep_len_mean          | 606         |
|    ep_rew_mean          | 3.06        |
| time/                   |             |
|    fps                  | 1855        |
|    iterations           | 85          |
|    time_elapsed         | 375         |
|    total_timesteps      | 696320      |
| train/                  |             |
|    approx_kl            | 0.012602711 |
|    clip_fraction        | 0.135       |
|    clip_range           | 0.2         |
|    entropy_loss         | -1.31       |
|    explained_variance   | 0.995       |
|    learning_rate        | 0.001       |
|    loss                 | 0.0246      |
|    n_updates            | 840         |
|    policy_gradient_loss | -0.00518    |
|    value_loss           | 0.0987      |
-----------------------------------------
Eval num_timesteps=700000, episode_reward=-23.00 +/- 0.22
Episode length: 637.00 +/- 49.99
-----------------------------------------
| eval/                   |             |
|    mean_ep_length       | 637         |
|    mean_reward          | -23         |
| time/                   |             |
|    total_timesteps      | 700000      |
| train/                  |             |
|    approx_kl            | 0.013209692 |
|    clip_fraction        | 0.15        |
|    clip_range           | 0.2         |
|    entropy_loss         | -1.32       |
|    explained_variance   | 0.989       |
|    learning_rate        | 0.001       |
|    loss                 | 0.026       |
|    n_updates            | 850         |
|    policy_gradient_loss | -0.00507    |
|    value_loss           | 0.106       |
-----------------------------------------
---------------------------------
| rollout/           |          |
|    ep_len_mean     | 619      |
|    ep_rew_mean     | 2.99     |
| time/              |          |
|    fps             | 1841     |
|    iterations      | 86       |
|    time_elapsed    | 382      |
|    total_timesteps | 704512   |
---------------------------------
-----------------------------------------
| rollout/                |             |
|    ep_len_mean          | 634         |
|    ep_rew_mean          | 3.03        |
| time/                   |             |
|    fps                  | 1846        |
|    iterations           | 87          |
|    time_elapsed         | 386         |
|    total_timesteps      | 712704      |
| train/                  |             |
|    approx_kl            | 0.015920695 |
|    clip_fraction        | 0.195       |
|    clip_range           | 0.2         |
|    entropy_loss         | -1.27       |
|    explained_variance   | 0.991       |
|    learning_rate        | 0.001       |
|    loss                 | 0.0221      |
|    n_updates            | 860         |
|    policy_gradient_loss | -0.00874    |
|    value_loss           | 0.0957      |
-----------------------------------------
Eval num_timesteps=720000, episode_reward=-23.10 +/- 0.37
Episode length: 547.30 +/- 87.90
-----------------------------------------
| eval/                   |             |
|    mean_ep_length       | 547         |
|    mean_reward          | -23.1       |
| time/                   |             |
|    total_timesteps      | 720000      |
| train/                  |             |
|    approx_kl            | 0.020367812 |
|    clip_fraction        | 0.203       |
|    clip_range           | 0.2         |
|    entropy_loss         | -1.14       |
|    explained_variance   | 0.996       |
|    learning_rate        | 0.001       |
|    loss                 | 0.000704    |
|    n_updates            | 870         |
|    policy_gradient_loss | -0.0106     |
|    value_loss           | 0.0634      |
-----------------------------------------
---------------------------------
| rollout/           |          |
|    ep_len_mean     | 634      |
|    ep_rew_mean     | 2.31     |
| time/              |          |
|    fps             | 1832     |
|    iterations      | 88       |
|    time_elapsed    | 393      |
|    total_timesteps | 720896   |
---------------------------------
-----------------------------------------
| rollout/                |             |
|    ep_len_mean          | 658         |
|    ep_rew_mean          | 2.66        |
| time/                   |             |
|    fps                  | 1836        |
|    iterations           | 89          |
|    time_elapsed         | 397         |
|    total_timesteps      | 729088      |
| train/                  |             |
|    approx_kl            | 0.012557026 |
|    clip_fraction        | 0.151       |
|    clip_range           | 0.2         |
|    entropy_loss         | -1.18       |
|    explained_variance   | 0.986       |
|    learning_rate        | 0.001       |
|    loss                 | 0.0427      |
|    n_updates            | 880         |
|    policy_gradient_loss | -0.00622    |
|    value_loss           | 0.116       |
-----------------------------------------
----------------------------------------
| rollout/                |            |
|    ep_len_mean          | 681        |
|    ep_rew_mean          | 2.84       |
| time/                   |            |
|    fps                  | 1842       |
|    iterations           | 90         |
|    time_elapsed         | 400        |
|    total_timesteps      | 737280     |
| train/                  |            |
|    approx_kl            | 0.00876277 |
|    clip_fraction        | 0.103      |
|    clip_range           | 0.2        |
|    entropy_loss         | -1.05      |
|    explained_variance   | 0.993      |
|    learning_rate        | 0.001      |
|    loss                 | 0.0272     |
|    n_updates            | 890        |
|    policy_gradient_loss | -0.00615   |
|    value_loss           | 0.0689     |
----------------------------------------
Eval num_timesteps=740000, episode_reward=-22.90 +/- 0.20
Episode length: 661.10 +/- 75.16
-----------------------------------------
| eval/                   |             |
|    mean_ep_length       | 661         |
|    mean_reward          | -22.9       |
| time/                   |             |
|    total_timesteps      | 740000      |
| train/                  |             |
|    approx_kl            | 0.008552715 |
|    clip_fraction        | 0.097       |
|    clip_range           | 0.2         |
|    entropy_loss         | -1.11       |
|    explained_variance   | 0.989       |
|    learning_rate        | 0.001       |
|    loss                 | 0.00328     |
|    n_updates            | 900         |
|    policy_gradient_loss | -0.00722    |
|    value_loss           | 0.104       |
-----------------------------------------
---------------------------------
| rollout/           |          |
|    ep_len_mean     | 707      |
|    ep_rew_mean     | 3.05     |
| time/              |          |
|    fps             | 1826     |
|    iterations      | 91       |
|    time_elapsed    | 408      |
|    total_timesteps | 745472   |
---------------------------------
-----------------------------------------
| rollout/                |             |
|    ep_len_mean          | 723         |
|    ep_rew_mean          | 3.11        |
| time/                   |             |
|    fps                  | 1831        |
|    iterations           | 92          |
|    time_elapsed         | 411         |
|    total_timesteps      | 753664      |
| train/                  |             |
|    approx_kl            | 0.008244114 |
|    clip_fraction        | 0.104       |
|    clip_range           | 0.2         |
|    entropy_loss         | -1.14       |
|    explained_variance   | 0.996       |
|    learning_rate        | 0.001       |
|    loss                 | 0.00382     |
|    n_updates            | 910         |
|    policy_gradient_loss | -0.00619    |
|    value_loss           | 0.0574      |
-----------------------------------------
Eval num_timesteps=760000, episode_reward=-22.85 +/- 0.32
Episode length: 727.90 +/- 130.36
-----------------------------------------
| eval/                   |             |
|    mean_ep_length       | 728         |
|    mean_reward          | -22.9       |
| time/                   |             |
|    total_timesteps      | 760000      |
| train/                  |             |
|    approx_kl            | 0.009590562 |
|    clip_fraction        | 0.101       |
|    clip_range           | 0.2         |
|    entropy_loss         | -1.08       |
|    explained_variance   | 0.996       |
|    learning_rate        | 0.001       |
|    loss                 | 0.0132      |
|    n_updates            | 920         |
|    policy_gradient_loss | -0.00496    |
|    value_loss           | 0.0395      |
-----------------------------------------
---------------------------------
| rollout/           |          |
|    ep_len_mean     | 739      |
|    ep_rew_mean     | 3.18     |
| time/              |          |
|    fps             | 1815     |
|    iterations      | 93       |
|    time_elapsed    | 419      |
|    total_timesteps | 761856   |
---------------------------------
-----------------------------------------
| rollout/                |             |
|    ep_len_mean          | 761         |
|    ep_rew_mean          | 3.3         |
| time/                   |             |
|    fps                  | 1820        |
|    iterations           | 94          |
|    time_elapsed         | 422         |
|    total_timesteps      | 770048      |
| train/                  |             |
|    approx_kl            | 0.009198517 |
|    clip_fraction        | 0.115       |
|    clip_range           | 0.2         |
|    entropy_loss         | -1.08       |
|    explained_variance   | 0.994       |
|    learning_rate        | 0.001       |
|    loss                 | 0.000712    |
|    n_updates            | 930         |
|    policy_gradient_loss | -0.00764    |
|    value_loss           | 0.0687      |
-----------------------------------------
------------------------------------------
| rollout/                |              |
|    ep_len_mean          | 785          |
|    ep_rew_mean          | 3.91         |
| time/                   |              |
|    fps                  | 1825         |
|    iterations           | 95           |
|    time_elapsed         | 426          |
|    total_timesteps      | 778240       |
| train/                  |              |
|    approx_kl            | 0.0103629865 |
|    clip_fraction        | 0.128        |
|    clip_range           | 0.2          |
|    entropy_loss         | -1.13        |
|    explained_variance   | 0.983        |
|    learning_rate        | 0.001        |
|    loss                 | 0.0177       |
|    n_updates            | 940          |
|    policy_gradient_loss | -0.0063      |
|    value_loss           | 0.124        |
------------------------------------------
Eval num_timesteps=780000, episode_reward=-22.75 +/- 0.25
Episode length: 489.60 +/- 36.31
-----------------------------------------
| eval/                   |             |
|    mean_ep_length       | 490         |
|    mean_reward          | -22.8       |
| time/                   |             |
|    total_timesteps      | 780000      |
| train/                  |             |
|    approx_kl            | 0.010470038 |
|    clip_fraction        | 0.0982      |
|    clip_range           | 0.2         |
|    entropy_loss         | -1.08       |
|    explained_variance   | 0.985       |
|    learning_rate        | 0.001       |
|    loss                 | 0.0327      |
|    n_updates            | 950         |
|    policy_gradient_loss | -0.00707    |
|    value_loss           | 0.0788      |
-----------------------------------------
---------------------------------
| rollout/           |          |
|    ep_len_mean     | 810      |
|    ep_rew_mean     | 4.42     |
| time/              |          |
|    fps             | 1815     |
|    iterations      | 96       |
|    time_elapsed    | 433      |
|    total_timesteps | 786432   |
---------------------------------
----------------------------------------
| rollout/                |            |
|    ep_len_mean          | 829        |
|    ep_rew_mean          | 4.8        |
| time/                   |            |
|    fps                  | 1820       |
|    iterations           | 97         |
|    time_elapsed         | 436        |
|    total_timesteps      | 794624     |
| train/                  |            |
|    approx_kl            | 0.00939255 |
|    clip_fraction        | 0.104      |
|    clip_range           | 0.2        |
|    entropy_loss         | -1.1       |
|    explained_variance   | 0.989      |
|    learning_rate        | 0.001      |
|    loss                 | 0.00705    |
|    n_updates            | 960        |
|    policy_gradient_loss | -0.00644   |
|    value_loss           | 0.0719     |
----------------------------------------
Eval num_timesteps=800000, episode_reward=-22.15 +/- 0.50
Episode length: 538.90 +/- 139.00
-----------------------------------------
| eval/                   |             |
|    mean_ep_length       | 539         |
|    mean_reward          | -22.1       |
| time/                   |             |
|    total_timesteps      | 800000      |
| train/                  |             |
|    approx_kl            | 0.011319863 |
|    clip_fraction        | 0.129       |
|    clip_range           | 0.2         |
|    entropy_loss         | -1.09       |
|    explained_variance   | 0.991       |
|    learning_rate        | 0.001       |
|    loss                 | -0.00984    |
|    n_updates            | 970         |
|    policy_gradient_loss | -0.00628    |
|    value_loss           | 0.0481      |
-----------------------------------------
---------------------------------
| rollout/           |          |
|    ep_len_mean     | 865      |
|    ep_rew_mean     | 5.7      |
| time/              |          |
|    fps             | 1809     |
|    iterations      | 98       |
|    time_elapsed    | 443      |
|    total_timesteps | 802816   |
---------------------------------
    -> lr_high_s44: -22.12 +/- 0.63 (7.4 min)

[seed_check] wrote /home/claude/work/part3/results/seed_check.csv

config        n  seeds                mean           spread
--------------------------------------------------------------
baseline      3  42,43,44           -10.50  -22.10 .. +4.65
net_big       3  42,43,44           -15.32  -22.20 .. -2.65
lr_high       3  42,43,44            -8.57  -22.12 .. +0.00

If a config's spread straddles both the ~-22 plateau and a broken-through score,
that config's single-seed result is not evidence of anything.
