
=== [baseline] axis=- lr=0.0003 net_arch=(64, 64) ent_coef=0.005 ===
Using cpu device
---------------------------------
| rollout/           |          |
|    ep_len_mean     | 243      |
|    ep_rew_mean     | -16.9    |
| time/              |          |
|    fps             | 4174     |
|    iterations      | 1        |
|    time_elapsed    | 1        |
|    total_timesteps | 8192     |
---------------------------------
-----------------------------------------
| rollout/                |             |
|    ep_len_mean          | 240         |
|    ep_rew_mean          | -16.9       |
| time/                   |             |
|    fps                  | 3149        |
|    iterations           | 2           |
|    time_elapsed         | 5           |
|    total_timesteps      | 16384       |
| train/                  |             |
|    approx_kl            | 0.010999193 |
|    clip_fraction        | 0.0575      |
|    clip_range           | 0.2         |
|    entropy_loss         | -1.78       |
|    explained_variance   | 0.0417      |
|    learning_rate        | 0.0003      |
|    loss                 | 0.762       |
|    n_updates            | 10          |
|    policy_gradient_loss | -0.00378    |
|    value_loss           | 3.36        |
-----------------------------------------
Eval num_timesteps=20000, episode_reward=-22.50 +/- 0.32
Episode length: 355.80 +/- 20.03
-----------------------------------------
| eval/                   |             |
|    mean_ep_length       | 356         |
|    mean_reward          | -22.5       |
| time/                   |             |
|    total_timesteps      | 20000       |
| train/                  |             |
|    approx_kl            | 0.012218246 |
|    clip_fraction        | 0.052       |
|    clip_range           | 0.2         |
|    entropy_loss         | -1.78       |
|    explained_variance   | 0.794       |
|    learning_rate        | 0.0003      |
|    loss                 | 0.249       |
|    n_updates            | 20          |
|    policy_gradient_loss | -0.00237    |
|    value_loss           | 1.01        |
-----------------------------------------
New best mean reward!
---------------------------------
| rollout/           |          |
|    ep_len_mean     | 252      |
|    ep_rew_mean     | -16.6    |
| time/              |          |
|    fps             | 2258     |
|    iterations      | 3        |
|    time_elapsed    | 10       |
|    total_timesteps | 24576    |
---------------------------------
-----------------------------------------
| rollout/                |             |
|    ep_len_mean          | 281         |
|    ep_rew_mean          | -15.6       |
| time/                   |             |
|    fps                  | 2322        |
|    iterations           | 4           |
|    time_elapsed         | 14          |
|    total_timesteps      | 32768       |
| train/                  |             |
|    approx_kl            | 0.015740529 |
|    clip_fraction        | 0.111       |
|    clip_range           | 0.2         |
|    entropy_loss         | -1.75       |
|    explained_variance   | 0.937       |
|    learning_rate        | 0.0003      |
|    loss                 | 0.179       |
|    n_updates            | 30          |
|    policy_gradient_loss | -0.00488    |
|    value_loss           | 0.477       |
-----------------------------------------
Eval num_timesteps=40000, episode_reward=-22.35 +/- 0.23
Episode length: 364.70 +/- 25.81
-----------------------------------------
| eval/                   |             |
|    mean_ep_length       | 365         |
|    mean_reward          | -22.4       |
| time/                   |             |
|    total_timesteps      | 40000       |
| train/                  |             |
|    approx_kl            | 0.012394212 |
|    clip_fraction        | 0.0736      |
|    clip_range           | 0.2         |
|    entropy_loss         | -1.7        |
|    explained_variance   | 0.957       |
|    learning_rate        | 0.0003      |
|    loss                 | 0.139       |
|    n_updates            | 40          |
|    policy_gradient_loss | -0.00349    |
|    value_loss           | 0.413       |
-----------------------------------------
New best mean reward!
---------------------------------
| rollout/           |          |
|    ep_len_mean     | 304      |
|    ep_rew_mean     | -14.7    |
| time/              |          |
|    fps             | 2064     |
|    iterations      | 5        |
|    time_elapsed    | 19       |
|    total_timesteps | 40960    |
---------------------------------
-----------------------------------------
| rollout/                |             |
|    ep_len_mean          | 336         |
|    ep_rew_mean          | -13.4       |
| time/                   |             |
|    fps                  | 2127        |
|    iterations           | 6           |
|    time_elapsed         | 23          |
|    total_timesteps      | 49152       |
| train/                  |             |
|    approx_kl            | 0.011614421 |
|    clip_fraction        | 0.134       |
|    clip_range           | 0.2         |
|    entropy_loss         | -1.65       |
|    explained_variance   | 0.972       |
|    learning_rate        | 0.0003      |
|    loss                 | 0.153       |
|    n_updates            | 50          |
|    policy_gradient_loss | -0.0079     |
|    value_loss           | 0.313       |
-----------------------------------------
----------------------------------------
| rollout/                |            |
|    ep_len_mean          | 360        |
|    ep_rew_mean          | -12        |
| time/                   |            |
|    fps                  | 2176       |
|    iterations           | 7          |
|    time_elapsed         | 26         |
|    total_timesteps      | 57344      |
| train/                  |            |
|    approx_kl            | 0.01336029 |
|    clip_fraction        | 0.0861     |
|    clip_range           | 0.2        |
|    entropy_loss         | -1.58      |
|    explained_variance   | 0.979      |
|    learning_rate        | 0.0003     |
|    loss                 | 0.127      |
|    n_updates            | 60         |
|    policy_gradient_loss | -0.0044    |
|    value_loss           | 0.275      |
----------------------------------------
Eval num_timesteps=60000, episode_reward=-22.25 +/- 0.40
Episode length: 339.50 +/- 27.42
-----------------------------------------
| eval/                   |             |
|    mean_ep_length       | 340         |
|    mean_reward          | -22.2       |
| time/                   |             |
|    total_timesteps      | 60000       |
| train/                  |             |
|    approx_kl            | 0.011922352 |
|    clip_fraction        | 0.0815      |
|    clip_range           | 0.2         |
|    entropy_loss         | -1.54       |
|    explained_variance   | 0.985       |
|    learning_rate        | 0.0003      |
|    loss                 | 0.0926      |
|    n_updates            | 70          |
|    policy_gradient_loss | -0.00499    |
|    value_loss           | 0.249       |
-----------------------------------------
New best mean reward!
---------------------------------
| rollout/           |          |
|    ep_len_mean     | 371      |
|    ep_rew_mean     | -11.3    |
| time/              |          |
|    fps             | 2069     |
|    iterations      | 8        |
|    time_elapsed    | 31       |
|    total_timesteps | 65536    |
---------------------------------
-----------------------------------------
| rollout/                |             |
|    ep_len_mean          | 365         |
|    ep_rew_mean          | -11.1       |
| time/                   |             |
|    fps                  | 2118        |
|    iterations           | 9           |
|    time_elapsed         | 34          |
|    total_timesteps      | 73728       |
| train/                  |             |
|    approx_kl            | 0.013467339 |
|    clip_fraction        | 0.0845      |
|    clip_range           | 0.2         |
|    entropy_loss         | -1.52       |
|    explained_variance   | 0.988       |
|    learning_rate        | 0.0003      |
|    loss                 | 0.0867      |
|    n_updates            | 80          |
|    policy_gradient_loss | -0.00429    |
|    value_loss           | 0.214       |
-----------------------------------------
Eval num_timesteps=80000, episode_reward=-22.40 +/- 0.20
Episode length: 346.70 +/- 27.96
-----------------------------------------
| eval/                   |             |
|    mean_ep_length       | 347         |
|    mean_reward          | -22.4       |
| time/                   |             |
|    total_timesteps      | 80000       |
| train/                  |             |
|    approx_kl            | 0.011016848 |
|    clip_fraction        | 0.0569      |
|    clip_range           | 0.2         |
|    entropy_loss         | -1.51       |
|    explained_variance   | 0.99        |
|    learning_rate        | 0.0003      |
|    loss                 | 0.0907      |
|    n_updates            | 90          |
|    policy_gradient_loss | -0.00241    |
|    value_loss           | 0.214       |
-----------------------------------------
---------------------------------
| rollout/           |          |
|    ep_len_mean     | 363      |
|    ep_rew_mean     | -11      |
| time/              |          |
|    fps             | 2040     |
|    iterations      | 10       |
|    time_elapsed    | 40       |
|    total_timesteps | 81920    |
---------------------------------
-----------------------------------------
| rollout/                |             |
|    ep_len_mean          | 361         |
|    ep_rew_mean          | -11.2       |
| time/                   |             |
|    fps                  | 2061        |
|    iterations           | 11          |
|    time_elapsed         | 43          |
|    total_timesteps      | 90112       |
| train/                  |             |
|    approx_kl            | 0.010282721 |
|    clip_fraction        | 0.077       |
|    clip_range           | 0.2         |
|    entropy_loss         | -1.43       |
|    explained_variance   | 0.991       |
|    learning_rate        | 0.0003      |
|    loss                 | 0.0677      |
|    n_updates            | 100         |
|    policy_gradient_loss | -0.0056     |
|    value_loss           | 0.181       |
-----------------------------------------
------------------------------------------
| rollout/                |              |
|    ep_len_mean          | 362          |
|    ep_rew_mean          | -11.2        |
| time/                   |              |
|    fps                  | 2097         |
|    iterations           | 12           |
|    time_elapsed         | 46           |
|    total_timesteps      | 98304        |
| train/                  |              |
|    approx_kl            | 0.0053695766 |
|    clip_fraction        | 0.028        |
|    clip_range           | 0.2          |
|    entropy_loss         | -1.39        |
|    explained_variance   | 0.991        |
|    learning_rate        | 0.0003       |
|    loss                 | 0.0726       |
|    n_updates            | 110          |
|    policy_gradient_loss | -0.00189     |
|    value_loss           | 0.186        |
------------------------------------------
Eval num_timesteps=100000, episode_reward=-22.35 +/- 0.23
Episode length: 367.20 +/- 23.68
-----------------------------------------
| eval/                   |             |
|    mean_ep_length       | 367         |
|    mean_reward          | -22.4       |
| time/                   |             |
|    total_timesteps      | 100000      |
| train/                  |             |
|    approx_kl            | 0.009800943 |
|    clip_fraction        | 0.033       |
|    clip_range           | 0.2         |
|    entropy_loss         | -1.41       |
|    explained_variance   | 0.991       |
|    learning_rate        | 0.0003      |
|    loss                 | 0.0692      |
|    n_updates            | 120         |
|    policy_gradient_loss | -0.00232    |
|    value_loss           | 0.191       |
-----------------------------------------
---------------------------------
| rollout/           |          |
|    ep_len_mean     | 366      |
|    ep_rew_mean     | -11.2    |
| time/              |          |
|    fps             | 2030     |
|    iterations      | 13       |
|    time_elapsed    | 52       |
|    total_timesteps | 106496   |
---------------------------------
-----------------------------------------
| rollout/                |             |
|    ep_len_mean          | 364         |
|    ep_rew_mean          | -11.2       |
| time/                   |             |
|    fps                  | 2050        |
|    iterations           | 14          |
|    time_elapsed         | 55          |
|    total_timesteps      | 114688      |
| train/                  |             |
|    approx_kl            | 0.008060422 |
|    clip_fraction        | 0.0418      |
|    clip_range           | 0.2         |
|    entropy_loss         | -1.44       |
|    explained_variance   | 0.991       |
|    learning_rate        | 0.0003      |
|    loss                 | 0.0545      |
|    n_updates            | 130         |
|    policy_gradient_loss | -0.00196    |
|    value_loss           | 0.185       |
-----------------------------------------
Eval num_timesteps=120000, episode_reward=-22.50 +/- 0.22
Episode length: 347.90 +/- 21.27
-----------------------------------------
| eval/                   |             |
|    mean_ep_length       | 348         |
|    mean_reward          | -22.5       |
| time/                   |             |
|    total_timesteps      | 120000      |
| train/                  |             |
|    approx_kl            | 0.007994404 |
|    clip_fraction        | 0.0494      |
|    clip_range           | 0.2         |
|    entropy_loss         | -1.39       |
|    explained_variance   | 0.992       |
|    learning_rate        | 0.0003      |
|    loss                 | 0.0535      |
|    n_updates            | 140         |
|    policy_gradient_loss | -0.00276    |
|    value_loss           | 0.167       |
-----------------------------------------
---------------------------------
| rollout/           |          |
|    ep_len_mean     | 364      |
|    ep_rew_mean     | -11.1    |
| time/              |          |
|    fps             | 1986     |
|    iterations      | 15       |
|    time_elapsed    | 61       |
|    total_timesteps | 122880   |
---------------------------------
-----------------------------------------
| rollout/                |             |
|    ep_len_mean          | 360         |
|    ep_rew_mean          | -11.1       |
| time/                   |             |
|    fps                  | 2006        |
|    iterations           | 16          |
|    time_elapsed         | 65          |
|    total_timesteps      | 131072      |
| train/                  |             |
|    approx_kl            | 0.012095532 |
|    clip_fraction        | 0.0629      |
|    clip_range           | 0.2         |
|    entropy_loss         | -1.36       |
|    explained_variance   | 0.99        |
|    learning_rate        | 0.0003      |
|    loss                 | 0.0753      |
|    n_updates            | 150         |
|    policy_gradient_loss | -0.00317    |
|    value_loss           | 0.204       |
-----------------------------------------
-----------------------------------------
| rollout/                |             |
|    ep_len_mean          | 358         |
|    ep_rew_mean          | -11.1       |
| time/                   |             |
|    fps                  | 2018        |
|    iterations           | 17          |
|    time_elapsed         | 69          |
|    total_timesteps      | 139264      |
| train/                  |             |
|    approx_kl            | 0.010974894 |
|    clip_fraction        | 0.0871      |
|    clip_range           | 0.2         |
|    entropy_loss         | -1.32       |
|    explained_variance   | 0.993       |
|    learning_rate        | 0.0003      |
|    loss                 | 0.0713      |
|    n_updates            | 160         |
|    policy_gradient_loss | -0.00484    |
|    value_loss           | 0.15        |
-----------------------------------------
Eval num_timesteps=140000, episode_reward=-22.40 +/- 0.30
Episode length: 350.50 +/- 34.35
------------------------------------------
| eval/                   |              |
|    mean_ep_length       | 350          |
|    mean_reward          | -22.4        |
| time/                   |              |
|    total_timesteps      | 140000       |
| train/                  |              |
|    approx_kl            | 0.0048877317 |
|    clip_fraction        | 0.034        |
|    clip_range           | 0.2          |
|    entropy_loss         | -1.3         |
|    explained_variance   | 0.993        |
|    learning_rate        | 0.0003       |
|    loss                 | 0.0415       |
|    n_updates            | 170          |
|    policy_gradient_loss | -0.00254     |
|    value_loss           | 0.146        |
------------------------------------------
---------------------------------
| rollout/           |          |
|    ep_len_mean     | 357      |
|    ep_rew_mean     | -11      |
| time/              |          |
|    fps             | 1978     |
|    iterations      | 18       |
|    time_elapsed    | 74       |
|    total_timesteps | 147456   |
---------------------------------
-----------------------------------------
| rollout/                |             |
|    ep_len_mean          | 356         |
|    ep_rew_mean          | -11.1       |
| time/                   |             |
|    fps                  | 2001        |
|    iterations           | 19          |
|    time_elapsed         | 77          |
|    total_timesteps      | 155648      |
| train/                  |             |
|    approx_kl            | 0.005116136 |
|    clip_fraction        | 0.0365      |
|    clip_range           | 0.2         |
|    entropy_loss         | -1.28       |
|    explained_variance   | 0.994       |
|    learning_rate        | 0.0003      |
|    loss                 | 0.0377      |
|    n_updates            | 180         |
|    policy_gradient_loss | -0.00273    |
|    value_loss           | 0.139       |
-----------------------------------------
Eval num_timesteps=160000, episode_reward=-22.20 +/- 0.33
Episode length: 356.90 +/- 16.25
-----------------------------------------
| eval/                   |             |
|    mean_ep_length       | 357         |
|    mean_reward          | -22.2       |
| time/                   |             |
|    total_timesteps      | 160000      |
| train/                  |             |
|    approx_kl            | 0.008931398 |
|    clip_fraction        | 0.0485      |
|    clip_range           | 0.2         |
|    entropy_loss         | -1.3        |
|    explained_variance   | 0.993       |
|    learning_rate        | 0.0003      |
|    loss                 | 0.0607      |
|    n_updates            | 190         |
|    policy_gradient_loss | -0.00551    |
|    value_loss           | 0.141       |
-----------------------------------------
New best mean reward!
---------------------------------
| rollout/           |          |
|    ep_len_mean     | 358      |
|    ep_rew_mean     | -11.1    |
| time/              |          |
|    fps             | 1966     |
|    iterations      | 20       |
|    time_elapsed    | 83       |
|    total_timesteps | 163840   |
---------------------------------
-----------------------------------------
| rollout/                |             |
|    ep_len_mean          | 359         |
|    ep_rew_mean          | -11.3       |
| time/                   |             |
|    fps                  | 1989        |
|    iterations           | 21          |
|    time_elapsed         | 86          |
|    total_timesteps      | 172032      |
| train/                  |             |
|    approx_kl            | 0.008983069 |
|    clip_fraction        | 0.0217      |
|    clip_range           | 0.2         |
|    entropy_loss         | -1.25       |
|    explained_variance   | 0.993       |
|    learning_rate        | 0.0003      |
|    loss                 | 0.0663      |
|    n_updates            | 200         |
|    policy_gradient_loss | -0.00179    |
|    value_loss           | 0.139       |
-----------------------------------------
Eval num_timesteps=180000, episode_reward=-22.15 +/- 0.71
Episode length: 356.30 +/- 29.85
-----------------------------------------
| eval/                   |             |
|    mean_ep_length       | 356         |
|    mean_reward          | -22.1       |
| time/                   |             |
|    total_timesteps      | 180000      |
| train/                  |             |
|    approx_kl            | 0.008792573 |
|    clip_fraction        | 0.0487      |
|    clip_range           | 0.2         |
|    entropy_loss         | -1.21       |
|    explained_variance   | 0.993       |
|    learning_rate        | 0.0003      |
|    loss                 | 0.0629      |
|    n_updates            | 210         |
|    policy_gradient_loss | -0.00236    |
|    value_loss           | 0.148       |
-----------------------------------------
New best mean reward!
---------------------------------
| rollout/           |          |
|    ep_len_mean     | 362      |
|    ep_rew_mean     | -11.4    |
| time/              |          |
|    fps             | 1960     |
|    iterations      | 22       |
|    time_elapsed    | 91       |
|    total_timesteps | 180224   |
---------------------------------
-----------------------------------------
| rollout/                |             |
|    ep_len_mean          | 365         |
|    ep_rew_mean          | -11.2       |
| time/                   |             |
|    fps                  | 1980        |
|    iterations           | 23          |
|    time_elapsed         | 95          |
|    total_timesteps      | 188416      |
| train/                  |             |
|    approx_kl            | 0.009446739 |
|    clip_fraction        | 0.0789      |
|    clip_range           | 0.2         |
|    entropy_loss         | -1.16       |
|    explained_variance   | 0.992       |
|    learning_rate        | 0.0003      |
|    loss                 | 0.113       |
|    n_updates            | 220         |
|    policy_gradient_loss | -0.00383    |
|    value_loss           | 0.156       |
-----------------------------------------
-----------------------------------------
| rollout/                |             |
|    ep_len_mean          | 369         |
|    ep_rew_mean          | -10.9       |
| time/                   |             |
|    fps                  | 1999        |
|    iterations           | 24          |
|    time_elapsed         | 98          |
|    total_timesteps      | 196608      |
| train/                  |             |
|    approx_kl            | 0.007833354 |
|    clip_fraction        | 0.0547      |
|    clip_range           | 0.2         |
|    entropy_loss         | -1.06       |
|    explained_variance   | 0.993       |
|    learning_rate        | 0.0003      |
|    loss                 | 0.0774      |
|    n_updates            | 230         |
|    policy_gradient_loss | -0.00159    |
|    value_loss           | 0.137       |
-----------------------------------------
Eval num_timesteps=200000, episode_reward=-22.35 +/- 0.50
Episode length: 363.20 +/- 30.59
----------------------------------------
| eval/                   |            |
|    mean_ep_length       | 363        |
|    mean_reward          | -22.4      |
| time/                   |            |
|    total_timesteps      | 200000     |
| train/                  |            |
|    approx_kl            | 0.00802202 |
|    clip_fraction        | 0.061      |
|    clip_range           | 0.2        |
|    entropy_loss         | -1.02      |
|    explained_variance   | 0.994      |
|    learning_rate        | 0.0003     |
|    loss                 | 0.0689     |
|    n_updates            | 240        |
|    policy_gradient_loss | -0.00323   |
|    value_loss           | 0.118      |
----------------------------------------
---------------------------------
| rollout/           |          |
|    ep_len_mean     | 376      |
|    ep_rew_mean     | -10.5    |
| time/              |          |
|    fps             | 1971     |
|    iterations      | 25       |
|    time_elapsed    | 103      |
|    total_timesteps | 204800   |
---------------------------------
------------------------------------------
| rollout/                |              |
|    ep_len_mean          | 384          |
|    ep_rew_mean          | -10.1        |
| time/                   |              |
|    fps                  | 1988         |
|    iterations           | 26           |
|    time_elapsed         | 107          |
|    total_timesteps      | 212992       |
| train/                  |              |
|    approx_kl            | 0.0031276564 |
|    clip_fraction        | 0.024        |
|    clip_range           | 0.2          |
|    entropy_loss         | -1.07        |
|    explained_variance   | 0.993        |
|    learning_rate        | 0.0003       |
|    loss                 | 0.0571       |
|    n_updates            | 250          |
|    policy_gradient_loss | -0.00169     |
|    value_loss           | 0.125        |
------------------------------------------
Eval num_timesteps=220000, episode_reward=-22.25 +/- 0.34
Episode length: 368.80 +/- 28.34
------------------------------------------
| eval/                   |              |
|    mean_ep_length       | 369          |
|    mean_reward          | -22.2        |
| time/                   |              |
|    total_timesteps      | 220000       |
| train/                  |              |
|    approx_kl            | 0.0035493188 |
|    clip_fraction        | 0.0308       |
|    clip_range           | 0.2          |
|    entropy_loss         | -1.1         |
|    explained_variance   | 0.994        |
|    learning_rate        | 0.0003       |
|    loss                 | 0.0479       |
|    n_updates            | 260          |
|    policy_gradient_loss | -0.00237     |
|    value_loss           | 0.11         |
------------------------------------------
---------------------------------
| rollout/           |          |
|    ep_len_mean     | 391      |
|    ep_rew_mean     | -9.54    |
| time/              |          |
|    fps             | 1963     |
|    iterations      | 27       |
|    time_elapsed    | 112      |
|    total_timesteps | 221184   |
---------------------------------
------------------------------------------
| rollout/                |              |
|    ep_len_mean          | 399          |
|    ep_rew_mean          | -9.27        |
| time/                   |              |
|    fps                  | 1982         |
|    iterations           | 28           |
|    time_elapsed         | 115          |
|    total_timesteps      | 229376       |
| train/                  |              |
|    approx_kl            | 0.0050140163 |
|    clip_fraction        | 0.0403       |
|    clip_range           | 0.2          |
|    entropy_loss         | -1.1         |
|    explained_variance   | 0.995        |
|    learning_rate        | 0.0003       |
|    loss                 | 0.0299       |
|    n_updates            | 270          |
|    policy_gradient_loss | -0.00354     |
|    value_loss           | 0.108        |
------------------------------------------
-----------------------------------------
| rollout/                |             |
|    ep_len_mean          | 403         |
|    ep_rew_mean          | -9.17       |
| time/                   |             |
|    fps                  | 2000        |
|    iterations           | 29          |
|    time_elapsed         | 118         |
|    total_timesteps      | 237568      |
| train/                  |             |
|    approx_kl            | 0.004923178 |
|    clip_fraction        | 0.03        |
|    clip_range           | 0.2         |
|    entropy_loss         | -1.1        |
|    explained_variance   | 0.994       |
|    learning_rate        | 0.0003      |
|    loss                 | 0.0412      |
|    n_updates            | 280         |
|    policy_gradient_loss | -0.00267    |
|    value_loss           | 0.124       |
-----------------------------------------
Eval num_timesteps=240000, episode_reward=-22.20 +/- 0.24
Episode length: 373.80 +/- 29.81
------------------------------------------
| eval/                   |              |
|    mean_ep_length       | 374          |
|    mean_reward          | -22.2        |
| time/                   |              |
|    total_timesteps      | 240000       |
| train/                  |              |
|    approx_kl            | 0.0033746846 |
|    clip_fraction        | 0.0309       |
|    clip_range           | 0.2          |
|    entropy_loss         | -1.06        |
|    explained_variance   | 0.995        |
|    learning_rate        | 0.0003       |
|    loss                 | 0.035        |
|    n_updates            | 290          |
|    policy_gradient_loss | -0.00186     |
|    value_loss           | 0.0983       |
------------------------------------------
---------------------------------
| rollout/           |          |
|    ep_len_mean     | 403      |
|    ep_rew_mean     | -9.16    |
| time/              |          |
|    fps             | 1979     |
|    iterations      | 30       |
|    time_elapsed    | 124      |
|    total_timesteps | 245760   |
---------------------------------
-----------------------------------------
| rollout/                |             |
|    ep_len_mean          | 403         |
|    ep_rew_mean          | -9.26       |
| time/                   |             |
|    fps                  | 1996        |
|    iterations           | 31          |
|    time_elapsed         | 127         |
|    total_timesteps      | 253952      |
| train/                  |             |
|    approx_kl            | 0.005745742 |
|    clip_fraction        | 0.0401      |
|    clip_range           | 0.2         |
|    entropy_loss         | -1.1        |
|    explained_variance   | 0.994       |
|    learning_rate        | 0.0003      |
|    loss                 | 0.038       |
|    n_updates            | 300         |
|    policy_gradient_loss | -0.00358    |
|    value_loss           | 0.124       |
-----------------------------------------
Eval num_timesteps=260000, episode_reward=-22.40 +/- 0.20
Episode length: 379.10 +/- 31.62
------------------------------------------
| eval/                   |              |
|    mean_ep_length       | 379          |
|    mean_reward          | -22.4        |
| time/                   |              |
|    total_timesteps      | 260000       |
| train/                  |              |
|    approx_kl            | 0.0072872806 |
|    clip_fraction        | 0.0624       |
|    clip_range           | 0.2          |
|    entropy_loss         | -1.1         |
|    explained_variance   | 0.995        |
|    learning_rate        | 0.0003       |
|    loss                 | 0.0252       |
|    n_updates            | 310          |
|    policy_gradient_loss | -0.00242     |
|    value_loss           | 0.0973       |
------------------------------------------
---------------------------------
| rollout/           |          |
|    ep_len_mean     | 405      |
|    ep_rew_mean     | -9.22    |
| time/              |          |
|    fps             | 1976     |
|    iterations      | 32       |
|    time_elapsed    | 132      |
|    total_timesteps | 262144   |
---------------------------------
-----------------------------------------
| rollout/                |             |
|    ep_len_mean          | 407         |
|    ep_rew_mean          | -9.14       |
| time/                   |             |
|    fps                  | 1992        |
|    iterations           | 33          |
|    time_elapsed         | 135         |
|    total_timesteps      | 270336      |
| train/                  |             |
|    approx_kl            | 0.003843624 |
|    clip_fraction        | 0.0266      |
|    clip_range           | 0.2         |
|    entropy_loss         | -1.11       |
|    explained_variance   | 0.996       |
|    learning_rate        | 0.0003      |
|    loss                 | 0.0325      |
|    n_updates            | 320         |
|    policy_gradient_loss | -0.00163    |
|    value_loss           | 0.0983      |
-----------------------------------------
------------------------------------------
| rollout/                |              |
|    ep_len_mean          | 410          |
|    ep_rew_mean          | -9.06        |
| time/                   |              |
|    fps                  | 2008         |
|    iterations           | 34           |
|    time_elapsed         | 138          |
|    total_timesteps      | 278528       |
| train/                  |              |
|    approx_kl            | 0.0037231657 |
|    clip_fraction        | 0.0213       |
|    clip_range           | 0.2          |
|    entropy_loss         | -1.06        |
|    explained_variance   | 0.997        |
|    learning_rate        | 0.0003       |
|    loss                 | 0.0458       |
|    n_updates            | 330          |
|    policy_gradient_loss | -0.00163     |
|    value_loss           | 0.0786       |
------------------------------------------
Eval num_timesteps=280000, episode_reward=-22.35 +/- 0.23
Episode length: 354.60 +/- 30.49
------------------------------------------
| eval/                   |              |
|    mean_ep_length       | 355          |
|    mean_reward          | -22.4        |
| time/                   |              |
|    total_timesteps      | 280000       |
| train/                  |              |
|    approx_kl            | 0.0035200461 |
|    clip_fraction        | 0.0197       |
|    clip_range           | 0.2          |
|    entropy_loss         | -1.07        |
|    explained_variance   | 0.994        |
|    learning_rate        | 0.0003       |
|    loss                 | 0.0383       |
|    n_updates            | 340          |
|    policy_gradient_loss | -0.0014      |
|    value_loss           | 0.105        |
------------------------------------------
---------------------------------
| rollout/           |          |
|    ep_len_mean     | 418      |
|    ep_rew_mean     | -8.72    |
| time/              |          |
|    fps             | 1988     |
|    iterations      | 35       |
|    time_elapsed    | 144      |
|    total_timesteps | 286720   |
---------------------------------
-----------------------------------------
| rollout/                |             |
|    ep_len_mean          | 421         |
|    ep_rew_mean          | -8.39       |
| time/                   |             |
|    fps                  | 1999        |
|    iterations           | 36          |
|    time_elapsed         | 147         |
|    total_timesteps      | 294912      |
| train/                  |             |
|    approx_kl            | 0.003604361 |
|    clip_fraction        | 0.0312      |
|    clip_range           | 0.2         |
|    entropy_loss         | -1.15       |
|    explained_variance   | 0.996       |
|    learning_rate        | 0.0003      |
|    loss                 | 0.0311      |
|    n_updates            | 350         |
|    policy_gradient_loss | -0.00203    |
|    value_loss           | 0.094       |
-----------------------------------------
Eval num_timesteps=300000, episode_reward=-22.50 +/- 0.55
Episode length: 401.50 +/- 91.21
-----------------------------------------
| eval/                   |             |
|    mean_ep_length       | 402         |
|    mean_reward          | -22.5       |
| time/                   |             |
|    total_timesteps      | 300000      |
| train/                  |             |
|    approx_kl            | 0.006460484 |
|    clip_fraction        | 0.055       |
|    clip_range           | 0.2         |
|    entropy_loss         | -1.18       |
|    explained_variance   | 0.996       |
|    learning_rate        | 0.0003      |
|    loss                 | 0.0166      |
|    n_updates            | 360         |
|    policy_gradient_loss | -0.0027     |
|    value_loss           | 0.0864      |
-----------------------------------------
---------------------------------
| rollout/           |          |
|    ep_len_mean     | 431      |
|    ep_rew_mean     | -7.85    |
| time/              |          |
|    fps             | 1978     |
|    iterations      | 37       |
|    time_elapsed    | 153      |
|    total_timesteps | 303104   |
---------------------------------
------------------------------------------
| rollout/                |              |
|    ep_len_mean          | 432          |
|    ep_rew_mean          | -7.62        |
| time/                   |              |
|    fps                  | 1992         |
|    iterations           | 38           |
|    time_elapsed         | 156          |
|    total_timesteps      | 311296       |
| train/                  |              |
|    approx_kl            | 0.0077369483 |
|    clip_fraction        | 0.0629       |
|    clip_range           | 0.2          |
|    entropy_loss         | -1.18        |
|    explained_variance   | 0.997        |
|    learning_rate        | 0.0003       |
|    loss                 | 0.0498       |
|    n_updates            | 370          |
|    policy_gradient_loss | -0.00248     |
|    value_loss           | 0.0729       |
------------------------------------------
------------------------------------------
| rollout/                |              |
|    ep_len_mean          | 448          |
|    ep_rew_mean          | -6.73        |
| time/                   |              |
|    fps                  | 2005         |
|    iterations           | 39           |
|    time_elapsed         | 159          |
|    total_timesteps      | 319488       |
| train/                  |              |
|    approx_kl            | 0.0073693553 |
|    clip_fraction        | 0.0543       |
|    clip_range           | 0.2          |
|    entropy_loss         | -1.2         |
|    explained_variance   | 0.997        |
|    learning_rate        | 0.0003       |
|    loss                 | 0.0198       |
|    n_updates            | 380          |
|    policy_gradient_loss | -0.00419     |
|    value_loss           | 0.0677       |
------------------------------------------
Eval num_timesteps=320000, episode_reward=-22.75 +/- 0.46
Episode length: 435.70 +/- 56.84
------------------------------------------
| eval/                   |              |
|    mean_ep_length       | 436          |
|    mean_reward          | -22.8        |
| time/                   |              |
|    total_timesteps      | 320000       |
| train/                  |              |
|    approx_kl            | 0.0071101687 |
|    clip_fraction        | 0.0348       |
|    clip_range           | 0.2          |
|    entropy_loss         | -1.33        |
|    explained_variance   | 0.967        |
|    learning_rate        | 0.0003       |
|    loss                 | 0.0399       |
|    n_updates            | 390          |
|    policy_gradient_loss | -0.000178    |
|    value_loss           | 0.261        |
------------------------------------------
---------------------------------
| rollout/           |          |
|    ep_len_mean     | 458      |
|    ep_rew_mean     | -5.86    |
| time/              |          |
|    fps             | 1981     |
|    iterations      | 40       |
|    time_elapsed    | 165      |
|    total_timesteps | 327680   |
---------------------------------
-----------------------------------------
| rollout/                |             |
|    ep_len_mean          | 472         |
|    ep_rew_mean          | -4.88       |
| time/                   |             |
|    fps                  | 1993        |
|    iterations           | 41          |
|    time_elapsed         | 168         |
|    total_timesteps      | 335872      |
| train/                  |             |
|    approx_kl            | 0.006491714 |
|    clip_fraction        | 0.0624      |
|    clip_range           | 0.2         |
|    entropy_loss         | -1.32       |
|    explained_variance   | 0.991       |
|    learning_rate        | 0.0003      |
|    loss                 | 0.0674      |
|    n_updates            | 400         |
|    policy_gradient_loss | -0.00448    |
|    value_loss           | 0.104       |
-----------------------------------------
Eval num_timesteps=340000, episode_reward=-22.40 +/- 0.20
Episode length: 387.40 +/- 45.50
---------------------------------------
| eval/                   |           |
|    mean_ep_length       | 387       |
|    mean_reward          | -22.4     |
| time/                   |           |
|    total_timesteps      | 340000    |
| train/                  |           |
|    approx_kl            | 0.0120463 |
|    clip_fraction        | 0.105     |
|    clip_range           | 0.2       |
|    entropy_loss         | -1.25     |
|    explained_variance   | 0.995     |
|    learning_rate        | 0.0003    |
|    loss                 | 0.0405    |
|    n_updates            | 410       |
|    policy_gradient_loss | -0.00616  |
|    value_loss           | 0.0959    |
---------------------------------------
---------------------------------
| rollout/           |          |
|    ep_len_mean     | 476      |
|    ep_rew_mean     | -4.48    |
| time/              |          |
|    fps             | 1975     |
|    iterations      | 42       |
|    time_elapsed    | 174      |
|    total_timesteps | 344064   |
---------------------------------
-----------------------------------------
| rollout/                |             |
|    ep_len_mean          | 485         |
|    ep_rew_mean          | -4.05       |
| time/                   |             |
|    fps                  | 1987        |
|    iterations           | 43          |
|    time_elapsed         | 177         |
|    total_timesteps      | 352256      |
| train/                  |             |
|    approx_kl            | 0.011235408 |
|    clip_fraction        | 0.0803      |
|    clip_range           | 0.2         |
|    entropy_loss         | -1.22       |
|    explained_variance   | 0.996       |
|    learning_rate        | 0.0003      |
|    loss                 | 0.0298      |
|    n_updates            | 420         |
|    policy_gradient_loss | -0.00322    |
|    value_loss           | 0.0919      |
-----------------------------------------
Eval num_timesteps=360000, episode_reward=-22.50 +/- 0.39
Episode length: 517.80 +/- 118.46
------------------------------------------
| eval/                   |              |
|    mean_ep_length       | 518          |
|    mean_reward          | -22.5        |
| time/                   |              |
|    total_timesteps      | 360000       |
| train/                  |              |
|    approx_kl            | 0.0069999527 |
|    clip_fraction        | 0.0334       |
|    clip_range           | 0.2          |
|    entropy_loss         | -1.23        |
|    explained_variance   | 0.997        |
|    learning_rate        | 0.0003       |
|    loss                 | 0.0182       |
|    n_updates            | 430          |
|    policy_gradient_loss | -0.00322     |
|    value_loss           | 0.0592       |
------------------------------------------
---------------------------------
| rollout/           |          |
|    ep_len_mean     | 485      |
|    ep_rew_mean     | -4.16    |
| time/              |          |
|    fps             | 1961     |
|    iterations      | 44       |
|    time_elapsed    | 183      |
|    total_timesteps | 360448   |
---------------------------------
-----------------------------------------
| rollout/                |             |
|    ep_len_mean          | 478         |
|    ep_rew_mean          | -4.83       |
| time/                   |             |
|    fps                  | 1973        |
|    iterations           | 45          |
|    time_elapsed         | 186         |
|    total_timesteps      | 368640      |
| train/                  |             |
|    approx_kl            | 0.006607407 |
|    clip_fraction        | 0.0538      |
|    clip_range           | 0.2         |
|    entropy_loss         | -1.18       |
|    explained_variance   | 0.997       |
|    learning_rate        | 0.0003      |
|    loss                 | 0.0361      |
|    n_updates            | 440         |
|    policy_gradient_loss | -0.00226    |
|    value_loss           | 0.0725      |
-----------------------------------------
------------------------------------------
| rollout/                |              |
|    ep_len_mean          | 469          |
|    ep_rew_mean          | -5.6         |
| time/                   |              |
|    fps                  | 1983         |
|    iterations           | 46           |
|    time_elapsed         | 190          |
|    total_timesteps      | 376832       |
| train/                  |              |
|    approx_kl            | 0.0076941866 |
|    clip_fraction        | 0.0862       |
|    clip_range           | 0.2          |
|    entropy_loss         | -1.24        |
|    explained_variance   | 0.997        |
|    learning_rate        | 0.0003       |
|    loss                 | 0.0282       |
|    n_updates            | 450          |
|    policy_gradient_loss | -0.00287     |
|    value_loss           | 0.0743       |
------------------------------------------
Eval num_timesteps=380000, episode_reward=-23.10 +/- 0.30
Episode length: 599.30 +/- 102.93
-----------------------------------------
| eval/                   |             |
|    mean_ep_length       | 599         |
|    mean_reward          | -23.1       |
| time/                   |             |
|    total_timesteps      | 380000      |
| train/                  |             |
|    approx_kl            | 0.008369978 |
|    clip_fraction        | 0.0525      |
|    clip_range           | 0.2         |
|    entropy_loss         | -1.35       |
|    explained_variance   | 0.99        |
|    learning_rate        | 0.0003      |
|    loss                 | 0.0507      |
|    n_updates            | 460         |
|    policy_gradient_loss | -0.00554    |
|    value_loss           | 0.153       |
-----------------------------------------
---------------------------------
| rollout/           |          |
|    ep_len_mean     | 467      |
|    ep_rew_mean     | -5.95    |
| time/              |          |
|    fps             | 1950     |
|    iterations      | 47       |
|    time_elapsed    | 197      |
|    total_timesteps | 385024   |
---------------------------------
------------------------------------------
| rollout/                |              |
|    ep_len_mean          | 479          |
|    ep_rew_mean          | -5.51        |
| time/                   |              |
|    fps                  | 1960         |
|    iterations           | 48           |
|    time_elapsed         | 200          |
|    total_timesteps      | 393216       |
| train/                  |              |
|    approx_kl            | 0.0063451063 |
|    clip_fraction        | 0.0343       |
|    clip_range           | 0.2          |
|    entropy_loss         | -1.26        |
|    explained_variance   | 0.997        |
|    learning_rate        | 0.0003       |
|    loss                 | 0.0124       |
|    n_updates            | 470          |
|    policy_gradient_loss | -0.00367     |
|    value_loss           | 0.0643       |
------------------------------------------
Eval num_timesteps=400000, episode_reward=-22.80 +/- 0.24
Episode length: 537.70 +/- 101.54
-----------------------------------------
| eval/                   |             |
|    mean_ep_length       | 538         |
|    mean_reward          | -22.8       |
| time/                   |             |
|    total_timesteps      | 400000      |
| train/                  |             |
|    approx_kl            | 0.008860833 |
|    clip_fraction        | 0.08        |
|    clip_range           | 0.2         |
|    entropy_loss         | -1.24       |
|    explained_variance   | 0.997       |
|    learning_rate        | 0.0003      |
|    loss                 | 0.0431      |
|    n_updates            | 480         |
|    policy_gradient_loss | -0.00545    |
|    value_loss           | 0.0654      |
-----------------------------------------
---------------------------------
| rollout/           |          |
|    ep_len_mean     | 486      |
|    ep_rew_mean     | -4.97    |
| time/              |          |
|    fps             | 1938     |
|    iterations      | 49       |
|    time_elapsed    | 207      |
|    total_timesteps | 401408   |
---------------------------------
------------------------------------------
| rollout/                |              |
|    ep_len_mean          | 503          |
|    ep_rew_mean          | -3.97        |
| time/                   |              |
|    fps                  | 1948         |
|    iterations           | 50           |
|    time_elapsed         | 210          |
|    total_timesteps      | 409600       |
| train/                  |              |
|    approx_kl            | 0.0049974564 |
|    clip_fraction        | 0.0509       |
|    clip_range           | 0.2          |
|    entropy_loss         | -1.17        |
|    explained_variance   | 0.998        |
|    learning_rate        | 0.0003       |
|    loss                 | 0.0218       |
|    n_updates            | 490          |
|    policy_gradient_loss | -0.00269     |
|    value_loss           | 0.0539       |
------------------------------------------
-----------------------------------------
| rollout/                |             |
|    ep_len_mean          | 520         |
|    ep_rew_mean          | -2.84       |
| time/                   |             |
|    fps                  | 1957        |
|    iterations           | 51          |
|    time_elapsed         | 213         |
|    total_timesteps      | 417792      |
| train/                  |             |
|    approx_kl            | 0.005746359 |
|    clip_fraction        | 0.035       |
|    clip_range           | 0.2         |
|    entropy_loss         | -1.15       |
|    explained_variance   | 0.998       |
|    learning_rate        | 0.0003      |
|    loss                 | 0.00891     |
|    n_updates            | 500         |
|    policy_gradient_loss | -0.00183    |
|    value_loss           | 0.0492      |
-----------------------------------------
Eval num_timesteps=420000, episode_reward=-22.85 +/- 0.23
Episode length: 562.60 +/- 49.96
-----------------------------------------
| eval/                   |             |
|    mean_ep_length       | 563         |
|    mean_reward          | -22.9       |
| time/                   |             |
|    total_timesteps      | 420000      |
| train/                  |             |
|    approx_kl            | 0.006490619 |
|    clip_fraction        | 0.0401      |
|    clip_range           | 0.2         |
|    entropy_loss         | -1.16       |
|    explained_variance   | 0.998       |
|    learning_rate        | 0.0003      |
|    loss                 | 0.0156      |
|    n_updates            | 510         |
|    policy_gradient_loss | -0.00173    |
|    value_loss           | 0.0478      |
-----------------------------------------
---------------------------------
| rollout/           |          |
|    ep_len_mean     | 529      |
|    ep_rew_mean     | -1.91    |
| time/              |          |
|    fps             | 1933     |
|    iterations      | 52       |
|    time_elapsed    | 220      |
|    total_timesteps | 425984   |
---------------------------------
------------------------------------------
| rollout/                |              |
|    ep_len_mean          | 528          |
|    ep_rew_mean          | -1.63        |
| time/                   |              |
|    fps                  | 1942         |
|    iterations           | 53           |
|    time_elapsed         | 223          |
|    total_timesteps      | 434176       |
| train/                  |              |
|    approx_kl            | 0.0051568802 |
|    clip_fraction        | 0.0294       |
|    clip_range           | 0.2          |
|    entropy_loss         | -1.06        |
|    explained_variance   | 0.998        |
|    learning_rate        | 0.0003       |
|    loss                 | 0.011        |
|    n_updates            | 520          |
|    policy_gradient_loss | -0.00267     |
|    value_loss           | 0.0669       |
------------------------------------------
Eval num_timesteps=440000, episode_reward=-23.30 +/- 0.33
Episode length: 565.20 +/- 66.08
------------------------------------------
| eval/                   |              |
|    mean_ep_length       | 565          |
|    mean_reward          | -23.3        |
| time/                   |              |
|    total_timesteps      | 440000       |
| train/                  |              |
|    approx_kl            | 0.0060675796 |
|    clip_fraction        | 0.0361       |
|    clip_range           | 0.2          |
|    entropy_loss         | -1.04        |
|    explained_variance   | 0.998        |
|    learning_rate        | 0.0003       |
|    loss                 | 0.0194       |
|    n_updates            | 530          |
|    policy_gradient_loss | -0.00289     |
|    value_loss           | 0.0619       |
------------------------------------------
---------------------------------
| rollout/           |          |
|    ep_len_mean     | 537      |
|    ep_rew_mean     | -0.882   |
| time/              |          |
|    fps             | 1919     |
|    iterations      | 54       |
|    time_elapsed    | 230      |
|    total_timesteps | 442368   |
---------------------------------
------------------------------------------
| rollout/                |              |
|    ep_len_mean          | 533          |
|    ep_rew_mean          | -0.71        |
| time/                   |              |
|    fps                  | 1927         |
|    iterations           | 55           |
|    time_elapsed         | 233          |
|    total_timesteps      | 450560       |
| train/                  |              |
|    approx_kl            | 0.0059797503 |
|    clip_fraction        | 0.0576       |
|    clip_range           | 0.2          |
|    entropy_loss         | -0.986       |
|    explained_variance   | 0.998        |
|    learning_rate        | 0.0003       |
|    loss                 | 0.03         |
|    n_updates            | 540          |
|    policy_gradient_loss | -0.00485     |
|    value_loss           | 0.0583       |
------------------------------------------
------------------------------------------
| rollout/                |              |
|    ep_len_mean          | 534          |
|    ep_rew_mean          | -0.45        |
| time/                   |              |
|    fps                  | 1935         |
|    iterations           | 56           |
|    time_elapsed         | 236          |
|    total_timesteps      | 458752       |
| train/                  |              |
|    approx_kl            | 0.0041531865 |
|    clip_fraction        | 0.0191       |
|    clip_range           | 0.2          |
|    entropy_loss         | -1.03        |
|    explained_variance   | 0.998        |
|    learning_rate        | 0.0003       |
|    loss                 | 0.0196       |
|    n_updates            | 550          |
|    policy_gradient_loss | -0.00112     |
|    value_loss           | 0.0542       |
------------------------------------------
Eval num_timesteps=460000, episode_reward=-23.00 +/- 0.55
Episode length: 547.80 +/- 89.09
-----------------------------------------
| eval/                   |             |
|    mean_ep_length       | 548         |
|    mean_reward          | -23         |
| time/                   |             |
|    total_timesteps      | 460000      |
| train/                  |             |
|    approx_kl            | 0.005252148 |
|    clip_fraction        | 0.0275      |
|    clip_range           | 0.2         |
|    entropy_loss         | -1.04       |
|    explained_variance   | 0.998       |
|    learning_rate        | 0.0003      |
|    loss                 | 0.0159      |
|    n_updates            | 560         |
|    policy_gradient_loss | -0.00169    |
|    value_loss           | 0.0508      |
-----------------------------------------
---------------------------------
| rollout/           |          |
|    ep_len_mean     | 534      |
|    ep_rew_mean     | -0.16    |
| time/              |          |
|    fps             | 1915     |
|    iterations      | 57       |
|    time_elapsed    | 243      |
|    total_timesteps | 466944   |
---------------------------------
------------------------------------------
| rollout/                |              |
|    ep_len_mean          | 534          |
|    ep_rew_mean          | -0.0571      |
| time/                   |              |
|    fps                  | 1924         |
|    iterations           | 58           |
|    time_elapsed         | 246          |
|    total_timesteps      | 475136       |
| train/                  |              |
|    approx_kl            | 0.0040818504 |
|    clip_fraction        | 0.0375       |
|    clip_range           | 0.2          |
|    entropy_loss         | -1.01        |
|    explained_variance   | 0.998        |
|    learning_rate        | 0.0003       |
|    loss                 | 0.0222       |
|    n_updates            | 570          |
|    policy_gradient_loss | -0.00225     |
|    value_loss           | 0.0626       |
------------------------------------------
Eval num_timesteps=480000, episode_reward=-22.90 +/- 0.20
Episode length: 583.80 +/- 34.80
-----------------------------------------
| eval/                   |             |
|    mean_ep_length       | 584         |
|    mean_reward          | -22.9       |
| time/                   |             |
|    total_timesteps      | 480000      |
| train/                  |             |
|    approx_kl            | 0.005152709 |
|    clip_fraction        | 0.0561      |
|    clip_range           | 0.2         |
|    entropy_loss         | -1.03       |
|    explained_variance   | 0.998       |
|    learning_rate        | 0.0003      |
|    loss                 | 0.023       |
|    n_updates            | 580         |
|    policy_gradient_loss | -0.00204    |
|    value_loss           | 0.0538      |
-----------------------------------------
---------------------------------
| rollout/           |          |
|    ep_len_mean     | 538      |
|    ep_rew_mean     | 0.378    |
| time/              |          |
|    fps             | 1901     |
|    iterations      | 59       |
|    time_elapsed    | 254      |
|    total_timesteps | 483328   |
---------------------------------
-----------------------------------------
| rollout/                |             |
|    ep_len_mean          | 545         |
|    ep_rew_mean          | 0.843       |
| time/                   |             |
|    fps                  | 1908        |
|    iterations           | 60          |
|    time_elapsed         | 257         |
|    total_timesteps      | 491520      |
| train/                  |             |
|    approx_kl            | 0.004847207 |
|    clip_fraction        | 0.0275      |
|    clip_range           | 0.2         |
|    entropy_loss         | -1.03       |
|    explained_variance   | 0.998       |
|    learning_rate        | 0.0003      |
|    loss                 | 0.0268      |
|    n_updates            | 590         |
|    policy_gradient_loss | -0.00179    |
|    value_loss           | 0.0609      |
-----------------------------------------
------------------------------------------
| rollout/                |              |
|    ep_len_mean          | 543          |
|    ep_rew_mean          | 0.753        |
| time/                   |              |
|    fps                  | 1916         |
|    iterations           | 61           |
|    time_elapsed         | 260          |
|    total_timesteps      | 499712       |
| train/                  |              |
|    approx_kl            | 0.0061670244 |
|    clip_fraction        | 0.0467       |
|    clip_range           | 0.2          |
|    entropy_loss         | -1.03        |
|    explained_variance   | 0.998        |
|    learning_rate        | 0.0003       |
|    loss                 | 0.0306       |
|    n_updates            | 600          |
|    policy_gradient_loss | -0.00178     |
|    value_loss           | 0.0708       |
------------------------------------------
Eval num_timesteps=500000, episode_reward=-22.65 +/- 0.39
Episode length: 521.70 +/- 61.43
------------------------------------------
| eval/                   |              |
|    mean_ep_length       | 522          |
|    mean_reward          | -22.6        |
| time/                   |              |
|    total_timesteps      | 500000       |
| train/                  |              |
|    approx_kl            | 0.0050128843 |
|    clip_fraction        | 0.0424       |
|    clip_range           | 0.2          |
|    entropy_loss         | -1.01        |
|    explained_variance   | 0.998        |
|    learning_rate        | 0.0003       |
|    loss                 | 0.03         |
|    n_updates            | 610          |
|    policy_gradient_loss | -0.00169     |
|    value_loss           | 0.0561       |
------------------------------------------
---------------------------------
| rollout/           |          |
|    ep_len_mean     | 544      |
|    ep_rew_mean     | 0.819    |
| time/              |          |
|    fps             | 1897     |
|    iterations      | 62       |
|    time_elapsed    | 267      |
|    total_timesteps | 507904   |
---------------------------------
------------------------------------------
| rollout/                |              |
|    ep_len_mean          | 540          |
|    ep_rew_mean          | 0.507        |
| time/                   |              |
|    fps                  | 1904         |
|    iterations           | 63           |
|    time_elapsed         | 271          |
|    total_timesteps      | 516096       |
| train/                  |              |
|    approx_kl            | 0.0038032946 |
|    clip_fraction        | 0.0419       |
|    clip_range           | 0.2          |
|    entropy_loss         | -1.08        |
|    explained_variance   | 0.998        |
|    learning_rate        | 0.0003       |
|    loss                 | 0.0166       |
|    n_updates            | 620          |
|    policy_gradient_loss | -0.00217     |
|    value_loss           | 0.0505       |
------------------------------------------
Eval num_timesteps=520000, episode_reward=-23.20 +/- 0.24
Episode length: 622.10 +/- 14.12
------------------------------------------
| eval/                   |              |
|    mean_ep_length       | 622          |
|    mean_reward          | -23.2        |
| time/                   |              |
|    total_timesteps      | 520000       |
| train/                  |              |
|    approx_kl            | 0.0060687773 |
|    clip_fraction        | 0.0773       |
|    clip_range           | 0.2          |
|    entropy_loss         | -1.08        |
|    explained_variance   | 0.998        |
|    learning_rate        | 0.0003       |
|    loss                 | 0.0153       |
|    n_updates            | 630          |
|    policy_gradient_loss | -0.00202     |
|    value_loss           | 0.0469       |
------------------------------------------
---------------------------------
| rollout/           |          |
|    ep_len_mean     | 544      |
|    ep_rew_mean     | 0.544    |
| time/              |          |
|    fps             | 1882     |
|    iterations      | 64       |
|    time_elapsed    | 278      |
|    total_timesteps | 524288   |
---------------------------------
------------------------------------------
| rollout/                |              |
|    ep_len_mean          | 551          |
|    ep_rew_mean          | 0.718        |
| time/                   |              |
|    fps                  | 1889         |
|    iterations           | 65           |
|    time_elapsed         | 281          |
|    total_timesteps      | 532480       |
| train/                  |              |
|    approx_kl            | 0.0055995136 |
|    clip_fraction        | 0.0432       |
|    clip_range           | 0.2          |
|    entropy_loss         | -1.12        |
|    explained_variance   | 0.998        |
|    learning_rate        | 0.0003       |
|    loss                 | 0.0131       |
|    n_updates            | 640          |
|    policy_gradient_loss | -0.00208     |
|    value_loss           | 0.0499       |
------------------------------------------
Eval num_timesteps=540000, episode_reward=-22.90 +/- 0.30
Episode length: 606.60 +/- 21.94
------------------------------------------
| eval/                   |              |
|    mean_ep_length       | 607          |
|    mean_reward          | -22.9        |
| time/                   |              |
|    total_timesteps      | 540000       |
| train/                  |              |
|    approx_kl            | 0.0047468618 |
|    clip_fraction        | 0.0278       |
|    clip_range           | 0.2          |
|    entropy_loss         | -1.04        |
|    explained_variance   | 0.998        |
|    learning_rate        | 0.0003       |
|    loss                 | 0.00667      |
|    n_updates            | 650          |
|    policy_gradient_loss | -0.00159     |
|    value_loss           | 0.0459       |
------------------------------------------
---------------------------------
| rollout/           |          |
|    ep_len_mean     | 554      |
|    ep_rew_mean     | 0.713    |
| time/              |          |
|    fps             | 1869     |
|    iterations      | 66       |
|    time_elapsed    | 289      |
|    total_timesteps | 540672   |
---------------------------------
------------------------------------------
| rollout/                |              |
|    ep_len_mean          | 562          |
|    ep_rew_mean          | 1.03         |
| time/                   |              |
|    fps                  | 1875         |
|    iterations           | 67           |
|    time_elapsed         | 292          |
|    total_timesteps      | 548864       |
| train/                  |              |
|    approx_kl            | 0.0068896497 |
|    clip_fraction        | 0.0458       |
|    clip_range           | 0.2          |
|    entropy_loss         | -1.06        |
|    explained_variance   | 0.998        |
|    learning_rate        | 0.0003       |
|    loss                 | 0.00224      |
|    n_updates            | 660          |
|    policy_gradient_loss | -0.00233     |
|    value_loss           | 0.0471       |
------------------------------------------
----------------------------------------
| rollout/                |            |
|    ep_len_mean          | 575        |
|    ep_rew_mean          | 1.56       |
| time/                   |            |
|    fps                  | 1882       |
|    iterations           | 68         |
|    time_elapsed         | 295        |
|    total_timesteps      | 557056     |
| train/                  |            |
|    approx_kl            | 0.00658258 |
|    clip_fraction        | 0.0733     |
|    clip_range           | 0.2        |
|    entropy_loss         | -1.11      |
|    explained_variance   | 0.999      |
|    learning_rate        | 0.0003     |
|    loss                 | 0.00955    |
|    n_updates            | 670        |
|    policy_gradient_loss | -0.00155   |
|    value_loss           | 0.0323     |
----------------------------------------
Eval num_timesteps=560000, episode_reward=-23.05 +/- 0.27
Episode length: 625.30 +/- 30.31
-----------------------------------------
| eval/                   |             |
|    mean_ep_length       | 625         |
|    mean_reward          | -23.1       |
| time/                   |             |
|    total_timesteps      | 560000      |
| train/                  |             |
|    approx_kl            | 0.004486509 |
|    clip_fraction        | 0.0221      |
|    clip_range           | 0.2         |
|    entropy_loss         | -1.05       |
|    explained_variance   | 0.998       |
|    learning_rate        | 0.0003      |
|    loss                 | 0.0207      |
|    n_updates            | 680         |
|    policy_gradient_loss | -0.00154    |
|    value_loss           | 0.044       |
-----------------------------------------
---------------------------------
| rollout/           |          |
|    ep_len_mean     | 581      |
|    ep_rew_mean     | 1.73     |
| time/              |          |
|    fps             | 1862     |
|    iterations      | 69       |
|    time_elapsed    | 303      |
|    total_timesteps | 565248   |
---------------------------------
------------------------------------------
| rollout/                |              |
|    ep_len_mean          | 588          |
|    ep_rew_mean          | 1.85         |
| time/                   |              |
|    fps                  | 1869         |
|    iterations           | 70           |
|    time_elapsed         | 306          |
|    total_timesteps      | 573440       |
| train/                  |              |
|    approx_kl            | 0.0036979239 |
|    clip_fraction        | 0.0242       |
|    clip_range           | 0.2          |
|    entropy_loss         | -1.07        |
|    explained_variance   | 0.998        |
|    learning_rate        | 0.0003       |
|    loss                 | 0.0267       |
|    n_updates            | 690          |
|    policy_gradient_loss | -0.00115     |
|    value_loss           | 0.049        |
------------------------------------------
Eval num_timesteps=580000, episode_reward=-22.90 +/- 0.20
Episode length: 586.40 +/- 27.98
------------------------------------------
| eval/                   |              |
|    mean_ep_length       | 586          |
|    mean_reward          | -22.9        |
| time/                   |              |
|    total_timesteps      | 580000       |
| train/                  |              |
|    approx_kl            | 0.0065752957 |
|    clip_fraction        | 0.0737       |
|    clip_range           | 0.2          |
|    entropy_loss         | -1.1         |
|    explained_variance   | 0.998        |
|    learning_rate        | 0.0003       |
|    loss                 | 0.0293       |
|    n_updates            | 700          |
|    policy_gradient_loss | -0.00246     |
|    value_loss           | 0.0543       |
------------------------------------------
---------------------------------
| rollout/           |          |
|    ep_len_mean     | 587      |
|    ep_rew_mean     | 1.63     |
| time/              |          |
|    fps             | 1853     |
|    iterations      | 71       |
|    time_elapsed    | 313      |
|    total_timesteps | 581632   |
---------------------------------
-----------------------------------------
| rollout/                |             |
|    ep_len_mean          | 590         |
|    ep_rew_mean          | 1.83        |
| time/                   |             |
|    fps                  | 1861        |
|    iterations           | 72          |
|    time_elapsed         | 316         |
|    total_timesteps      | 589824      |
| train/                  |             |
|    approx_kl            | 0.005074842 |
|    clip_fraction        | 0.0592      |
|    clip_range           | 0.2         |
|    entropy_loss         | -1.04       |
|    explained_variance   | 0.998       |
|    learning_rate        | 0.0003      |
|    loss                 | 0.0139      |
|    n_updates            | 710         |
|    policy_gradient_loss | -0.00183    |
|    value_loss           | 0.047       |
-----------------------------------------
------------------------------------------
| rollout/                |              |
|    ep_len_mean          | 593          |
|    ep_rew_mean          | 2.11         |
| time/                   |              |
|    fps                  | 1869         |
|    iterations           | 73           |
|    time_elapsed         | 319          |
|    total_timesteps      | 598016       |
| train/                  |              |
|    approx_kl            | 0.0056761983 |
|    clip_fraction        | 0.0752       |
|    clip_range           | 0.2          |
|    entropy_loss         | -1.02        |
|    explained_variance   | 0.999        |
|    learning_rate        | 0.0003       |
|    loss                 | 0.00424      |
|    n_updates            | 720          |
|    policy_gradient_loss | -0.00279     |
|    value_loss           | 0.0328       |
------------------------------------------
Eval num_timesteps=600000, episode_reward=-22.80 +/- 0.33
Episode length: 552.10 +/- 19.18
-----------------------------------------
| eval/                   |             |
|    mean_ep_length       | 552         |
|    mean_reward          | -22.8       |
| time/                   |             |
|    total_timesteps      | 600000      |
| train/                  |             |
|    approx_kl            | 0.006284631 |
|    clip_fraction        | 0.0562      |
|    clip_range           | 0.2         |
|    entropy_loss         | -0.974      |
|    explained_variance   | 0.998       |
|    learning_rate        | 0.0003      |
|    loss                 | 0.0221      |
|    n_updates            | 730         |
|    policy_gradient_loss | -0.00134    |
|    value_loss           | 0.0438      |
-----------------------------------------
---------------------------------
| rollout/           |          |
|    ep_len_mean     | 588      |
|    ep_rew_mean     | 2.11     |
| time/              |          |
|    fps             | 1853     |
|    iterations      | 74       |
|    time_elapsed    | 327      |
|    total_timesteps | 606208   |
---------------------------------
-----------------------------------------
| rollout/                |             |
|    ep_len_mean          | 579         |
|    ep_rew_mean          | 1.95        |
| time/                   |             |
|    fps                  | 1858        |
|    iterations           | 75          |
|    time_elapsed         | 330         |
|    total_timesteps      | 614400      |
| train/                  |             |
|    approx_kl            | 0.008281335 |
|    clip_fraction        | 0.0782      |
|    clip_range           | 0.2         |
|    entropy_loss         | -0.961      |
|    explained_variance   | 0.999       |
|    learning_rate        | 0.0003      |
|    loss                 | 0.00362     |
|    n_updates            | 740         |
|    policy_gradient_loss | -0.00439    |
|    value_loss           | 0.0393      |
-----------------------------------------
Eval num_timesteps=620000, episode_reward=-22.50 +/- 0.63
Episode length: 541.10 +/- 23.53
-----------------------------------------
| eval/                   |             |
|    mean_ep_length       | 541         |
|    mean_reward          | -22.5       |
| time/                   |             |
|    total_timesteps      | 620000      |
| train/                  |             |
|    approx_kl            | 0.006963107 |
|    clip_fraction        | 0.0529      |
|    clip_range           | 0.2         |
|    entropy_loss         | -0.985      |
|    explained_variance   | 0.998       |
|    learning_rate        | 0.0003      |
|    loss                 | 0.0184      |
|    n_updates            | 750         |
|    policy_gradient_loss | -0.00136    |
|    value_loss           | 0.0542      |
-----------------------------------------
---------------------------------
| rollout/           |          |
|    ep_len_mean     | 573      |
|    ep_rew_mean     | 1.97     |
| time/              |          |
|    fps             | 1843     |
|    iterations      | 76       |
|    time_elapsed    | 337      |
|    total_timesteps | 622592   |
---------------------------------
-----------------------------------------
| rollout/                |             |
|    ep_len_mean          | 572         |
|    ep_rew_mean          | 2.2         |
| time/                   |             |
|    fps                  | 1847        |
|    iterations           | 77          |
|    time_elapsed         | 341         |
|    total_timesteps      | 630784      |
| train/                  |             |
|    approx_kl            | 0.009124663 |
|    clip_fraction        | 0.0714      |
|    clip_range           | 0.2         |
|    entropy_loss         | -1.06       |
|    explained_variance   | 0.999       |
|    learning_rate        | 0.0003      |
|    loss                 | 0.0272      |
|    n_updates            | 760         |
|    policy_gradient_loss | -0.0021     |
|    value_loss           | 0.0406      |
-----------------------------------------
-----------------------------------------
| rollout/                |             |
|    ep_len_mean          | 570         |
|    ep_rew_mean          | 2.02        |
| time/                   |             |
|    fps                  | 1851        |
|    iterations           | 78          |
|    time_elapsed         | 345         |
|    total_timesteps      | 638976      |
| train/                  |             |
|    approx_kl            | 0.024027761 |
|    clip_fraction        | 0.116       |
|    clip_range           | 0.2         |
|    entropy_loss         | -1.06       |
|    explained_variance   | 0.999       |
|    learning_rate        | 0.0003      |
|    loss                 | 0.0229      |
|    n_updates            | 770         |
|    policy_gradient_loss | -0.00215    |
|    value_loss           | 0.0446      |
-----------------------------------------
Eval num_timesteps=640000, episode_reward=-22.90 +/- 0.20
Episode length: 538.90 +/- 18.95
------------------------------------------
| eval/                   |              |
|    mean_ep_length       | 539          |
|    mean_reward          | -22.9        |
| time/                   |              |
|    total_timesteps      | 640000       |
| train/                  |              |
|    approx_kl            | 0.0065702507 |
|    clip_fraction        | 0.0572       |
|    clip_range           | 0.2          |
|    entropy_loss         | -1.18        |
|    explained_variance   | 0.998        |
|    learning_rate        | 0.0003       |
|    loss                 | 0.00999      |
|    n_updates            | 780          |
|    policy_gradient_loss | -0.00218     |
|    value_loss           | 0.0521       |
------------------------------------------
---------------------------------
| rollout/           |          |
|    ep_len_mean     | 560      |
|    ep_rew_mean     | 1.19     |
| time/              |          |
|    fps             | 1836     |
|    iterations      | 79       |
|    time_elapsed    | 352      |
|    total_timesteps | 647168   |
---------------------------------
-----------------------------------------
| rollout/                |             |
|    ep_len_mean          | 557         |
|    ep_rew_mean          | 0.857       |
| time/                   |             |
|    fps                  | 1840        |
|    iterations           | 80          |
|    time_elapsed         | 356         |
|    total_timesteps      | 655360      |
| train/                  |             |
|    approx_kl            | 0.005930885 |
|    clip_fraction        | 0.0376      |
|    clip_range           | 0.2         |
|    entropy_loss         | -1.12       |
|    explained_variance   | 0.998       |
|    learning_rate        | 0.0003      |
|    loss                 | 0.0135      |
|    n_updates            | 790         |
|    policy_gradient_loss | -0.00192    |
|    value_loss           | 0.0544      |
-----------------------------------------
Eval num_timesteps=660000, episode_reward=-22.45 +/- 0.69
Episode length: 530.10 +/- 28.34
------------------------------------------
| eval/                   |              |
|    mean_ep_length       | 530          |
|    mean_reward          | -22.4        |
| time/                   |              |
|    total_timesteps      | 660000       |
| train/                  |              |
|    approx_kl            | 0.0074915336 |
|    clip_fraction        | 0.0636       |
|    clip_range           | 0.2          |
|    entropy_loss         | -1.12        |
|    explained_variance   | 0.998        |
|    learning_rate        | 0.0003       |
|    loss                 | 0.0252       |
|    n_updates            | 800          |
|    policy_gradient_loss | -0.00244     |
|    value_loss           | 0.0481       |
------------------------------------------
---------------------------------
| rollout/           |          |
|    ep_len_mean     | 555      |
|    ep_rew_mean     | 0.486    |
| time/              |          |
|    fps             | 1827     |
|    iterations      | 81       |
|    time_elapsed    | 363      |
|    total_timesteps | 663552   |
---------------------------------
-----------------------------------------
| rollout/                |             |
|    ep_len_mean          | 559         |
|    ep_rew_mean          | 0.518       |
| time/                   |             |
|    fps                  | 1833        |
|    iterations           | 82          |
|    time_elapsed         | 366         |
|    total_timesteps      | 671744      |
| train/                  |             |
|    approx_kl            | 0.007663779 |
|    clip_fraction        | 0.0492      |
|    clip_range           | 0.2         |
|    entropy_loss         | -1.09       |
|    explained_variance   | 0.998       |
|    learning_rate        | 0.0003      |
|    loss                 | 0.0194      |
|    n_updates            | 810         |
|    policy_gradient_loss | -0.00211    |
|    value_loss           | 0.0495      |
-----------------------------------------
------------------------------------------
| rollout/                |              |
|    ep_len_mean          | 560          |
|    ep_rew_mean          | 0.378        |
| time/                   |              |
|    fps                  | 1839         |
|    iterations           | 83           |
|    time_elapsed         | 369          |
|    total_timesteps      | 679936       |
| train/                  |              |
|    approx_kl            | 0.0059886714 |
|    clip_fraction        | 0.101        |
|    clip_range           | 0.2          |
|    entropy_loss         | -1.06        |
|    explained_variance   | 0.998        |
|    learning_rate        | 0.0003       |
|    loss                 | 0.0382       |
|    n_updates            | 820          |
|    policy_gradient_loss | -0.00215     |
|    value_loss           | 0.0587       |
------------------------------------------
Eval num_timesteps=680000, episode_reward=-22.85 +/- 0.32
Episode length: 953.60 +/- 100.57
----------------------------------------
| eval/                   |            |
|    mean_ep_length       | 954        |
|    mean_reward          | -22.9      |
| time/                   |            |
|    total_timesteps      | 680000     |
| train/                  |            |
|    approx_kl            | 0.01939768 |
|    clip_fraction        | 0.121      |
|    clip_range           | 0.2        |
|    entropy_loss         | -1.07      |
|    explained_variance   | 0.998      |
|    learning_rate        | 0.0003     |
|    loss                 | 0.0095     |
|    n_updates            | 830        |
|    policy_gradient_loss | -0.00473   |
|    value_loss           | 0.0513     |
----------------------------------------
---------------------------------
| rollout/           |          |
|    ep_len_mean     | 560      |
|    ep_rew_mean     | -0.0239  |
| time/              |          |
|    fps             | 1814     |
|    iterations      | 84       |
|    time_elapsed    | 379      |
|    total_timesteps | 688128   |
---------------------------------
-----------------------------------------
| rollout/                |             |
|    ep_len_mean          | 565         |
|    ep_rew_mean          | -0.0305     |
| time/                   |             |
|    fps                  | 1819        |
|    iterations           | 85          |
|    time_elapsed         | 382         |
|    total_timesteps      | 696320      |
| train/                  |             |
|    approx_kl            | 0.007460666 |
|    clip_fraction        | 0.0745      |
|    clip_range           | 0.2         |
|    entropy_loss         | -1.24       |
|    explained_variance   | 0.996       |
|    learning_rate        | 0.0003      |
|    loss                 | 0.04        |
|    n_updates            | 840         |
|    policy_gradient_loss | -0.00561    |
|    value_loss           | 0.0989      |
-----------------------------------------
Eval num_timesteps=700000, episode_reward=-22.85 +/- 0.39
Episode length: 1217.80 +/- 213.62
-----------------------------------------
| eval/                   |             |
|    mean_ep_length       | 1.22e+03    |
|    mean_reward          | -22.9       |
| time/                   |             |
|    total_timesteps      | 700000      |
| train/                  |             |
|    approx_kl            | 0.009687435 |
|    clip_fraction        | 0.123       |
|    clip_range           | 0.2         |
|    entropy_loss         | -1.17       |
|    explained_variance   | 0.992       |
|    learning_rate        | 0.0003      |
|    loss                 | 0.0477      |
|    n_updates            | 850         |
|    policy_gradient_loss | -0.00615    |
|    value_loss           | 0.174       |
-----------------------------------------
---------------------------------
| rollout/           |          |
|    ep_len_mean     | 577      |
|    ep_rew_mean     | 0.337    |
| time/              |          |
|    fps             | 1783     |
|    iterations      | 86       |
|    time_elapsed    | 394      |
|    total_timesteps | 704512   |
---------------------------------
-----------------------------------------
| rollout/                |             |
|    ep_len_mean          | 612         |
|    ep_rew_mean          | 1.06        |
| time/                   |             |
|    fps                  | 1789        |
|    iterations           | 87          |
|    time_elapsed         | 398         |
|    total_timesteps      | 712704      |
| train/                  |             |
|    approx_kl            | 0.014267453 |
|    clip_fraction        | 0.139       |
|    clip_range           | 0.2         |
|    entropy_loss         | -1.28       |
|    explained_variance   | 0.992       |
|    learning_rate        | 0.0003      |
|    loss                 | 0.014       |
|    n_updates            | 860         |
|    policy_gradient_loss | -0.00936    |
|    value_loss           | 0.0871      |
-----------------------------------------
Eval num_timesteps=720000, episode_reward=-22.40 +/- 0.37
Episode length: 1612.80 +/- 146.56
-----------------------------------------
| eval/                   |             |
|    mean_ep_length       | 1.61e+03    |
|    mean_reward          | -22.4       |
| time/                   |             |
|    total_timesteps      | 720000      |
| train/                  |             |
|    approx_kl            | 0.010402532 |
|    clip_fraction        | 0.119       |
|    clip_range           | 0.2         |
|    entropy_loss         | -1.2        |
|    explained_variance   | 0.987       |
|    learning_rate        | 0.0003      |
|    loss                 | 0.0704      |
|    n_updates            | 870         |
|    policy_gradient_loss | -0.00639    |
|    value_loss           | 0.176       |
-----------------------------------------
---------------------------------
| rollout/           |          |
|    ep_len_mean     | 631      |
|    ep_rew_mean     | 1.22     |
| time/              |          |
|    fps             | 1745     |
|    iterations      | 88       |
|    time_elapsed    | 413      |
|    total_timesteps | 720896   |
---------------------------------
------------------------------------------
| rollout/                |              |
|    ep_len_mean          | 664          |
|    ep_rew_mean          | 1.94         |
| time/                   |              |
|    fps                  | 1751         |
|    iterations           | 89           |
|    time_elapsed         | 416          |
|    total_timesteps      | 729088       |
| train/                  |              |
|    approx_kl            | 0.0088025415 |
|    clip_fraction        | 0.101        |
|    clip_range           | 0.2          |
|    entropy_loss         | -1.27        |
|    explained_variance   | 0.99         |
|    learning_rate        | 0.0003       |
|    loss                 | 0.028        |
|    n_updates            | 880          |
|    policy_gradient_loss | -0.00738     |
|    value_loss           | 0.133        |
------------------------------------------
-----------------------------------------
| rollout/                |             |
|    ep_len_mean          | 697         |
|    ep_rew_mean          | 2.65        |
| time/                   |             |
|    fps                  | 1757        |
|    iterations           | 90          |
|    time_elapsed         | 419         |
|    total_timesteps      | 737280      |
| train/                  |             |
|    approx_kl            | 0.008120988 |
|    clip_fraction        | 0.0977      |
|    clip_range           | 0.2         |
|    entropy_loss         | -1.19       |
|    explained_variance   | 0.99        |
|    learning_rate        | 0.0003      |
|    loss                 | 0.0107      |
|    n_updates            | 890         |
|    policy_gradient_loss | -0.00688    |
|    value_loss           | 0.0751      |
-----------------------------------------
Eval num_timesteps=740000, episode_reward=-17.85 +/- 7.88
Episode length: 1754.20 +/- 56.65
---------------------------------------
| eval/                   |           |
|    mean_ep_length       | 1.75e+03  |
|    mean_reward          | -17.9     |
| time/                   |           |
|    total_timesteps      | 740000    |
| train/                  |           |
|    approx_kl            | 0.0109403 |
|    clip_fraction        | 0.141     |
|    clip_range           | 0.2       |
|    entropy_loss         | -1.17     |
|    explained_variance   | 0.989     |
|    learning_rate        | 0.0003    |
|    loss                 | 0.0278    |
|    n_updates            | 900       |
|    policy_gradient_loss | -0.0111   |
|    value_loss           | 0.0866    |
---------------------------------------
New best mean reward!
---------------------------------
| rollout/           |          |
|    ep_len_mean     | 761      |
|    ep_rew_mean     | 4.67     |
| time/              |          |
|    fps             | 1716     |
|    iterations      | 91       |
|    time_elapsed    | 434      |
|    total_timesteps | 745472   |
---------------------------------
-----------------------------------------
| rollout/                |             |
|    ep_len_mean          | 810         |
|    ep_rew_mean          | 6.67        |
| time/                   |             |
|    fps                  | 1722        |
|    iterations           | 92          |
|    time_elapsed         | 437         |
|    total_timesteps      | 753664      |
| train/                  |             |
|    approx_kl            | 0.008183945 |
|    clip_fraction        | 0.0961      |
|    clip_range           | 0.2         |
|    entropy_loss         | -1.09       |
|    explained_variance   | 0.98        |
|    learning_rate        | 0.0003      |
|    loss                 | -0.00597    |
|    n_updates            | 910         |
|    policy_gradient_loss | -0.00695    |
|    value_loss           | 0.0978      |
-----------------------------------------
Eval num_timesteps=760000, episode_reward=-23.50 +/- 0.00
Episode length: 1095.60 +/- 125.62
---------------------------------------
| eval/                   |           |
|    mean_ep_length       | 1.1e+03   |
|    mean_reward          | -23.5     |
| time/                   |           |
|    total_timesteps      | 760000    |
| train/                  |           |
|    approx_kl            | 0.0116977 |
|    clip_fraction        | 0.135     |
|    clip_range           | 0.2       |
|    entropy_loss         | -1.09     |
|    explained_variance   | 0.975     |
|    learning_rate        | 0.0003    |
|    loss                 | -0.0111   |
|    n_updates            | 920       |
|    policy_gradient_loss | -0.0117   |
|    value_loss           | 0.0349    |
---------------------------------------
---------------------------------
| rollout/           |          |
|    ep_len_mean     | 859      |
|    ep_rew_mean     | 8.69     |
| time/              |          |
|    fps             | 1699     |
|    iterations      | 93       |
|    time_elapsed    | 448      |
|    total_timesteps | 761856   |
---------------------------------
-----------------------------------------
| rollout/                |             |
|    ep_len_mean          | 908         |
|    ep_rew_mean          | 10.7        |
| time/                   |             |
|    fps                  | 1704        |
|    iterations           | 94          |
|    time_elapsed         | 451         |
|    total_timesteps      | 770048      |
| train/                  |             |
|    approx_kl            | 0.012287269 |
|    clip_fraction        | 0.152       |
|    clip_range           | 0.2         |
|    entropy_loss         | -0.971      |
|    explained_variance   | 0.988       |
|    learning_rate        | 0.0003      |
|    loss                 | -0.0306     |
|    n_updates            | 930         |
|    policy_gradient_loss | -0.013      |
|    value_loss           | 0.0118      |
-----------------------------------------
-----------------------------------------
| rollout/                |             |
|    ep_len_mean          | 971         |
|    ep_rew_mean          | 13.5        |
| time/                   |             |
|    fps                  | 1709        |
|    iterations           | 95          |
|    time_elapsed         | 455         |
|    total_timesteps      | 778240      |
| train/                  |             |
|    approx_kl            | 0.007026359 |
|    clip_fraction        | 0.0745      |
|    clip_range           | 0.2         |
|    entropy_loss         | -0.868      |
|    explained_variance   | 0.989       |
|    learning_rate        | 0.0003      |
|    loss                 | 0.000921    |
|    n_updates            | 940         |
|    policy_gradient_loss | -0.00529    |
|    value_loss           | 0.00819     |
-----------------------------------------
Eval num_timesteps=780000, episode_reward=-23.45 +/- 0.15
Episode length: 1382.70 +/- 135.16
------------------------------------------
| eval/                   |              |
|    mean_ep_length       | 1.38e+03     |
|    mean_reward          | -23.4        |
| time/                   |              |
|    total_timesteps      | 780000       |
| train/                  |              |
|    approx_kl            | 0.0057690013 |
|    clip_fraction        | 0.0601       |
|    clip_range           | 0.2          |
|    entropy_loss         | -0.825       |
|    explained_variance   | 0.992        |
|    learning_rate        | 0.0003       |
|    loss                 | -0.00976     |
|    n_updates            | 950          |
|    policy_gradient_loss | -0.00426     |
|    value_loss           | 0.00549      |
------------------------------------------
---------------------------------
| rollout/           |          |
|    ep_len_mean     | 1.02e+03 |
|    ep_rew_mean     | 15.6     |
| time/              |          |
|    fps             | 1681     |
|    iterations      | 96       |
|    time_elapsed    | 467      |
|    total_timesteps | 786432   |
---------------------------------
------------------------------------------
| rollout/                |              |
|    ep_len_mean          | 1.08e+03     |
|    ep_rew_mean          | 18.2         |
| time/                   |              |
|    fps                  | 1686         |
|    iterations           | 97           |
|    time_elapsed         | 471          |
|    total_timesteps      | 794624       |
| train/                  |              |
|    approx_kl            | 0.0069727283 |
|    clip_fraction        | 0.0842       |
|    clip_range           | 0.2          |
|    entropy_loss         | -0.791       |
|    explained_variance   | 0.994        |
|    learning_rate        | 0.0003       |
|    loss                 | -0.00771     |
|    n_updates            | 960          |
|    policy_gradient_loss | -0.00572     |
|    value_loss           | 0.00419      |
------------------------------------------
Eval num_timesteps=800000, episode_reward=-12.05 +/- 9.35
Episode length: 1762.00 +/- 51.07
-----------------------------------------
| eval/                   |             |
|    mean_ep_length       | 1.76e+03    |
|    mean_reward          | -12.1       |
| time/                   |             |
|    total_timesteps      | 800000      |
| train/                  |             |
|    approx_kl            | 0.004772499 |
|    clip_fraction        | 0.0515      |
|    clip_range           | 0.2         |
|    entropy_loss         | -0.773      |
|    explained_variance   | 0.995       |
|    learning_rate        | 0.0003      |
|    loss                 | -0.00464    |
|    n_updates            | 970         |
|    policy_gradient_loss | -0.0042     |
|    value_loss           | 0.00341     |
-----------------------------------------
New best mean reward!
---------------------------------
| rollout/           |          |
|    ep_len_mean     | 1.15e+03 |
|    ep_rew_mean     | 21.2     |
| time/              |          |
|    fps             | 1651     |
|    iterations      | 98       |
|    time_elapsed    | 486      |
|    total_timesteps | 802816   |
---------------------------------
    -> baseline: -14.05 +/- 9.36 (8.1 min)

=== [lr_low] axis=learning_rate lr=0.0001 net_arch=(64, 64) ent_coef=0.005 ===
Using cpu device
---------------------------------
| rollout/           |          |
|    ep_len_mean     | 243      |
|    ep_rew_mean     | -16.9    |
| time/              |          |
|    fps             | 4537     |
|    iterations      | 1        |
|    time_elapsed    | 1        |
|    total_timesteps | 8192     |
---------------------------------
------------------------------------------
| rollout/                |              |
|    ep_len_mean          | 238          |
|    ep_rew_mean          | -16.9        |
| time/                   |              |
|    fps                  | 3326         |
|    iterations           | 2            |
|    time_elapsed         | 4            |
|    total_timesteps      | 16384        |
| train/                  |              |
|    approx_kl            | 0.0078536915 |
|    clip_fraction        | 0.00507      |
|    clip_range           | 0.2          |
|    entropy_loss         | -1.79        |
|    explained_variance   | 0.0417       |
|    learning_rate        | 0.0001       |
|    loss                 | 1.38         |
|    n_updates            | 10           |
|    policy_gradient_loss | -0.00182     |
|    value_loss           | 5.16         |
------------------------------------------
Eval num_timesteps=20000, episode_reward=-22.05 +/- 0.42
Episode length: 261.60 +/- 24.95
------------------------------------------
| eval/                   |              |
|    mean_ep_length       | 262          |
|    mean_reward          | -22.1        |
| time/                   |              |
|    total_timesteps      | 20000        |
| train/                  |              |
|    approx_kl            | 0.0055038887 |
|    clip_fraction        | 0.00258      |
|    clip_range           | 0.2          |
|    entropy_loss         | -1.78        |
|    explained_variance   | 0.596        |
|    learning_rate        | 0.0001       |
|    loss                 | 0.804        |
|    n_updates            | 20           |
|    policy_gradient_loss | -0.0009      |
|    value_loss           | 3            |
------------------------------------------
New best mean reward!
---------------------------------
| rollout/           |          |
|    ep_len_mean     | 243      |
|    ep_rew_mean     | -16.8    |
| time/              |          |
|    fps             | 2454     |
|    iterations      | 3        |
|    time_elapsed    | 10       |
|    total_timesteps | 24576    |
---------------------------------
-----------------------------------------
| rollout/                |             |
|    ep_len_mean          | 268         |
|    ep_rew_mean          | -16         |
| time/                   |             |
|    fps                  | 2415        |
|    iterations           | 4           |
|    time_elapsed         | 13          |
|    total_timesteps      | 32768       |
| train/                  |             |
|    approx_kl            | 0.012796109 |
|    clip_fraction        | 0.0501      |
|    clip_range           | 0.2         |
|    entropy_loss         | -1.75       |
|    explained_variance   | 0.864       |
|    learning_rate        | 0.0001      |
|    loss                 | 0.462       |
|    n_updates            | 30          |
|    policy_gradient_loss | -0.00317    |
|    value_loss           | 1.31        |
-----------------------------------------
Eval num_timesteps=40000, episode_reward=-22.60 +/- 0.20
Episode length: 374.30 +/- 19.97
-----------------------------------------
| eval/                   |             |
|    mean_ep_length       | 374         |
|    mean_reward          | -22.6       |
| time/                   |             |
|    total_timesteps      | 40000       |
| train/                  |             |
|    approx_kl            | 0.011660416 |
|    clip_fraction        | 0.0527      |
|    clip_range           | 0.2         |
|    entropy_loss         | -1.69       |
|    explained_variance   | 0.94        |
|    learning_rate        | 0.0001      |
|    loss                 | 0.198       |
|    n_updates            | 40          |
|    policy_gradient_loss | -0.00248    |
|    value_loss           | 0.715       |
-----------------------------------------
---------------------------------
| rollout/           |          |
|    ep_len_mean     | 296      |
|    ep_rew_mean     | -15      |
| time/              |          |
|    fps             | 2111     |
|    iterations      | 5        |
|    time_elapsed    | 19       |
|    total_timesteps | 40960    |
---------------------------------
-----------------------------------------
| rollout/                |             |
|    ep_len_mean          | 325         |
|    ep_rew_mean          | -13.9       |
| time/                   |             |
|    fps                  | 2179        |
|    iterations           | 6           |
|    time_elapsed         | 22          |
|    total_timesteps      | 49152       |
| train/                  |             |
|    approx_kl            | 0.008970842 |
|    clip_fraction        | 0.0745      |
|    clip_range           | 0.2         |
|    entropy_loss         | -1.66       |
|    explained_variance   | 0.967       |
|    learning_rate        | 0.0001      |
|    loss                 | 0.184       |
|    n_updates            | 50          |
|    policy_gradient_loss | -0.00391    |
|    value_loss           | 0.426       |
-----------------------------------------
-----------------------------------------
| rollout/                |             |
|    ep_len_mean          | 352         |
|    ep_rew_mean          | -12.6       |
| time/                   |             |
|    fps                  | 2216        |
|    iterations           | 7           |
|    time_elapsed         | 25          |
|    total_timesteps      | 57344       |
| train/                  |             |
|    approx_kl            | 0.015444405 |
|    clip_fraction        | 0.0702      |
|    clip_range           | 0.2         |
|    entropy_loss         | -1.63       |
|    explained_variance   | 0.973       |
|    learning_rate        | 0.0001      |
|    loss                 | 0.18        |
|    n_updates            | 60          |
|    policy_gradient_loss | -0.00346    |
|    value_loss           | 0.345       |
-----------------------------------------
Eval num_timesteps=60000, episode_reward=-22.50 +/- 0.32
Episode length: 344.00 +/- 29.66
----------------------------------------
| eval/                   |            |
|    mean_ep_length       | 344        |
|    mean_reward          | -22.5      |
| time/                   |            |
|    total_timesteps      | 60000      |
| train/                  |            |
|    approx_kl            | 0.01068664 |
|    clip_fraction        | 0.0344     |
|    clip_range           | 0.2        |
|    entropy_loss         | -1.58      |
|    explained_variance   | 0.982      |
|    learning_rate        | 0.0001     |
|    loss                 | 0.139      |
|    n_updates            | 70         |
|    policy_gradient_loss | -0.00364   |
|    value_loss           | 0.307      |
----------------------------------------
---------------------------------
| rollout/           |          |
|    ep_len_mean     | 366      |
|    ep_rew_mean     | -11.7    |
| time/              |          |
|    fps             | 2073     |
|    iterations      | 8        |
|    time_elapsed    | 31       |
|    total_timesteps | 65536    |
---------------------------------
----------------------------------------
| rollout/                |            |
|    ep_len_mean          | 370        |
|    ep_rew_mean          | -11        |
| time/                   |            |
|    fps                  | 2121       |
|    iterations           | 9          |
|    time_elapsed         | 34         |
|    total_timesteps      | 73728      |
| train/                  |            |
|    approx_kl            | 0.01265949 |
|    clip_fraction        | 0.0342     |
|    clip_range           | 0.2        |
|    entropy_loss         | -1.52      |
|    explained_variance   | 0.985      |
|    learning_rate        | 0.0001     |
|    loss                 | 0.107      |
|    n_updates            | 80         |
|    policy_gradient_loss | -0.00349   |
|    value_loss           | 0.275      |
----------------------------------------
Eval num_timesteps=80000, episode_reward=-22.65 +/- 0.23
Episode length: 346.60 +/- 25.77
------------------------------------------
| eval/                   |              |
|    mean_ep_length       | 347          |
|    mean_reward          | -22.6        |
| time/                   |              |
|    total_timesteps      | 80000        |
| train/                  |              |
|    approx_kl            | 0.0064496635 |
|    clip_fraction        | 0.00868      |
|    clip_range           | 0.2          |
|    entropy_loss         | -1.47        |
|    explained_variance   | 0.988        |
|    learning_rate        | 0.0001       |
|    loss                 | 0.129        |
|    n_updates            | 90           |
|    policy_gradient_loss | -0.00151     |
|    value_loss           | 0.265        |
------------------------------------------
---------------------------------
| rollout/           |          |
|    ep_len_mean     | 369      |
|    ep_rew_mean     | -10.7    |
| time/              |          |
|    fps             | 2046     |
|    iterations      | 10       |
|    time_elapsed    | 40       |
|    total_timesteps | 81920    |
---------------------------------
-----------------------------------------
| rollout/                |             |
|    ep_len_mean          | 364         |
|    ep_rew_mean          | -10.6       |
| time/                   |             |
|    fps                  | 2086        |
|    iterations           | 11          |
|    time_elapsed         | 43          |
|    total_timesteps      | 90112       |
| train/                  |             |
|    approx_kl            | 0.009672644 |
|    clip_fraction        | 0.0422      |
|    clip_range           | 0.2         |
|    entropy_loss         | -1.39       |
|    explained_variance   | 0.989       |
|    learning_rate        | 0.0001      |
|    loss                 | 0.117       |
|    n_updates            | 100         |
|    policy_gradient_loss | -0.00414    |
|    value_loss           | 0.246       |
-----------------------------------------
-----------------------------------------
| rollout/                |             |
|    ep_len_mean          | 360         |
|    ep_rew_mean          | -10.6       |
| time/                   |             |
|    fps                  | 2116        |
|    iterations           | 12          |
|    time_elapsed         | 46          |
|    total_timesteps      | 98304       |
| train/                  |             |
|    approx_kl            | 0.013018141 |
|    clip_fraction        | 0.00206     |
|    clip_range           | 0.2         |
|    entropy_loss         | -1.39       |
|    explained_variance   | 0.99        |
|    learning_rate        | 0.0001      |
|    loss                 | 0.0727      |
|    n_updates            | 110         |
|    policy_gradient_loss | -0.00102    |
|    value_loss           | 0.236       |
-----------------------------------------
Eval num_timesteps=100000, episode_reward=-22.30 +/- 0.33
Episode length: 292.50 +/- 44.31
-----------------------------------------
| eval/                   |             |
|    mean_ep_length       | 292         |
|    mean_reward          | -22.3       |
| time/                   |             |
|    total_timesteps      | 100000      |
| train/                  |             |
|    approx_kl            | 0.012066815 |
|    clip_fraction        | 0.022       |
|    clip_range           | 0.2         |
|    entropy_loss         | -1.32       |
|    explained_variance   | 0.99        |
|    learning_rate        | 0.0001      |
|    loss                 | 0.138       |
|    n_updates            | 120         |
|    policy_gradient_loss | -0.00271    |
|    value_loss           | 0.219       |
-----------------------------------------
---------------------------------
| rollout/           |          |
|    ep_len_mean     | 360      |
|    ep_rew_mean     | -10.6    |
| time/              |          |
|    fps             | 2069     |
|    iterations      | 13       |
|    time_elapsed    | 51       |
|    total_timesteps | 106496   |
---------------------------------
------------------------------------------
| rollout/                |              |
|    ep_len_mean          | 357          |
|    ep_rew_mean          | -10.8        |
| time/                   |              |
|    fps                  | 2105         |
|    iterations           | 14           |
|    time_elapsed         | 54           |
|    total_timesteps      | 114688       |
| train/                  |              |
|    approx_kl            | 0.0019143663 |
|    clip_fraction        | 0.00306      |
|    clip_range           | 0.2          |
|    entropy_loss         | -1.31        |
|    explained_variance   | 0.99         |
|    learning_rate        | 0.0001       |
|    loss                 | 0.0891       |
|    n_updates            | 130          |
|    policy_gradient_loss | -0.000843    |
|    value_loss           | 0.219        |
------------------------------------------
Eval num_timesteps=120000, episode_reward=-22.35 +/- 0.23
Episode length: 343.10 +/- 19.76
----------------------------------------
| eval/                   |            |
|    mean_ep_length       | 343        |
|    mean_reward          | -22.4      |
| time/                   |            |
|    total_timesteps      | 120000     |
| train/                  |            |
|    approx_kl            | 0.00907944 |
|    clip_fraction        | 0.013      |
|    clip_range           | 0.2        |
|    entropy_loss         | -1.27      |
|    explained_variance   | 0.99       |
|    learning_rate        | 0.0001     |
|    loss                 | 0.085      |
|    n_updates            | 140        |
|    policy_gradient_loss | -0.00124   |
|    value_loss           | 0.222      |
----------------------------------------
---------------------------------
| rollout/           |          |
|    ep_len_mean     | 355      |
|    ep_rew_mean     | -10.9    |
| time/              |          |
|    fps             | 2060     |
|    iterations      | 15       |
|    time_elapsed    | 59       |
|    total_timesteps | 122880   |
---------------------------------
-----------------------------------------
| rollout/                |             |
|    ep_len_mean          | 355         |
|    ep_rew_mean          | -10.8       |
| time/                   |             |
|    fps                  | 2092        |
|    iterations           | 16          |
|    time_elapsed         | 62          |
|    total_timesteps      | 131072      |
| train/                  |             |
|    approx_kl            | 0.010036061 |
|    clip_fraction        | 0.00446     |
|    clip_range           | 0.2         |
|    entropy_loss         | -1.2        |
|    explained_variance   | 0.991       |
|    learning_rate        | 0.0001      |
|    loss                 | 0.0919      |
|    n_updates            | 150         |
|    policy_gradient_loss | -0.00106    |
|    value_loss           | 0.195       |
-----------------------------------------
-----------------------------------------
| rollout/                |             |
|    ep_len_mean          | 352         |
|    ep_rew_mean          | -10.8       |
| time/                   |             |
|    fps                  | 2121        |
|    iterations           | 17          |
|    time_elapsed         | 65          |
|    total_timesteps      | 139264      |
| train/                  |             |
|    approx_kl            | 0.008710541 |
|    clip_fraction        | 0.00409     |
|    clip_range           | 0.2         |
|    entropy_loss         | -1.17       |
|    explained_variance   | 0.99        |
|    learning_rate        | 0.0001      |
|    loss                 | 0.0996      |
|    n_updates            | 160         |
|    policy_gradient_loss | -0.000936   |
|    value_loss           | 0.219       |
-----------------------------------------
Eval num_timesteps=140000, episode_reward=-22.30 +/- 0.33
Episode length: 350.60 +/- 33.19
-----------------------------------------
| eval/                   |             |
|    mean_ep_length       | 351         |
|    mean_reward          | -22.3       |
| time/                   |             |
|    total_timesteps      | 140000      |
| train/                  |             |
|    approx_kl            | 0.013013964 |
|    clip_fraction        | 0.029       |
|    clip_range           | 0.2         |
|    entropy_loss         | -1.13       |
|    explained_variance   | 0.991       |
|    learning_rate        | 0.0001      |
|    loss                 | 0.0885      |
|    n_updates            | 170         |
|    policy_gradient_loss | -0.00225    |
|    value_loss           | 0.201       |
-----------------------------------------
---------------------------------
| rollout/           |          |
|    ep_len_mean     | 349      |
|    ep_rew_mean     | -10.8    |
| time/              |          |
|    fps             | 2079     |
|    iterations      | 18       |
|    time_elapsed    | 70       |
|    total_timesteps | 147456   |
---------------------------------
-----------------------------------------
| rollout/                |             |
|    ep_len_mean          | 349         |
|    ep_rew_mean          | -10.6       |
| time/                   |             |
|    fps                  | 2101        |
|    iterations           | 19          |
|    time_elapsed         | 74          |
|    total_timesteps      | 155648      |
| train/                  |             |
|    approx_kl            | 0.014295116 |
|    clip_fraction        | 0.00568     |
|    clip_range           | 0.2         |
|    entropy_loss         | -1.08       |
|    explained_variance   | 0.991       |
|    learning_rate        | 0.0001      |
|    loss                 | 0.105       |
|    n_updates            | 180         |
|    policy_gradient_loss | -0.000899   |
|    value_loss           | 0.195       |
-----------------------------------------
Eval num_timesteps=160000, episode_reward=-22.45 +/- 0.15
Episode length: 348.60 +/- 23.60
------------------------------------------
| eval/                   |              |
|    mean_ep_length       | 349          |
|    mean_reward          | -22.4        |
| time/                   |              |
|    total_timesteps      | 160000       |
| train/                  |              |
|    approx_kl            | 0.0063555837 |
|    clip_fraction        | 0.00306      |
|    clip_range           | 0.2          |
|    entropy_loss         | -1.07        |
|    explained_variance   | 0.991        |
|    learning_rate        | 0.0001       |
|    loss                 | 0.1          |
|    n_updates            | 190          |
|    policy_gradient_loss | -0.000868    |
|    value_loss           | 0.199        |
------------------------------------------
---------------------------------
| rollout/           |          |
|    ep_len_mean     | 351      |
|    ep_rew_mean     | -10.5    |
| time/              |          |
|    fps             | 2057     |
|    iterations      | 20       |
|    time_elapsed    | 79       |
|    total_timesteps | 163840   |
---------------------------------
-----------------------------------------
| rollout/                |             |
|    ep_len_mean          | 351         |
|    ep_rew_mean          | -10.4       |
| time/                   |             |
|    fps                  | 2078        |
|    iterations           | 21          |
|    time_elapsed         | 82          |
|    total_timesteps      | 172032      |
| train/                  |             |
|    approx_kl            | 0.012228111 |
|    clip_fraction        | 0.0261      |
|    clip_range           | 0.2         |
|    entropy_loss         | -1.04       |
|    explained_variance   | 0.991       |
|    learning_rate        | 0.0001      |
|    loss                 | 0.086       |
|    n_updates            | 200         |
|    policy_gradient_loss | -0.00292    |
|    value_loss           | 0.201       |
-----------------------------------------
Eval num_timesteps=180000, episode_reward=-22.45 +/- 0.27
Episode length: 339.70 +/- 19.19
------------------------------------------
| eval/                   |              |
|    mean_ep_length       | 340          |
|    mean_reward          | -22.4        |
| time/                   |              |
|    total_timesteps      | 180000       |
| train/                  |              |
|    approx_kl            | 0.0065723173 |
|    clip_fraction        | 0.00791      |
|    clip_range           | 0.2          |
|    entropy_loss         | -1.05        |
|    explained_variance   | 0.991        |
|    learning_rate        | 0.0001       |
|    loss                 | 0.0847       |
|    n_updates            | 210          |
|    policy_gradient_loss | -0.00117     |
|    value_loss           | 0.193        |
------------------------------------------
---------------------------------
| rollout/           |          |
|    ep_len_mean     | 356      |
|    ep_rew_mean     | -10      |
| time/              |          |
|    fps             | 2043     |
|    iterations      | 22       |
|    time_elapsed    | 88       |
|    total_timesteps | 180224   |
---------------------------------
-----------------------------------------
| rollout/                |             |
|    ep_len_mean          | 357         |
|    ep_rew_mean          | -10         |
| time/                   |             |
|    fps                  | 2060        |
|    iterations           | 23          |
|    time_elapsed         | 91          |
|    total_timesteps      | 188416      |
| train/                  |             |
|    approx_kl            | 0.003807205 |
|    clip_fraction        | 0.0199      |
|    clip_range           | 0.2         |
|    entropy_loss         | -0.979      |
|    explained_variance   | 0.992       |
|    learning_rate        | 0.0001      |
|    loss                 | 0.105       |
|    n_updates            | 220         |
|    policy_gradient_loss | -0.00166    |
|    value_loss           | 0.178       |
-----------------------------------------
------------------------------------------
| rollout/                |              |
|    ep_len_mean          | 359          |
|    ep_rew_mean          | -9.91        |
| time/                   |              |
|    fps                  | 2075         |
|    iterations           | 24           |
|    time_elapsed         | 94           |
|    total_timesteps      | 196608       |
| train/                  |              |
|    approx_kl            | 0.0012878992 |
|    clip_fraction        | 0.0017       |
|    clip_range           | 0.2          |
|    entropy_loss         | -0.995       |
|    explained_variance   | 0.992        |
|    learning_rate        | 0.0001       |
|    loss                 | 0.0748       |
|    n_updates            | 230          |
|    policy_gradient_loss | -0.000316    |
|    value_loss           | 0.177        |
------------------------------------------
Eval num_timesteps=200000, episode_reward=-22.60 +/- 0.30
Episode length: 338.70 +/- 20.20
-----------------------------------------
| eval/                   |             |
|    mean_ep_length       | 339         |
|    mean_reward          | -22.6       |
| time/                   |             |
|    total_timesteps      | 200000      |
| train/                  |             |
|    approx_kl            | 0.006135963 |
|    clip_fraction        | 0.0318      |
|    clip_range           | 0.2         |
|    entropy_loss         | -1.01       |
|    explained_variance   | 0.993       |
|    learning_rate        | 0.0001      |
|    loss                 | 0.0693      |
|    n_updates            | 240         |
|    policy_gradient_loss | -0.00339    |
|    value_loss           | 0.163       |
-----------------------------------------
---------------------------------
| rollout/           |          |
|    ep_len_mean     | 362      |
|    ep_rew_mean     | -9.78    |
| time/              |          |
|    fps             | 2042     |
|    iterations      | 25       |
|    time_elapsed    | 100      |
|    total_timesteps | 204800   |
---------------------------------
-----------------------------------------
| rollout/                |             |
|    ep_len_mean          | 361         |
|    ep_rew_mean          | -9.88       |
| time/                   |             |
|    fps                  | 2049        |
|    iterations           | 26          |
|    time_elapsed         | 103         |
|    total_timesteps      | 212992      |
| train/                  |             |
|    approx_kl            | 0.005831067 |
|    clip_fraction        | 0.0139      |
|    clip_range           | 0.2         |
|    entropy_loss         | -1.01       |
|    explained_variance   | 0.993       |
|    learning_rate        | 0.0001      |
|    loss                 | 0.0559      |
|    n_updates            | 250         |
|    policy_gradient_loss | -0.00146    |
|    value_loss           | 0.16        |
-----------------------------------------
Eval num_timesteps=220000, episode_reward=-22.25 +/- 0.25
Episode length: 332.70 +/- 17.52
------------------------------------------
| eval/                   |              |
|    mean_ep_length       | 333          |
|    mean_reward          | -22.2        |
| time/                   |              |
|    total_timesteps      | 220000       |
| train/                  |              |
|    approx_kl            | 0.0012935722 |
|    clip_fraction        | 0.00546      |
|    clip_range           | 0.2          |
|    entropy_loss         | -1.04        |
|    explained_variance   | 0.993        |
|    learning_rate        | 0.0001       |
|    loss                 | 0.0547       |
|    n_updates            | 260          |
|    policy_gradient_loss | -0.000297    |
|    value_loss           | 0.163        |
------------------------------------------
---------------------------------
| rollout/           |          |
|    ep_len_mean     | 363      |
|    ep_rew_mean     | -9.81    |
| time/              |          |
|    fps             | 2024     |
|    iterations      | 27       |
|    time_elapsed    | 109      |
|    total_timesteps | 221184   |
---------------------------------
-----------------------------------------
| rollout/                |             |
|    ep_len_mean          | 363         |
|    ep_rew_mean          | -9.82       |
| time/                   |             |
|    fps                  | 2041        |
|    iterations           | 28          |
|    time_elapsed         | 112         |
|    total_timesteps      | 229376      |
| train/                  |             |
|    approx_kl            | 0.005661728 |
|    clip_fraction        | 0.00834     |
|    clip_range           | 0.2         |
|    entropy_loss         | -0.99       |
|    explained_variance   | 0.993       |
|    learning_rate        | 0.0001      |
|    loss                 | 0.0653      |
|    n_updates            | 270         |
|    policy_gradient_loss | -0.00123    |
|    value_loss           | 0.168       |
-----------------------------------------
------------------------------------------
| rollout/                |              |
|    ep_len_mean          | 364          |
|    ep_rew_mean          | -9.82        |
| time/                   |              |
|    fps                  | 2057         |
|    iterations           | 29           |
|    time_elapsed         | 115          |
|    total_timesteps      | 237568       |
| train/                  |              |
|    approx_kl            | 0.0038544822 |
|    clip_fraction        | 0.00674      |
|    clip_range           | 0.2          |
|    entropy_loss         | -0.915       |
|    explained_variance   | 0.993        |
|    learning_rate        | 0.0001       |
|    loss                 | 0.0684       |
|    n_updates            | 280          |
|    policy_gradient_loss | -0.00187     |
|    value_loss           | 0.159        |
------------------------------------------
Eval num_timesteps=240000, episode_reward=-22.25 +/- 0.25
Episode length: 347.60 +/- 19.82
------------------------------------------
| eval/                   |              |
|    mean_ep_length       | 348          |
|    mean_reward          | -22.2        |
| time/                   |              |
|    total_timesteps      | 240000       |
| train/                  |              |
|    approx_kl            | 0.0020734658 |
|    clip_fraction        | 0.015        |
|    clip_range           | 0.2          |
|    entropy_loss         | -0.912       |
|    explained_variance   | 0.992        |
|    learning_rate        | 0.0001       |
|    loss                 | 0.0738       |
|    n_updates            | 290          |
|    policy_gradient_loss | -0.000994    |
|    value_loss           | 0.165        |
------------------------------------------
---------------------------------
| rollout/           |          |
|    ep_len_mean     | 366      |
|    ep_rew_mean     | -9.77    |
| time/              |          |
|    fps             | 2033     |
|    iterations      | 30       |
|    time_elapsed    | 120      |
|    total_timesteps | 245760   |
---------------------------------
-----------------------------------------
| rollout/                |             |
|    ep_len_mean          | 368         |
|    ep_rew_mean          | -9.81       |
| time/                   |             |
|    fps                  | 2049        |
|    iterations           | 31          |
|    time_elapsed         | 123         |
|    total_timesteps      | 253952      |
| train/                  |             |
|    approx_kl            | 0.005394186 |
|    clip_fraction        | 0.014       |
|    clip_range           | 0.2         |
|    entropy_loss         | -0.959      |
|    explained_variance   | 0.993       |
|    learning_rate        | 0.0001      |
|    loss                 | 0.0917      |
|    n_updates            | 300         |
|    policy_gradient_loss | -0.00116    |
|    value_loss           | 0.164       |
-----------------------------------------
Eval num_timesteps=260000, episode_reward=-22.45 +/- 0.15
Episode length: 355.00 +/- 26.67
------------------------------------------
| eval/                   |              |
|    mean_ep_length       | 355          |
|    mean_reward          | -22.4        |
| time/                   |              |
|    total_timesteps      | 260000       |
| train/                  |              |
|    approx_kl            | 0.0054741586 |
|    clip_fraction        | 0.0144       |
|    clip_range           | 0.2          |
|    entropy_loss         | -0.981       |
|    explained_variance   | 0.993        |
|    learning_rate        | 0.0001       |
|    loss                 | 0.0551       |
|    n_updates            | 310          |
|    policy_gradient_loss | -0.00103     |
|    value_loss           | 0.146        |
------------------------------------------
---------------------------------
| rollout/           |          |
|    ep_len_mean     | 369      |
|    ep_rew_mean     | -9.82    |
| time/              |          |
|    fps             | 2029     |
|    iterations      | 32       |
|    time_elapsed    | 129      |
|    total_timesteps | 262144   |
---------------------------------
------------------------------------------
| rollout/                |              |
|    ep_len_mean          | 368          |
|    ep_rew_mean          | -9.95        |
| time/                   |              |
|    fps                  | 2043         |
|    iterations           | 33           |
|    time_elapsed         | 132          |
|    total_timesteps      | 270336       |
| train/                  |              |
|    approx_kl            | 0.0032506394 |
|    clip_fraction        | 0.00743      |
|    clip_range           | 0.2          |
|    entropy_loss         | -0.995       |
|    explained_variance   | 0.994        |
|    learning_rate        | 0.0001       |
|    loss                 | 0.0867       |
|    n_updates            | 320          |
|    policy_gradient_loss | -0.000405    |
|    value_loss           | 0.147        |
------------------------------------------
------------------------------------------
| rollout/                |              |
|    ep_len_mean          | 367          |
|    ep_rew_mean          | -10.1        |
| time/                   |              |
|    fps                  | 2059         |
|    iterations           | 34           |
|    time_elapsed         | 135          |
|    total_timesteps      | 278528       |
| train/                  |              |
|    approx_kl            | 0.0057430035 |
|    clip_fraction        | 0.0192       |
|    clip_range           | 0.2          |
|    entropy_loss         | -0.966       |
|    explained_variance   | 0.993        |
|    learning_rate        | 0.0001       |
|    loss                 | 0.0666       |
|    n_updates            | 330          |
|    policy_gradient_loss | -0.00194     |
|    value_loss           | 0.149        |
------------------------------------------
Eval num_timesteps=280000, episode_reward=-22.30 +/- 0.51
Episode length: 333.50 +/- 22.78
------------------------------------------
| eval/                   |              |
|    mean_ep_length       | 334          |
|    mean_reward          | -22.3        |
| time/                   |              |
|    total_timesteps      | 280000       |
| train/                  |              |
|    approx_kl            | 0.0038076893 |
|    clip_fraction        | 0.0221       |
|    clip_range           | 0.2          |
|    entropy_loss         | -0.997       |
|    explained_variance   | 0.993        |
|    learning_rate        | 0.0001       |
|    loss                 | 0.061        |
|    n_updates            | 340          |
|    policy_gradient_loss | -0.00198     |
|    value_loss           | 0.147        |
------------------------------------------
---------------------------------
| rollout/           |          |
|    ep_len_mean     | 368      |
|    ep_rew_mean     | -10.2    |
| time/              |          |
|    fps             | 2041     |
|    iterations      | 35       |
|    time_elapsed    | 140      |
|    total_timesteps | 286720   |
---------------------------------
------------------------------------------
| rollout/                |              |
|    ep_len_mean          | 369          |
|    ep_rew_mean          | -10.2        |
| time/                   |              |
|    fps                  | 2054         |
|    iterations           | 36           |
|    time_elapsed         | 143          |
|    total_timesteps      | 294912       |
| train/                  |              |
|    approx_kl            | 0.0029446818 |
|    clip_fraction        | 0.0203       |
|    clip_range           | 0.2          |
|    entropy_loss         | -0.99        |
|    explained_variance   | 0.993        |
|    learning_rate        | 0.0001       |
|    loss                 | 0.0692       |
|    n_updates            | 350          |
|    policy_gradient_loss | -0.00153     |
|    value_loss           | 0.156        |
------------------------------------------
Eval num_timesteps=300000, episode_reward=-22.40 +/- 0.20
Episode length: 339.70 +/- 36.36
------------------------------------------
| eval/                   |              |
|    mean_ep_length       | 340          |
|    mean_reward          | -22.4        |
| time/                   |              |
|    total_timesteps      | 300000       |
| train/                  |              |
|    approx_kl            | 0.0033763656 |
|    clip_fraction        | 0.00197      |
|    clip_range           | 0.2          |
|    entropy_loss         | -0.967       |
|    explained_variance   | 0.993        |
|    learning_rate        | 0.0001       |
|    loss                 | 0.0638       |
|    n_updates            | 360          |
|    policy_gradient_loss | -0.000898    |
|    value_loss           | 0.152        |
------------------------------------------
---------------------------------
| rollout/           |          |
|    ep_len_mean     | 372      |
|    ep_rew_mean     | -10.2    |
| time/              |          |
|    fps             | 2035     |
|    iterations      | 37       |
|    time_elapsed    | 148      |
|    total_timesteps | 303104   |
---------------------------------
-----------------------------------------
| rollout/                |             |
|    ep_len_mean          | 378         |
|    ep_rew_mean          | -10.1       |
| time/                   |             |
|    fps                  | 2044        |
|    iterations           | 38          |
|    time_elapsed         | 152         |
|    total_timesteps      | 311296      |
| train/                  |             |
|    approx_kl            | 0.006515014 |
|    clip_fraction        | 0.0198      |
|    clip_range           | 0.2         |
|    entropy_loss         | -0.934      |
|    explained_variance   | 0.994       |
|    learning_rate        | 0.0001      |
|    loss                 | 0.0443      |
|    n_updates            | 370         |
|    policy_gradient_loss | -0.00254    |
|    value_loss           | 0.129       |
-----------------------------------------
------------------------------------------
| rollout/                |              |
|    ep_len_mean          | 381          |
|    ep_rew_mean          | -9.95        |
| time/                   |              |
|    fps                  | 2050         |
|    iterations           | 39           |
|    time_elapsed         | 155          |
|    total_timesteps      | 319488       |
| train/                  |              |
|    approx_kl            | 0.0047838558 |
|    clip_fraction        | 0.0208       |
|    clip_range           | 0.2          |
|    entropy_loss         | -0.998       |
|    explained_variance   | 0.994        |
|    learning_rate        | 0.0001       |
|    loss                 | 0.0588       |
|    n_updates            | 380          |
|    policy_gradient_loss | -0.00116     |
|    value_loss           | 0.14         |
------------------------------------------
Eval num_timesteps=320000, episode_reward=-22.50 +/- 0.50
Episode length: 402.50 +/- 49.30
-----------------------------------------
| eval/                   |             |
|    mean_ep_length       | 402         |
|    mean_reward          | -22.5       |
| time/                   |             |
|    total_timesteps      | 320000      |
| train/                  |             |
|    approx_kl            | 0.004699655 |
|    clip_fraction        | 0.0258      |
|    clip_range           | 0.2         |
|    entropy_loss         | -1.01       |
|    explained_variance   | 0.993       |
|    learning_rate        | 0.0001      |
|    loss                 | 0.0514      |
|    n_updates            | 390         |
|    policy_gradient_loss | -0.00195    |
|    value_loss           | 0.134       |
-----------------------------------------
---------------------------------
| rollout/           |          |
|    ep_len_mean     | 387      |
|    ep_rew_mean     | -9.84    |
| time/              |          |
|    fps             | 2021     |
|    iterations      | 40       |
|    time_elapsed    | 162      |
|    total_timesteps | 327680   |
---------------------------------
------------------------------------------
| rollout/                |              |
|    ep_len_mean          | 390          |
|    ep_rew_mean          | -9.93        |
| time/                   |              |
|    fps                  | 2027         |
|    iterations           | 41           |
|    time_elapsed         | 165          |
|    total_timesteps      | 335872       |
| train/                  |              |
|    approx_kl            | 0.0066934563 |
|    clip_fraction        | 0.0447       |
|    clip_range           | 0.2          |
|    entropy_loss         | -1.11        |
|    explained_variance   | 0.994        |
|    learning_rate        | 0.0001       |
|    loss                 | 0.0364       |
|    n_updates            | 400          |
|    policy_gradient_loss | -0.00203     |
|    value_loss           | 0.139        |
------------------------------------------
Eval num_timesteps=340000, episode_reward=-22.60 +/- 0.37
Episode length: 384.80 +/- 49.37
------------------------------------------
| eval/                   |              |
|    mean_ep_length       | 385          |
|    mean_reward          | -22.6        |
| time/                   |              |
|    total_timesteps      | 340000       |
| train/                  |              |
|    approx_kl            | 0.0069685346 |
|    clip_fraction        | 0.0134       |
|    clip_range           | 0.2          |
|    entropy_loss         | -1.03        |
|    explained_variance   | 0.994        |
|    learning_rate        | 0.0001       |
|    loss                 | 0.0503       |
|    n_updates            | 410          |
|    policy_gradient_loss | -0.00217     |
|    value_loss           | 0.134        |
------------------------------------------
---------------------------------
| rollout/           |          |
|    ep_len_mean     | 391      |
|    ep_rew_mean     | -9.94    |
| time/              |          |
|    fps             | 2004     |
|    iterations      | 42       |
|    time_elapsed    | 171      |
|    total_timesteps | 344064   |
---------------------------------
-----------------------------------------
| rollout/                |             |
|    ep_len_mean          | 390         |
|    ep_rew_mean          | -9.93       |
| time/                   |             |
|    fps                  | 2015        |
|    iterations           | 43          |
|    time_elapsed         | 174         |
|    total_timesteps      | 352256      |
| train/                  |             |
|    approx_kl            | 0.006200723 |
|    clip_fraction        | 0.0166      |
|    clip_range           | 0.2         |
|    entropy_loss         | -1.04       |
|    explained_variance   | 0.995       |
|    learning_rate        | 0.0001      |
|    loss                 | 0.0513      |
|    n_updates            | 420         |
|    policy_gradient_loss | -0.00153    |
|    value_loss           | 0.12        |
-----------------------------------------
Eval num_timesteps=360000, episode_reward=-22.70 +/- 0.46
Episode length: 380.40 +/- 52.45
-----------------------------------------
| eval/                   |             |
|    mean_ep_length       | 380         |
|    mean_reward          | -22.7       |
| time/                   |             |
|    total_timesteps      | 360000      |
| train/                  |             |
|    approx_kl            | 0.003604027 |
|    clip_fraction        | 0.0177      |
|    clip_range           | 0.2         |
|    entropy_loss         | -0.99       |
|    explained_variance   | 0.994       |
|    learning_rate        | 0.0001      |
|    loss                 | 0.062       |
|    n_updates            | 430         |
|    policy_gradient_loss | -0.00236    |
|    value_loss           | 0.147       |
-----------------------------------------
---------------------------------
| rollout/           |          |
|    ep_len_mean     | 391      |
|    ep_rew_mean     | -9.87    |
| time/              |          |
|    fps             | 1996     |
|    iterations      | 44       |
|    time_elapsed    | 180      |
|    total_timesteps | 360448   |
---------------------------------
------------------------------------------
| rollout/                |              |
|    ep_len_mean          | 393          |
|    ep_rew_mean          | -9.87        |
| time/                   |              |
|    fps                  | 2006         |
|    iterations           | 45           |
|    time_elapsed         | 183          |
|    total_timesteps      | 368640       |
| train/                  |              |
|    approx_kl            | 0.0027620816 |
|    clip_fraction        | 0.0131       |
|    clip_range           | 0.2          |
|    entropy_loss         | -1.06        |
|    explained_variance   | 0.995        |
|    learning_rate        | 0.0001       |
|    loss                 | 0.0511       |
|    n_updates            | 440          |
|    policy_gradient_loss | -0.00043     |
|    value_loss           | 0.11         |
------------------------------------------
------------------------------------------
| rollout/                |              |
|    ep_len_mean          | 398          |
|    ep_rew_mean          | -9.72        |
| time/                   |              |
|    fps                  | 2017         |
|    iterations           | 46           |
|    time_elapsed         | 186          |
|    total_timesteps      | 376832       |
| train/                  |              |
|    approx_kl            | 0.0022737253 |
|    clip_fraction        | 0.0157       |
|    clip_range           | 0.2          |
|    entropy_loss         | -1.12        |
|    explained_variance   | 0.995        |
|    learning_rate        | 0.0001       |
|    loss                 | 0.0606       |
|    n_updates            | 450          |
|    policy_gradient_loss | -0.000678    |
|    value_loss           | 0.124        |
------------------------------------------
Eval num_timesteps=380000, episode_reward=-22.50 +/- 0.39
Episode length: 402.90 +/- 44.38
------------------------------------------
| eval/                   |              |
|    mean_ep_length       | 403          |
|    mean_reward          | -22.5        |
| time/                   |              |
|    total_timesteps      | 380000       |
| train/                  |              |
|    approx_kl            | 0.0049566175 |
|    clip_fraction        | 0.0302       |
|    clip_range           | 0.2          |
|    entropy_loss         | -1.15        |
|    explained_variance   | 0.991        |
|    learning_rate        | 0.0001       |
|    loss                 | 0.0602       |
|    n_updates            | 460          |
|    policy_gradient_loss | -0.00338     |
|    value_loss           | 0.177        |
------------------------------------------
---------------------------------
| rollout/           |          |
|    ep_len_mean     | 402      |
|    ep_rew_mean     | -9.59    |
| time/              |          |
|    fps             | 2001     |
|    iterations      | 47       |
|    time_elapsed    | 192      |
|    total_timesteps | 385024   |
---------------------------------
------------------------------------------
| rollout/                |              |
|    ep_len_mean          | 403          |
|    ep_rew_mean          | -9.6         |
| time/                   |              |
|    fps                  | 2011         |
|    iterations           | 48           |
|    time_elapsed         | 195          |
|    total_timesteps      | 393216       |
| train/                  |              |
|    approx_kl            | 0.0062336354 |
|    clip_fraction        | 0.0178       |
|    clip_range           | 0.2          |
|    entropy_loss         | -1.07        |
|    explained_variance   | 0.995        |
|    learning_rate        | 0.0001       |
|    loss                 | 0.0673       |
|    n_updates            | 470          |
|    policy_gradient_loss | -0.00219     |
|    value_loss           | 0.118        |
------------------------------------------
Eval num_timesteps=400000, episode_reward=-22.45 +/- 0.57
Episode length: 370.20 +/- 47.97
-----------------------------------------
| eval/                   |             |
|    mean_ep_length       | 370         |
|    mean_reward          | -22.4       |
| time/                   |             |
|    total_timesteps      | 400000      |
| train/                  |             |
|    approx_kl            | 0.006030231 |
|    clip_fraction        | 0.0057      |
|    clip_range           | 0.2         |
|    entropy_loss         | -0.972      |
|    explained_variance   | 0.996       |
|    learning_rate        | 0.0001      |
|    loss                 | 0.0287      |
|    n_updates            | 480         |
|    policy_gradient_loss | -0.00153    |
|    value_loss           | 0.103       |
-----------------------------------------
---------------------------------
| rollout/           |          |
|    ep_len_mean     | 402      |
|    ep_rew_mean     | -9.56    |
| time/              |          |
|    fps             | 1995     |
|    iterations      | 49       |
|    time_elapsed    | 201      |
|    total_timesteps | 401408   |
---------------------------------
----------------------------------------
| rollout/                |            |
|    ep_len_mean          | 403        |
|    ep_rew_mean          | -9.38      |
| time/                   |            |
|    fps                  | 2005       |
|    iterations           | 50         |
|    time_elapsed         | 204        |
|    total_timesteps      | 409600     |
| train/                  |            |
|    approx_kl            | 0.00530391 |
|    clip_fraction        | 0.0361     |
|    clip_range           | 0.2        |
|    entropy_loss         | -1.04      |
|    explained_variance   | 0.993      |
|    learning_rate        | 0.0001     |
|    loss                 | 0.0433     |
|    n_updates            | 490        |
|    policy_gradient_loss | -0.00219   |
|    value_loss           | 0.132      |
----------------------------------------
------------------------------------------
| rollout/                |              |
|    ep_len_mean          | 396          |
|    ep_rew_mean          | -9.35        |
| time/                   |              |
|    fps                  | 2013         |
|    iterations           | 51           |
|    time_elapsed         | 207          |
|    total_timesteps      | 417792       |
| train/                  |              |
|    approx_kl            | 0.0077668414 |
|    clip_fraction        | 0.0709       |
|    clip_range           | 0.2          |
|    entropy_loss         | -1.17        |
|    explained_variance   | 0.994        |
|    learning_rate        | 0.0001       |
|    loss                 | 0.0787       |
|    n_updates            | 500          |
|    policy_gradient_loss | -0.00338     |
|    value_loss           | 0.138        |
------------------------------------------
Eval num_timesteps=420000, episode_reward=-22.70 +/- 0.60
Episode length: 400.40 +/- 36.03
-----------------------------------------
| eval/                   |             |
|    mean_ep_length       | 400         |
|    mean_reward          | -22.7       |
| time/                   |             |
|    total_timesteps      | 420000      |
| train/                  |             |
|    approx_kl            | 0.007101115 |
|    clip_fraction        | 0.0628      |
|    clip_range           | 0.2         |
|    entropy_loss         | -1.18       |
|    explained_variance   | 0.995       |
|    learning_rate        | 0.0001      |
|    loss                 | 0.0452      |
|    n_updates            | 510         |
|    policy_gradient_loss | -0.00179    |
|    value_loss           | 0.122       |
-----------------------------------------
---------------------------------
| rollout/           |          |
|    ep_len_mean     | 396      |
|    ep_rew_mean     | -9.38    |
| time/              |          |
|    fps             | 1996     |
|    iterations      | 52       |
|    time_elapsed    | 213      |
|    total_timesteps | 425984   |
---------------------------------
-----------------------------------------
| rollout/                |             |
|    ep_len_mean          | 392         |
|    ep_rew_mean          | -9.69       |
| time/                   |             |
|    fps                  | 2006        |
|    iterations           | 53          |
|    time_elapsed         | 216         |
|    total_timesteps      | 434176      |
| train/                  |             |
|    approx_kl            | 0.008042011 |
|    clip_fraction        | 0.0366      |
|    clip_range           | 0.2         |
|    entropy_loss         | -1.27       |
|    explained_variance   | 0.995       |
|    learning_rate        | 0.0001      |
|    loss                 | 0.0374      |
|    n_updates            | 520         |
|    policy_gradient_loss | -0.00404    |
|    value_loss           | 0.113       |
-----------------------------------------
Eval num_timesteps=440000, episode_reward=-22.90 +/- 0.20
Episode length: 409.30 +/- 43.71
-----------------------------------------
| eval/                   |             |
|    mean_ep_length       | 409         |
|    mean_reward          | -22.9       |
| time/                   |             |
|    total_timesteps      | 440000      |
| train/                  |             |
|    approx_kl            | 0.007886636 |
|    clip_fraction        | 0.00977     |
|    clip_range           | 0.2         |
|    entropy_loss         | -1.33       |
|    explained_variance   | 0.995       |
|    learning_rate        | 0.0001      |
|    loss                 | 0.0536      |
|    n_updates            | 530         |
|    policy_gradient_loss | -0.00123    |
|    value_loss           | 0.12        |
-----------------------------------------
---------------------------------
| rollout/           |          |
|    ep_len_mean     | 391      |
|    ep_rew_mean     | -10      |
| time/              |          |
|    fps             | 1992     |
|    iterations      | 54       |
|    time_elapsed    | 222      |
|    total_timesteps | 442368   |
---------------------------------
------------------------------------------
| rollout/                |              |
|    ep_len_mean          | 384          |
|    ep_rew_mean          | -10.5        |
| time/                   |              |
|    fps                  | 1999         |
|    iterations           | 55           |
|    time_elapsed         | 225          |
|    total_timesteps      | 450560       |
| train/                  |              |
|    approx_kl            | 0.0033589785 |
|    clip_fraction        | 0.0154       |
|    clip_range           | 0.2          |
|    entropy_loss         | -1.35        |
|    explained_variance   | 0.994        |
|    learning_rate        | 0.0001       |
|    loss                 | 0.0561       |
|    n_updates            | 540          |
|    policy_gradient_loss | -0.00105     |
|    value_loss           | 0.123        |
------------------------------------------
-----------------------------------------
| rollout/                |             |
|    ep_len_mean          | 389         |
|    ep_rew_mean          | -10.8       |
| time/                   |             |
|    fps                  | 2007        |
|    iterations           | 56          |
|    time_elapsed         | 228         |
|    total_timesteps      | 458752      |
| train/                  |             |
|    approx_kl            | 0.011458507 |
|    clip_fraction        | 0.0314      |
|    clip_range           | 0.2         |
|    entropy_loss         | -1.31       |
|    explained_variance   | 0.993       |
|    learning_rate        | 0.0001      |
|    loss                 | 0.0641      |
|    n_updates            | 550         |
|    policy_gradient_loss | -0.00331    |
|    value_loss           | 0.146       |
-----------------------------------------
Eval num_timesteps=460000, episode_reward=-22.65 +/- 0.59
Episode length: 405.90 +/- 61.57
-----------------------------------------
| eval/                   |             |
|    mean_ep_length       | 406         |
|    mean_reward          | -22.6       |
| time/                   |             |
|    total_timesteps      | 460000      |
| train/                  |             |
|    approx_kl            | 0.003787158 |
|    clip_fraction        | 0.00419     |
|    clip_range           | 0.2         |
|    entropy_loss         | -1.31       |
|    explained_variance   | 0.993       |
|    learning_rate        | 0.0001      |
|    loss                 | 0.0646      |
|    n_updates            | 560         |
|    policy_gradient_loss | -0.000768   |
|    value_loss           | 0.14        |
-----------------------------------------
---------------------------------
| rollout/           |          |
|    ep_len_mean     | 392      |
|    ep_rew_mean     | -10.8    |
| time/              |          |
|    fps             | 1992     |
|    iterations      | 57       |
|    time_elapsed    | 234      |
|    total_timesteps | 466944   |
---------------------------------
------------------------------------------
| rollout/                |              |
|    ep_len_mean          | 402          |
|    ep_rew_mean          | -10.5        |
| time/                   |              |
|    fps                  | 1998         |
|    iterations           | 58           |
|    time_elapsed         | 237          |
|    total_timesteps      | 475136       |
| train/                  |              |
|    approx_kl            | 0.0036478569 |
|    clip_fraction        | 0.00807      |
|    clip_range           | 0.2          |
|    entropy_loss         | -1.27        |
|    explained_variance   | 0.994        |
|    learning_rate        | 0.0001       |
|    loss                 | 0.0513       |
|    n_updates            | 570          |
|    policy_gradient_loss | -0.00114     |
|    value_loss           | 0.117        |
------------------------------------------
Eval num_timesteps=480000, episode_reward=-22.60 +/- 0.37
Episode length: 426.00 +/- 32.10
------------------------------------------
| eval/                   |              |
|    mean_ep_length       | 426          |
|    mean_reward          | -22.6        |
| time/                   |              |
|    total_timesteps      | 480000       |
| train/                  |              |
|    approx_kl            | 0.0072711166 |
|    clip_fraction        | 0.026        |
|    clip_range           | 0.2          |
|    entropy_loss         | -1.27        |
|    explained_variance   | 0.995        |
|    learning_rate        | 0.0001       |
|    loss                 | 0.0522       |
|    n_updates            | 580          |
|    policy_gradient_loss | -0.00209     |
|    value_loss           | 0.11         |
------------------------------------------
---------------------------------
| rollout/           |          |
|    ep_len_mean     | 413      |
|    ep_rew_mean     | -10.1    |
| time/              |          |
|    fps             | 1980     |
|    iterations      | 59       |
|    time_elapsed    | 244      |
|    total_timesteps | 483328   |
---------------------------------
------------------------------------------
| rollout/                |              |
|    ep_len_mean          | 419          |
|    ep_rew_mean          | -9.72        |
| time/                   |              |
|    fps                  | 1987         |
|    iterations           | 60           |
|    time_elapsed         | 247          |
|    total_timesteps      | 491520       |
| train/                  |              |
|    approx_kl            | 0.0063426113 |
|    clip_fraction        | 0.0232       |
|    clip_range           | 0.2          |
|    entropy_loss         | -1.33        |
|    explained_variance   | 0.995        |
|    learning_rate        | 0.0001       |
|    loss                 | 0.0251       |
|    n_updates            | 590          |
|    policy_gradient_loss | -0.00245     |
|    value_loss           | 0.0995       |
------------------------------------------
-----------------------------------------
| rollout/                |             |
|    ep_len_mean          | 421         |
|    ep_rew_mean          | -9.29       |
| time/                   |             |
|    fps                  | 1995        |
|    iterations           | 61          |
|    time_elapsed         | 250         |
|    total_timesteps      | 499712      |
| train/                  |             |
|    approx_kl            | 0.008363824 |
|    clip_fraction        | 0.0329      |
|    clip_range           | 0.2         |
|    entropy_loss         | -1.32       |
|    explained_variance   | 0.996       |
|    learning_rate        | 0.0001      |
|    loss                 | 0.0379      |
|    n_updates            | 600         |
|    policy_gradient_loss | -0.0021     |
|    value_loss           | 0.0995      |
-----------------------------------------
Eval num_timesteps=500000, episode_reward=-22.85 +/- 0.23
Episode length: 415.20 +/- 45.87
-----------------------------------------
| eval/                   |             |
|    mean_ep_length       | 415         |
|    mean_reward          | -22.9       |
| time/                   |             |
|    total_timesteps      | 500000      |
| train/                  |             |
|    approx_kl            | 0.009313241 |
|    clip_fraction        | 0.03        |
|    clip_range           | 0.2         |
|    entropy_loss         | -1.35       |
|    explained_variance   | 0.996       |
|    learning_rate        | 0.0001      |
|    loss                 | 0.016       |
|    n_updates            | 610         |
|    policy_gradient_loss | -0.00212    |
|    value_loss           | 0.0807      |
-----------------------------------------
---------------------------------
| rollout/           |          |
|    ep_len_mean     | 431      |
|    ep_rew_mean     | -8.68    |
| time/              |          |
|    fps             | 1982     |
|    iterations      | 62       |
|    time_elapsed    | 256      |
|    total_timesteps | 507904   |
---------------------------------
-----------------------------------------
| rollout/                |             |
|    ep_len_mean          | 437         |
|    ep_rew_mean          | -8.12       |
| time/                   |             |
|    fps                  | 1988        |
|    iterations           | 63          |
|    time_elapsed         | 259         |
|    total_timesteps      | 516096      |
| train/                  |             |
|    approx_kl            | 0.003633398 |
|    clip_fraction        | 0.0125      |
|    clip_range           | 0.2         |
|    entropy_loss         | -1.38       |
|    explained_variance   | 0.994       |
|    learning_rate        | 0.0001      |
|    loss                 | 0.0468      |
|    n_updates            | 620         |
|    policy_gradient_loss | -0.00109    |
|    value_loss           | 0.127       |
-----------------------------------------
Eval num_timesteps=520000, episode_reward=-22.75 +/- 0.25
Episode length: 471.20 +/- 21.00
------------------------------------------
| eval/                   |              |
|    mean_ep_length       | 471          |
|    mean_reward          | -22.8        |
| time/                   |              |
|    total_timesteps      | 520000       |
| train/                  |              |
|    approx_kl            | 0.0036652784 |
|    clip_fraction        | 0.00414      |
|    clip_range           | 0.2          |
|    entropy_loss         | -1.37        |
|    explained_variance   | 0.98         |
|    learning_rate        | 0.0001       |
|    loss                 | 0.0635       |
|    n_updates            | 630          |
|    policy_gradient_loss | -0.00147     |
|    value_loss           | 0.233        |
------------------------------------------
---------------------------------
| rollout/           |          |
|    ep_len_mean     | 437      |
|    ep_rew_mean     | -7.71    |
| time/              |          |
|    fps             | 1971     |
|    iterations      | 64       |
|    time_elapsed    | 265      |
|    total_timesteps | 524288   |
---------------------------------
-----------------------------------------
| rollout/                |             |
|    ep_len_mean          | 448         |
|    ep_rew_mean          | -6.94       |
| time/                   |             |
|    fps                  | 1978        |
|    iterations           | 65          |
|    time_elapsed         | 269         |
|    total_timesteps      | 532480      |
| train/                  |             |
|    approx_kl            | 0.008283023 |
|    clip_fraction        | 0.097       |
|    clip_range           | 0.2         |
|    entropy_loss         | -1.37       |
|    explained_variance   | 0.993       |
|    learning_rate        | 0.0001      |
|    loss                 | 0.0602      |
|    n_updates            | 640         |
|    policy_gradient_loss | -0.00808    |
|    value_loss           | 0.133       |
-----------------------------------------
Eval num_timesteps=540000, episode_reward=-22.90 +/- 0.20
Episode length: 451.70 +/- 34.37
-----------------------------------------
| eval/                   |             |
|    mean_ep_length       | 452         |
|    mean_reward          | -22.9       |
| time/                   |             |
|    total_timesteps      | 540000      |
| train/                  |             |
|    approx_kl            | 0.007056282 |
|    clip_fraction        | 0.0845      |
|    clip_range           | 0.2         |
|    entropy_loss         | -1.36       |
|    explained_variance   | 0.995       |
|    learning_rate        | 0.0001      |
|    loss                 | 0.0357      |
|    n_updates            | 650         |
|    policy_gradient_loss | -0.00455    |
|    value_loss           | 0.114       |
-----------------------------------------
---------------------------------
| rollout/           |          |
|    ep_len_mean     | 454      |
|    ep_rew_mean     | -6.56    |
| time/              |          |
|    fps             | 1964     |
|    iterations      | 66       |
|    time_elapsed    | 275      |
|    total_timesteps | 540672   |
---------------------------------
-----------------------------------------
| rollout/                |             |
|    ep_len_mean          | 451         |
|    ep_rew_mean          | -6.58       |
| time/                   |             |
|    fps                  | 1970        |
|    iterations           | 67          |
|    time_elapsed         | 278         |
|    total_timesteps      | 548864      |
| train/                  |             |
|    approx_kl            | 0.008259097 |
|    clip_fraction        | 0.028       |
|    clip_range           | 0.2         |
|    entropy_loss         | -1.27       |
|    explained_variance   | 0.996       |
|    learning_rate        | 0.0001      |
|    loss                 | 0.0283      |
|    n_updates            | 660         |
|    policy_gradient_loss | -0.00221    |
|    value_loss           | 0.0942      |
-----------------------------------------
-----------------------------------------
| rollout/                |             |
|    ep_len_mean          | 439         |
|    ep_rew_mean          | -7.17       |
| time/                   |             |
|    fps                  | 1975        |
|    iterations           | 68          |
|    time_elapsed         | 282         |
|    total_timesteps      | 557056      |
| train/                  |             |
|    approx_kl            | 0.012082864 |
|    clip_fraction        | 0.0281      |
|    clip_range           | 0.2         |
|    entropy_loss         | -1.3        |
|    explained_variance   | 0.996       |
|    learning_rate        | 0.0001      |
|    loss                 | 0.0439      |
|    n_updates            | 670         |
|    policy_gradient_loss | -0.00318    |
|    value_loss           | 0.0955      |
-----------------------------------------
Eval num_timesteps=560000, episode_reward=-22.70 +/- 0.33
Episode length: 507.30 +/- 119.58
-----------------------------------------
| eval/                   |             |
|    mean_ep_length       | 507         |
|    mean_reward          | -22.7       |
| time/                   |             |
|    total_timesteps      | 560000      |
| train/                  |             |
|    approx_kl            | 0.010061208 |
|    clip_fraction        | 0.0194      |
|    clip_range           | 0.2         |
|    entropy_loss         | -1.31       |
|    explained_variance   | 0.996       |
|    learning_rate        | 0.0001      |
|    loss                 | 0.0434      |
|    n_updates            | 680         |
|    policy_gradient_loss | -0.00201    |
|    value_loss           | 0.0868      |
-----------------------------------------
---------------------------------
| rollout/           |          |
|    ep_len_mean     | 435      |
|    ep_rew_mean     | -7.56    |
| time/              |          |
|    fps             | 1956     |
|    iterations      | 69       |
|    time_elapsed    | 288      |
|    total_timesteps | 565248   |
---------------------------------
-----------------------------------------
| rollout/                |             |
|    ep_len_mean          | 433         |
|    ep_rew_mean          | -7.78       |
| time/                   |             |
|    fps                  | 1960        |
|    iterations           | 70          |
|    time_elapsed         | 292         |
|    total_timesteps      | 573440      |
| train/                  |             |
|    approx_kl            | 0.008302153 |
|    clip_fraction        | 0.0461      |
|    clip_range           | 0.2         |
|    entropy_loss         | -1.36       |
|    explained_variance   | 0.996       |
|    learning_rate        | 0.0001      |
|    loss                 | 0.0578      |
|    n_updates            | 690         |
|    policy_gradient_loss | -0.00358    |
|    value_loss           | 0.105       |
-----------------------------------------
Eval num_timesteps=580000, episode_reward=-22.75 +/- 0.25
Episode length: 445.00 +/- 38.61
-----------------------------------------
| eval/                   |             |
|    mean_ep_length       | 445         |
|    mean_reward          | -22.8       |
| time/                   |             |
|    total_timesteps      | 580000      |
| train/                  |             |
|    approx_kl            | 0.005731717 |
|    clip_fraction        | 0.0411      |
|    clip_range           | 0.2         |
|    entropy_loss         | -1.36       |
|    explained_variance   | 0.996       |
|    learning_rate        | 0.0001      |
|    loss                 | 0.0343      |
|    n_updates            | 700         |
|    policy_gradient_loss | -0.00229    |
|    value_loss           | 0.0917      |
-----------------------------------------
---------------------------------
| rollout/           |          |
|    ep_len_mean     | 438      |
|    ep_rew_mean     | -7.51    |
| time/              |          |
|    fps             | 1944     |
|    iterations      | 71       |
|    time_elapsed    | 299      |
|    total_timesteps | 581632   |
---------------------------------
------------------------------------------
| rollout/                |              |
|    ep_len_mean          | 458          |
|    ep_rew_mean          | -6.36        |
| time/                   |              |
|    fps                  | 1949         |
|    iterations           | 72           |
|    time_elapsed         | 302          |
|    total_timesteps      | 589824       |
| train/                  |              |
|    approx_kl            | 0.0047954125 |
|    clip_fraction        | 0.00619      |
|    clip_range           | 0.2          |
|    entropy_loss         | -1.35        |
|    explained_variance   | 0.997        |
|    learning_rate        | 0.0001       |
|    loss                 | 0.0459       |
|    n_updates            | 710          |
|    policy_gradient_loss | -0.000759    |
|    value_loss           | 0.0871       |
------------------------------------------
-----------------------------------------
| rollout/                |             |
|    ep_len_mean          | 482         |
|    ep_rew_mean          | -5.02       |
| time/                   |             |
|    fps                  | 1954        |
|    iterations           | 73          |
|    time_elapsed         | 305         |
|    total_timesteps      | 598016      |
| train/                  |             |
|    approx_kl            | 0.010683556 |
|    clip_fraction        | 0.0423      |
|    clip_range           | 0.2         |
|    entropy_loss         | -1.38       |
|    explained_variance   | 0.997       |
|    learning_rate        | 0.0001      |
|    loss                 | 0.0313      |
|    n_updates            | 720         |
|    policy_gradient_loss | -0.00336    |
|    value_loss           | 0.0884      |
-----------------------------------------
Eval num_timesteps=600000, episode_reward=-22.80 +/- 0.40
Episode length: 443.10 +/- 22.53
------------------------------------------
| eval/                   |              |
|    mean_ep_length       | 443          |
|    mean_reward          | -22.8        |
| time/                   |              |
|    total_timesteps      | 600000       |
| train/                  |              |
|    approx_kl            | 0.0065628868 |
|    clip_fraction        | 0.0231       |
|    clip_range           | 0.2          |
|    entropy_loss         | -1.35        |
|    explained_variance   | 0.997        |
|    learning_rate        | 0.0001       |
|    loss                 | 0.0385       |
|    n_updates            | 730          |
|    policy_gradient_loss | -0.00134     |
|    value_loss           | 0.0714       |
------------------------------------------
---------------------------------
| rollout/           |          |
|    ep_len_mean     | 501      |
|    ep_rew_mean     | -3.77    |
| time/              |          |
|    fps             | 1940     |
|    iterations      | 74       |
|    time_elapsed    | 312      |
|    total_timesteps | 606208   |
---------------------------------
-----------------------------------------
| rollout/                |             |
|    ep_len_mean          | 524         |
|    ep_rew_mean          | -2.34       |
| time/                   |             |
|    fps                  | 1947        |
|    iterations           | 75          |
|    time_elapsed         | 315         |
|    total_timesteps      | 614400      |
| train/                  |             |
|    approx_kl            | 0.009515868 |
|    clip_fraction        | 0.0597      |
|    clip_range           | 0.2         |
|    entropy_loss         | -1.35       |
|    explained_variance   | 0.996       |
|    learning_rate        | 0.0001      |
|    loss                 | 0.033       |
|    n_updates            | 740         |
|    policy_gradient_loss | -0.00406    |
|    value_loss           | 0.086       |
-----------------------------------------
Eval num_timesteps=620000, episode_reward=-22.75 +/- 0.46
Episode length: 586.40 +/- 22.40
-----------------------------------------
| eval/                   |             |
|    mean_ep_length       | 586         |
|    mean_reward          | -22.8       |
| time/                   |             |
|    total_timesteps      | 620000      |
| train/                  |             |
|    approx_kl            | 0.004771552 |
|    clip_fraction        | 0.00552     |
|    clip_range           | 0.2         |
|    entropy_loss         | -1.29       |
|    explained_variance   | 0.997       |
|    learning_rate        | 0.0001      |
|    loss                 | 0.0369      |
|    n_updates            | 750         |
|    policy_gradient_loss | -0.00186    |
|    value_loss           | 0.0791      |
-----------------------------------------
---------------------------------
| rollout/           |          |
|    ep_len_mean     | 535      |
|    ep_rew_mean     | -1.43    |
| time/              |          |
|    fps             | 1929     |
|    iterations      | 76       |
|    time_elapsed    | 322      |
|    total_timesteps | 622592   |
---------------------------------
-----------------------------------------
| rollout/                |             |
|    ep_len_mean          | 539         |
|    ep_rew_mean          | -0.91       |
| time/                   |             |
|    fps                  | 1935        |
|    iterations           | 77          |
|    time_elapsed         | 325         |
|    total_timesteps      | 630784      |
| train/                  |             |
|    approx_kl            | 0.008665087 |
|    clip_fraction        | 0.027       |
|    clip_range           | 0.2         |
|    entropy_loss         | -1.24       |
|    explained_variance   | 0.998       |
|    learning_rate        | 0.0001      |
|    loss                 | 0.0294      |
|    n_updates            | 760         |
|    policy_gradient_loss | -0.00289    |
|    value_loss           | 0.0632      |
-----------------------------------------
-----------------------------------------
| rollout/                |             |
|    ep_len_mean          | 552         |
|    ep_rew_mean          | -0.0955     |
| time/                   |             |
|    fps                  | 1940        |
|    iterations           | 78          |
|    time_elapsed         | 329         |
|    total_timesteps      | 638976      |
| train/                  |             |
|    approx_kl            | 0.006855779 |
|    clip_fraction        | 0.0436      |
|    clip_range           | 0.2         |
|    entropy_loss         | -1.23       |
|    explained_variance   | 0.998       |
|    learning_rate        | 0.0001      |
|    loss                 | 0.0265      |
|    n_updates            | 770         |
|    policy_gradient_loss | -0.00183    |
|    value_loss           | 0.0652      |
-----------------------------------------
Eval num_timesteps=640000, episode_reward=-23.35 +/- 0.45
Episode length: 608.20 +/- 20.66
------------------------------------------
| eval/                   |              |
|    mean_ep_length       | 608          |
|    mean_reward          | -23.4        |
| time/                   |              |
|    total_timesteps      | 640000       |
| train/                  |              |
|    approx_kl            | 0.0063608787 |
|    clip_fraction        | 0.0223       |
|    clip_range           | 0.2          |
|    entropy_loss         | -1.2         |
|    explained_variance   | 0.998        |
|    learning_rate        | 0.0001       |
|    loss                 | 0.00526      |
|    n_updates            | 780          |
|    policy_gradient_loss | -0.0021      |
|    value_loss           | 0.0614       |
------------------------------------------
---------------------------------
| rollout/           |          |
|    ep_len_mean     | 555      |
|    ep_rew_mean     | 0.0909   |
| time/              |          |
|    fps             | 1921     |
|    iterations      | 79       |
|    time_elapsed    | 336      |
|    total_timesteps | 647168   |
---------------------------------
------------------------------------------
| rollout/                |              |
|    ep_len_mean          | 557          |
|    ep_rew_mean          | 0.299        |
| time/                   |              |
|    fps                  | 1926         |
|    iterations           | 80           |
|    time_elapsed         | 340          |
|    total_timesteps      | 655360       |
| train/                  |              |
|    approx_kl            | 0.0043650167 |
|    clip_fraction        | 0.023        |
|    clip_range           | 0.2          |
|    entropy_loss         | -1.19        |
|    explained_variance   | 0.998        |
|    learning_rate        | 0.0001       |
|    loss                 | 0.0185       |
|    n_updates            | 790          |
|    policy_gradient_loss | -0.00143     |
|    value_loss           | 0.0468       |
------------------------------------------
Eval num_timesteps=660000, episode_reward=-23.45 +/- 0.15
Episode length: 612.50 +/- 25.19
------------------------------------------
| eval/                   |              |
|    mean_ep_length       | 612          |
|    mean_reward          | -23.4        |
| time/                   |              |
|    total_timesteps      | 660000       |
| train/                  |              |
|    approx_kl            | 0.0033541282 |
|    clip_fraction        | 0.0108       |
|    clip_range           | 0.2          |
|    entropy_loss         | -1.2         |
|    explained_variance   | 0.998        |
|    learning_rate        | 0.0001       |
|    loss                 | 0.00877      |
|    n_updates            | 800          |
|    policy_gradient_loss | -0.0021      |
|    value_loss           | 0.0437       |
------------------------------------------
---------------------------------
| rollout/           |          |
|    ep_len_mean     | 564      |
|    ep_rew_mean     | 0.82     |
| time/              |          |
|    fps             | 1909     |
|    iterations      | 81       |
|    time_elapsed    | 347      |
|    total_timesteps | 663552   |
---------------------------------
-----------------------------------------
| rollout/                |             |
|    ep_len_mean          | 570         |
|    ep_rew_mean          | 1.28        |
| time/                   |             |
|    fps                  | 1915        |
|    iterations           | 82          |
|    time_elapsed         | 350         |
|    total_timesteps      | 671744      |
| train/                  |             |
|    approx_kl            | 0.004855397 |
|    clip_fraction        | 0.0139      |
|    clip_range           | 0.2         |
|    entropy_loss         | -1.23       |
|    explained_variance   | 0.998       |
|    learning_rate        | 0.0001      |
|    loss                 | 0.025       |
|    n_updates            | 810         |
|    policy_gradient_loss | -0.00101    |
|    value_loss           | 0.0581      |
-----------------------------------------
------------------------------------------
| rollout/                |              |
|    ep_len_mean          | 579          |
|    ep_rew_mean          | 1.83         |
| time/                   |              |
|    fps                  | 1920         |
|    iterations           | 83           |
|    time_elapsed         | 353          |
|    total_timesteps      | 679936       |
| train/                  |              |
|    approx_kl            | 0.0063765855 |
|    clip_fraction        | 0.0216       |
|    clip_range           | 0.2          |
|    entropy_loss         | -1.23        |
|    explained_variance   | 0.998        |
|    learning_rate        | 0.0001       |
|    loss                 | 0.0241       |
|    n_updates            | 820          |
|    policy_gradient_loss | -0.00139     |
|    value_loss           | 0.0532       |
------------------------------------------
Eval num_timesteps=680000, episode_reward=-23.30 +/- 0.33
Episode length: 599.20 +/- 18.09
-----------------------------------------
| eval/                   |             |
|    mean_ep_length       | 599         |
|    mean_reward          | -23.3       |
| time/                   |             |
|    total_timesteps      | 680000      |
| train/                  |             |
|    approx_kl            | 0.005883617 |
|    clip_fraction        | 0.0302      |
|    clip_range           | 0.2         |
|    entropy_loss         | -1.21       |
|    explained_variance   | 0.998       |
|    learning_rate        | 0.0001      |
|    loss                 | 0.0194      |
|    n_updates            | 830         |
|    policy_gradient_loss | -0.00193    |
|    value_loss           | 0.0473      |
-----------------------------------------
---------------------------------
| rollout/           |          |
|    ep_len_mean     | 590      |
|    ep_rew_mean     | 2.47     |
| time/              |          |
|    fps             | 1904     |
|    iterations      | 84       |
|    time_elapsed    | 361      |
|    total_timesteps | 688128   |
---------------------------------
-----------------------------------------
| rollout/                |             |
|    ep_len_mean          | 599         |
|    ep_rew_mean          | 3.03        |
| time/                   |             |
|    fps                  | 1909        |
|    iterations           | 85          |
|    time_elapsed         | 364         |
|    total_timesteps      | 696320      |
| train/                  |             |
|    approx_kl            | 0.004084922 |
|    clip_fraction        | 0.00352     |
|    clip_range           | 0.2         |
|    entropy_loss         | -1.19       |
|    explained_variance   | 0.998       |
|    learning_rate        | 0.0001      |
|    loss                 | 0.0314      |
|    n_updates            | 840         |
|    policy_gradient_loss | -0.000604   |
|    value_loss           | 0.0555      |
-----------------------------------------
Eval num_timesteps=700000, episode_reward=-23.25 +/- 0.40
Episode length: 608.90 +/- 30.84
------------------------------------------
| eval/                   |              |
|    mean_ep_length       | 609          |
|    mean_reward          | -23.2        |
| time/                   |              |
|    total_timesteps      | 700000       |
| train/                  |              |
|    approx_kl            | 0.0075075235 |
|    clip_fraction        | 0.0328       |
|    clip_range           | 0.2          |
|    entropy_loss         | -1.2         |
|    explained_variance   | 0.998        |
|    learning_rate        | 0.0001       |
|    loss                 | 0.0159       |
|    n_updates            | 850          |
|    policy_gradient_loss | -0.00169     |
|    value_loss           | 0.0422       |
------------------------------------------
---------------------------------
| rollout/           |          |
|    ep_len_mean     | 601      |
|    ep_rew_mean     | 3.26     |
| time/              |          |
|    fps             | 1893     |
|    iterations      | 86       |
|    time_elapsed    | 372      |
|    total_timesteps | 704512   |
---------------------------------
-----------------------------------------
| rollout/                |             |
|    ep_len_mean          | 605         |
|    ep_rew_mean          | 3.6         |
| time/                   |             |
|    fps                  | 1898        |
|    iterations           | 87          |
|    time_elapsed         | 375         |
|    total_timesteps      | 712704      |
| train/                  |             |
|    approx_kl            | 0.008625925 |
|    clip_fraction        | 0.0372      |
|    clip_range           | 0.2         |
|    entropy_loss         | -1.22       |
|    explained_variance   | 0.998       |
|    learning_rate        | 0.0001      |
|    loss                 | 0.00563     |
|    n_updates            | 860         |
|    policy_gradient_loss | -0.00251    |
|    value_loss           | 0.0448      |
-----------------------------------------
Eval num_timesteps=720000, episode_reward=-22.95 +/- 0.15
Episode length: 610.40 +/- 17.93
-----------------------------------------
| eval/                   |             |
|    mean_ep_length       | 610         |
|    mean_reward          | -22.9       |
| time/                   |             |
|    total_timesteps      | 720000      |
| train/                  |             |
|    approx_kl            | 0.009057786 |
|    clip_fraction        | 0.00914     |
|    clip_range           | 0.2         |
|    entropy_loss         | -1.23       |
|    explained_variance   | 0.999       |
|    learning_rate        | 0.0001      |
|    loss                 | 0.00325     |
|    n_updates            | 870         |
|    policy_gradient_loss | -0.00145    |
|    value_loss           | 0.0429      |
-----------------------------------------
---------------------------------
| rollout/           |          |
|    ep_len_mean     | 597      |
|    ep_rew_mean     | 3.19     |
| time/              |          |
|    fps             | 1884     |
|    iterations      | 88       |
|    time_elapsed    | 382      |
|    total_timesteps | 720896   |
---------------------------------
-----------------------------------------
| rollout/                |             |
|    ep_len_mean          | 595         |
|    ep_rew_mean          | 3.07        |
| time/                   |             |
|    fps                  | 1890        |
|    iterations           | 89          |
|    time_elapsed         | 385         |
|    total_timesteps      | 729088      |
| train/                  |             |
|    approx_kl            | 0.008462951 |
|    clip_fraction        | 0.0406      |
|    clip_range           | 0.2         |
|    entropy_loss         | -1.24       |
|    explained_variance   | 0.998       |
|    learning_rate        | 0.0001      |
|    loss                 | 0.016       |
|    n_updates            | 880         |
|    policy_gradient_loss | -0.00169    |
|    value_loss           | 0.0479      |
-----------------------------------------
-----------------------------------------
| rollout/                |             |
|    ep_len_mean          | 597         |
|    ep_rew_mean          | 3.18        |
| time/                   |             |
|    fps                  | 1895        |
|    iterations           | 90          |
|    time_elapsed         | 388         |
|    total_timesteps      | 737280      |
| train/                  |             |
|    approx_kl            | 0.005185961 |
|    clip_fraction        | 0.0371      |
|    clip_range           | 0.2         |
|    entropy_loss         | -1.25       |
|    explained_variance   | 0.998       |
|    learning_rate        | 0.0001      |
|    loss                 | 0.0183      |
|    n_updates            | 890         |
|    policy_gradient_loss | -0.00212    |
|    value_loss           | 0.0429      |
-----------------------------------------
Eval num_timesteps=740000, episode_reward=-23.00 +/- 0.22
Episode length: 586.20 +/- 22.80
-----------------------------------------
| eval/                   |             |
|    mean_ep_length       | 586         |
|    mean_reward          | -23         |
| time/                   |             |
|    total_timesteps      | 740000      |
| train/                  |             |
|    approx_kl            | 0.007458458 |
|    clip_fraction        | 0.00984     |
|    clip_range           | 0.2         |
|    entropy_loss         | -1.24       |
|    explained_variance   | 0.998       |
|    learning_rate        | 0.0001      |
|    loss                 | 0.0153      |
|    n_updates            | 900         |
|    policy_gradient_loss | -0.00225    |
|    value_loss           | 0.0467      |
-----------------------------------------
---------------------------------
| rollout/           |          |
|    ep_len_mean     | 594      |
|    ep_rew_mean     | 3.02     |
| time/              |          |
|    fps             | 1881     |
|    iterations      | 91       |
|    time_elapsed    | 396      |
|    total_timesteps | 745472   |
---------------------------------
-----------------------------------------
| rollout/                |             |
|    ep_len_mean          | 595         |
|    ep_rew_mean          | 2.99        |
| time/                   |             |
|    fps                  | 1887        |
|    iterations           | 92          |
|    time_elapsed         | 399         |
|    total_timesteps      | 753664      |
| train/                  |             |
|    approx_kl            | 0.005748996 |
|    clip_fraction        | 0.0261      |
|    clip_range           | 0.2         |
|    entropy_loss         | -1.24       |
|    explained_variance   | 0.998       |
|    learning_rate        | 0.0001      |
|    loss                 | 0.0125      |
|    n_updates            | 910         |
|    policy_gradient_loss | -0.00112    |
|    value_loss           | 0.0455      |
-----------------------------------------
Eval num_timesteps=760000, episode_reward=-23.05 +/- 0.27
Episode length: 586.00 +/- 19.54
-----------------------------------------
| eval/                   |             |
|    mean_ep_length       | 586         |
|    mean_reward          | -23.1       |
| time/                   |             |
|    total_timesteps      | 760000      |
| train/                  |             |
|    approx_kl            | 0.006958374 |
|    clip_fraction        | 0.054       |
|    clip_range           | 0.2         |
|    entropy_loss         | -1.23       |
|    explained_variance   | 0.998       |
|    learning_rate        | 0.0001      |
|    loss                 | 0.0248      |
|    n_updates            | 920         |
|    policy_gradient_loss | -0.00289    |
|    value_loss           | 0.0432      |
-----------------------------------------
---------------------------------
| rollout/           |          |
|    ep_len_mean     | 596      |
|    ep_rew_mean     | 3.02     |
| time/              |          |
|    fps             | 1871     |
|    iterations      | 93       |
|    time_elapsed    | 406      |
|    total_timesteps | 761856   |
---------------------------------
------------------------------------------
| rollout/                |              |
|    ep_len_mean          | 595          |
|    ep_rew_mean          | 2.93         |
| time/                   |              |
|    fps                  | 1875         |
|    iterations           | 94           |
|    time_elapsed         | 410          |
|    total_timesteps      | 770048       |
| train/                  |              |
|    approx_kl            | 0.0052994494 |
|    clip_fraction        | 0.0113       |
|    clip_range           | 0.2          |
|    entropy_loss         | -1.24        |
|    explained_variance   | 0.999        |
|    learning_rate        | 0.0001       |
|    loss                 | 0.000871     |
|    n_updates            | 930          |
|    policy_gradient_loss | -0.000991    |
|    value_loss           | 0.0422       |
------------------------------------------
------------------------------------------
| rollout/                |              |
|    ep_len_mean          | 596          |
|    ep_rew_mean          | 2.99         |
| time/                   |              |
|    fps                  | 1878         |
|    iterations           | 95           |
|    time_elapsed         | 414          |
|    total_timesteps      | 778240       |
| train/                  |              |
|    approx_kl            | 0.0054312693 |
|    clip_fraction        | 0.0362       |
|    clip_range           | 0.2          |
|    entropy_loss         | -1.26        |
|    explained_variance   | 0.998        |
|    learning_rate        | 0.0001       |
|    loss                 | 0.0202       |
|    n_updates            | 940          |
|    policy_gradient_loss | -0.00376     |
|    value_loss           | 0.0447       |
------------------------------------------
Eval num_timesteps=780000, episode_reward=-22.95 +/- 0.27
Episode length: 560.90 +/- 18.84
-----------------------------------------
| eval/                   |             |
|    mean_ep_length       | 561         |
|    mean_reward          | -22.9       |
| time/                   |             |
|    total_timesteps      | 780000      |
| train/                  |             |
|    approx_kl            | 0.007889741 |
|    clip_fraction        | 0.0252      |
|    clip_range           | 0.2         |
|    entropy_loss         | -1.24       |
|    explained_variance   | 0.998       |
|    learning_rate        | 0.0001      |
|    loss                 | 0.0304      |
|    n_updates            | 950         |
|    policy_gradient_loss | -0.00335    |
|    value_loss           | 0.0427      |
-----------------------------------------
---------------------------------
| rollout/           |          |
|    ep_len_mean     | 601      |
|    ep_rew_mean     | 3.26     |
| time/              |          |
|    fps             | 1866     |
|    iterations      | 96       |
|    time_elapsed    | 421      |
|    total_timesteps | 786432   |
---------------------------------
------------------------------------------
| rollout/                |              |
|    ep_len_mean          | 604          |
|    ep_rew_mean          | 3.46         |
| time/                   |              |
|    fps                  | 1871         |
|    iterations           | 97           |
|    time_elapsed         | 424          |
|    total_timesteps      | 794624       |
| train/                  |              |
|    approx_kl            | 0.0036449202 |
|    clip_fraction        | 0.00732      |
|    clip_range           | 0.2          |
|    entropy_loss         | -1.26        |
|    explained_variance   | 0.999        |
|    learning_rate        | 0.0001       |
|    loss                 | 0.0213       |
|    n_updates            | 960          |
|    policy_gradient_loss | -0.000977    |
|    value_loss           | 0.0452       |
------------------------------------------
Eval num_timesteps=800000, episode_reward=-22.90 +/- 0.30
Episode length: 576.30 +/- 24.89
-----------------------------------------
| eval/                   |             |
|    mean_ep_length       | 576         |
|    mean_reward          | -22.9       |
| time/                   |             |
|    total_timesteps      | 800000      |
| train/                  |             |
|    approx_kl            | 0.007843316 |
|    clip_fraction        | 0.0609      |
|    clip_range           | 0.2         |
|    entropy_loss         | -1.3        |
|    explained_variance   | 0.999       |
|    learning_rate        | 0.0001      |
|    loss                 | 0.0191      |
|    n_updates            | 970         |
|    policy_gradient_loss | -0.00157    |
|    value_loss           | 0.0431      |
-----------------------------------------
---------------------------------
| rollout/           |          |
|    ep_len_mean     | 604      |
|    ep_rew_mean     | 3.46     |
| time/              |          |
|    fps             | 1860     |
|    iterations      | 98       |
|    time_elapsed    | 431      |
|    total_timesteps | 802816   |
---------------------------------
    -> lr_low: -21.93 +/- 0.36 (7.2 min)

=== [lr_high] axis=learning_rate lr=0.001 net_arch=(64, 64) ent_coef=0.005 ===
Using cpu device
---------------------------------
| rollout/           |          |
|    ep_len_mean     | 243      |
|    ep_rew_mean     | -16.9    |
| time/              |          |
|    fps             | 4068     |
|    iterations      | 1        |
|    time_elapsed    | 2        |
|    total_timesteps | 8192     |
---------------------------------
------------------------------------------
| rollout/                |              |
|    ep_len_mean          | 241          |
|    ep_rew_mean          | -16.8        |
| time/                   |              |
|    fps                  | 2851         |
|    iterations           | 2            |
|    time_elapsed         | 5            |
|    total_timesteps      | 16384        |
| train/                  |              |
|    approx_kl            | 0.0087383725 |
|    clip_fraction        | 0.104        |
|    clip_range           | 0.2          |
|    entropy_loss         | -1.78        |
|    explained_variance   | 0.0417       |
|    learning_rate        | 0.001        |
|    loss                 | 0.392        |
|    n_updates            | 10           |
|    policy_gradient_loss | -0.0042      |
|    value_loss           | 1.71         |
------------------------------------------
Eval num_timesteps=20000, episode_reward=-22.30 +/- 0.24
Episode length: 362.10 +/- 23.70
-----------------------------------------
| eval/                   |             |
|    mean_ep_length       | 362         |
|    mean_reward          | -22.3       |
| time/                   |             |
|    total_timesteps      | 20000       |
| train/                  |             |
|    approx_kl            | 0.011604652 |
|    clip_fraction        | 0.0583      |
|    clip_range           | 0.2         |
|    entropy_loss         | -1.77       |
|    explained_variance   | 0.828       |
|    learning_rate        | 0.001       |
|    loss                 | 0.279       |
|    n_updates            | 20          |
|    policy_gradient_loss | -0.0032     |
|    value_loss           | 0.649       |
-----------------------------------------
New best mean reward!
---------------------------------
| rollout/           |          |
|    ep_len_mean     | 252      |
|    ep_rew_mean     | -16.7    |
| time/              |          |
|    fps             | 2094     |
|    iterations      | 3        |
|    time_elapsed    | 11       |
|    total_timesteps | 24576    |
---------------------------------
-----------------------------------------
| rollout/                |             |
|    ep_len_mean          | 272         |
|    ep_rew_mean          | -16.3       |
| time/                   |             |
|    fps                  | 2195        |
|    iterations           | 4           |
|    time_elapsed         | 14          |
|    total_timesteps      | 32768       |
| train/                  |             |
|    approx_kl            | 0.011240037 |
|    clip_fraction        | 0.0944      |
|    clip_range           | 0.2         |
|    entropy_loss         | -1.72       |
|    explained_variance   | 0.945       |
|    learning_rate        | 0.001       |
|    loss                 | 0.21        |
|    n_updates            | 30          |
|    policy_gradient_loss | -0.00499    |
|    value_loss           | 0.495       |
-----------------------------------------
Eval num_timesteps=40000, episode_reward=-22.40 +/- 0.20
Episode length: 358.40 +/- 19.00
----------------------------------------
| eval/                   |            |
|    mean_ep_length       | 358        |
|    mean_reward          | -22.4      |
| time/                   |            |
|    total_timesteps      | 40000      |
| train/                  |            |
|    approx_kl            | 0.00932728 |
|    clip_fraction        | 0.0991     |
|    clip_range           | 0.2        |
|    entropy_loss         | -1.68      |
|    explained_variance   | 0.962      |
|    learning_rate        | 0.001      |
|    loss                 | 0.335      |
|    n_updates            | 40         |
|    policy_gradient_loss | -0.00602   |
|    value_loss           | 0.46       |
----------------------------------------
---------------------------------
| rollout/           |          |
|    ep_len_mean     | 293      |
|    ep_rew_mean     | -15.8    |
| time/              |          |
|    fps             | 2003     |
|    iterations      | 5        |
|    time_elapsed    | 20       |
|    total_timesteps | 40960    |
---------------------------------
-----------------------------------------
| rollout/                |             |
|    ep_len_mean          | 321         |
|    ep_rew_mean          | -15         |
| time/                   |             |
|    fps                  | 2071        |
|    iterations           | 6           |
|    time_elapsed         | 23          |
|    total_timesteps      | 49152       |
| train/                  |             |
|    approx_kl            | 0.010011337 |
|    clip_fraction        | 0.0975      |
|    clip_range           | 0.2         |
|    entropy_loss         | -1.64       |
|    explained_variance   | 0.962       |
|    learning_rate        | 0.001       |
|    loss                 | 0.189       |
|    n_updates            | 50          |
|    policy_gradient_loss | -0.00619    |
|    value_loss           | 0.469       |
-----------------------------------------
----------------------------------------
| rollout/                |            |
|    ep_len_mean          | 342        |
|    ep_rew_mean          | -14        |
| time/                   |            |
|    fps                  | 2126       |
|    iterations           | 7          |
|    time_elapsed         | 26         |
|    total_timesteps      | 57344      |
| train/                  |            |
|    approx_kl            | 0.01474411 |
|    clip_fraction        | 0.16       |
|    clip_range           | 0.2        |
|    entropy_loss         | -1.59      |
|    explained_variance   | 0.975      |
|    learning_rate        | 0.001      |
|    loss                 | 0.126      |
|    n_updates            | 60         |
|    policy_gradient_loss | -0.00851   |
|    value_loss           | 0.262      |
----------------------------------------
Eval num_timesteps=60000, episode_reward=-22.40 +/- 0.20
Episode length: 357.00 +/- 30.94
-----------------------------------------
| eval/                   |             |
|    mean_ep_length       | 357         |
|    mean_reward          | -22.4       |
| time/                   |             |
|    total_timesteps      | 60000       |
| train/                  |             |
|    approx_kl            | 0.008729157 |
|    clip_fraction        | 0.0899      |
|    clip_range           | 0.2         |
|    entropy_loss         | -1.55       |
|    explained_variance   | 0.983       |
|    learning_rate        | 0.001       |
|    loss                 | 0.0824      |
|    n_updates            | 70          |
|    policy_gradient_loss | -0.00473    |
|    value_loss           | 0.21        |
-----------------------------------------
---------------------------------
| rollout/           |          |
|    ep_len_mean     | 355      |
|    ep_rew_mean     | -13      |
| time/              |          |
|    fps             | 2014     |
|    iterations      | 8        |
|    time_elapsed    | 32       |
|    total_timesteps | 65536    |
---------------------------------
-----------------------------------------
| rollout/                |             |
|    ep_len_mean          | 361         |
|    ep_rew_mean          | -12.2       |
| time/                   |             |
|    fps                  | 2056        |
|    iterations           | 9           |
|    time_elapsed         | 35          |
|    total_timesteps      | 73728       |
| train/                  |             |
|    approx_kl            | 0.007569303 |
|    clip_fraction        | 0.0466      |
|    clip_range           | 0.2         |
|    entropy_loss         | -1.56       |
|    explained_variance   | 0.987       |
|    learning_rate        | 0.001       |
|    loss                 | 0.0626      |
|    n_updates            | 80          |
|    policy_gradient_loss | -0.00235    |
|    value_loss           | 0.177       |
-----------------------------------------
Eval num_timesteps=80000, episode_reward=-22.25 +/- 0.34
Episode length: 364.00 +/- 24.52
-----------------------------------------
| eval/                   |             |
|    mean_ep_length       | 364         |
|    mean_reward          | -22.2       |
| time/                   |             |
|    total_timesteps      | 80000       |
| train/                  |             |
|    approx_kl            | 0.007123451 |
|    clip_fraction        | 0.0512      |
|    clip_range           | 0.2         |
|    entropy_loss         | -1.53       |
|    explained_variance   | 0.99        |
|    learning_rate        | 0.001       |
|    loss                 | 0.0516      |
|    n_updates            | 90          |
|    policy_gradient_loss | -0.00286    |
|    value_loss           | 0.162       |
-----------------------------------------
New best mean reward!
---------------------------------
| rollout/           |          |
|    ep_len_mean     | 366      |
|    ep_rew_mean     | -11.5    |
| time/              |          |
|    fps             | 1967     |
|    iterations      | 10       |
|    time_elapsed    | 41       |
|    total_timesteps | 81920    |
---------------------------------
-----------------------------------------
| rollout/                |             |
|    ep_len_mean          | 367         |
|    ep_rew_mean          | -11.4       |
| time/                   |             |
|    fps                  | 1984        |
|    iterations           | 11          |
|    time_elapsed         | 45          |
|    total_timesteps      | 90112       |
| train/                  |             |
|    approx_kl            | 0.005703138 |
|    clip_fraction        | 0.0356      |
|    clip_range           | 0.2         |
|    entropy_loss         | -1.51       |
|    explained_variance   | 0.99        |
|    learning_rate        | 0.001       |
|    loss                 | 0.102       |
|    n_updates            | 100         |
|    policy_gradient_loss | -0.00114    |
|    value_loss           | 0.2         |
-----------------------------------------
-----------------------------------------
| rollout/                |             |
|    ep_len_mean          | 366         |
|    ep_rew_mean          | -11.4       |
| time/                   |             |
|    fps                  | 2005        |
|    iterations           | 12          |
|    time_elapsed         | 49          |
|    total_timesteps      | 98304       |
| train/                  |             |
|    approx_kl            | 0.008541862 |
|    clip_fraction        | 0.0649      |
|    clip_range           | 0.2         |
|    entropy_loss         | -1.49       |
|    explained_variance   | 0.993       |
|    learning_rate        | 0.001       |
|    loss                 | 0.0676      |
|    n_updates            | 110         |
|    policy_gradient_loss | -0.00173    |
|    value_loss           | 0.137       |
-----------------------------------------
Eval num_timesteps=100000, episode_reward=-22.40 +/- 0.20
Episode length: 370.20 +/- 24.12
-----------------------------------------
| eval/                   |             |
|    mean_ep_length       | 370         |
|    mean_reward          | -22.4       |
| time/                   |             |
|    total_timesteps      | 100000      |
| train/                  |             |
|    approx_kl            | 0.008115761 |
|    clip_fraction        | 0.0761      |
|    clip_range           | 0.2         |
|    entropy_loss         | -1.44       |
|    explained_variance   | 0.994       |
|    learning_rate        | 0.001       |
|    loss                 | 0.0476      |
|    n_updates            | 120         |
|    policy_gradient_loss | -0.00373    |
|    value_loss           | 0.127       |
-----------------------------------------
---------------------------------
| rollout/           |          |
|    ep_len_mean     | 368      |
|    ep_rew_mean     | -11.3    |
| time/              |          |
|    fps             | 1935     |
|    iterations      | 13       |
|    time_elapsed    | 55       |
|    total_timesteps | 106496   |
---------------------------------
------------------------------------------
| rollout/                |              |
|    ep_len_mean          | 365          |
|    ep_rew_mean          | -11.4        |
| time/                   |              |
|    fps                  | 1973         |
|    iterations           | 14           |
|    time_elapsed         | 58           |
|    total_timesteps      | 114688       |
| train/                  |              |
|    approx_kl            | 0.0056511806 |
|    clip_fraction        | 0.0403       |
|    clip_range           | 0.2          |
|    entropy_loss         | -1.39        |
|    explained_variance   | 0.993        |
|    learning_rate        | 0.001        |
|    loss                 | 0.0346       |
|    n_updates            | 130          |
|    policy_gradient_loss | -0.00176     |
|    value_loss           | 0.141        |
------------------------------------------
Eval num_timesteps=120000, episode_reward=-22.45 +/- 0.27
Episode length: 349.10 +/- 20.63
------------------------------------------
| eval/                   |              |
|    mean_ep_length       | 349          |
|    mean_reward          | -22.4        |
| time/                   |              |
|    total_timesteps      | 120000       |
| train/                  |              |
|    approx_kl            | 0.0045994166 |
|    clip_fraction        | 0.0566       |
|    clip_range           | 0.2          |
|    entropy_loss         | -1.34        |
|    explained_variance   | 0.994        |
|    learning_rate        | 0.001        |
|    loss                 | 0.0414       |
|    n_updates            | 140          |
|    policy_gradient_loss | -0.00144     |
|    value_loss           | 0.126        |
------------------------------------------
---------------------------------
| rollout/           |          |
|    ep_len_mean     | 363      |
|    ep_rew_mean     | -11.4    |
| time/              |          |
|    fps             | 1931     |
|    iterations      | 15       |
|    time_elapsed    | 63       |
|    total_timesteps | 122880   |
---------------------------------
------------------------------------------
| rollout/                |              |
|    ep_len_mean          | 359          |
|    ep_rew_mean          | -11.5        |
| time/                   |              |
|    fps                  | 1964         |
|    iterations           | 16           |
|    time_elapsed         | 66           |
|    total_timesteps      | 131072       |
| train/                  |              |
|    approx_kl            | 0.0065970137 |
|    clip_fraction        | 0.0398       |
|    clip_range           | 0.2          |
|    entropy_loss         | -1.36        |
|    explained_variance   | 0.994        |
|    learning_rate        | 0.001        |
|    loss                 | 0.0754       |
|    n_updates            | 150          |
|    policy_gradient_loss | -0.00188     |
|    value_loss           | 0.123        |
------------------------------------------
-----------------------------------------
| rollout/                |             |
|    ep_len_mean          | 357         |
|    ep_rew_mean          | -11.6       |
| time/                   |             |
|    fps                  | 1994        |
|    iterations           | 17          |
|    time_elapsed         | 69          |
|    total_timesteps      | 139264      |
| train/                  |             |
|    approx_kl            | 0.005650009 |
|    clip_fraction        | 0.0602      |
|    clip_range           | 0.2         |
|    entropy_loss         | -1.35       |
|    explained_variance   | 0.994       |
|    learning_rate        | 0.001       |
|    loss                 | 0.063       |
|    n_updates            | 160         |
|    policy_gradient_loss | -0.00259    |
|    value_loss           | 0.137       |
-----------------------------------------
Eval num_timesteps=140000, episode_reward=-22.45 +/- 0.27
Episode length: 353.50 +/- 28.21
-----------------------------------------
| eval/                   |             |
|    mean_ep_length       | 354         |
|    mean_reward          | -22.4       |
| time/                   |             |
|    total_timesteps      | 140000      |
| train/                  |             |
|    approx_kl            | 0.008460219 |
|    clip_fraction        | 0.0864      |
|    clip_range           | 0.2         |
|    entropy_loss         | -1.43       |
|    explained_variance   | 0.994       |
|    learning_rate        | 0.001       |
|    loss                 | 0.0419      |
|    n_updates            | 170         |
|    policy_gradient_loss | -0.00256    |
|    value_loss           | 0.128       |
-----------------------------------------
---------------------------------
| rollout/           |          |
|    ep_len_mean     | 359      |
|    ep_rew_mean     | -11.5    |
| time/              |          |
|    fps             | 1957     |
|    iterations      | 18       |
|    time_elapsed    | 75       |
|    total_timesteps | 147456   |
---------------------------------
------------------------------------------
| rollout/                |              |
|    ep_len_mean          | 359          |
|    ep_rew_mean          | -11.7        |
| time/                   |              |
|    fps                  | 1981         |
|    iterations           | 19           |
|    time_elapsed         | 78           |
|    total_timesteps      | 155648       |
| train/                  |              |
|    approx_kl            | 0.0114590535 |
|    clip_fraction        | 0.098        |
|    clip_range           | 0.2          |
|    entropy_loss         | -1.49        |
|    explained_variance   | 0.992        |
|    learning_rate        | 0.001        |
|    loss                 | 0.0414       |
|    n_updates            | 180          |
|    policy_gradient_loss | -0.00295     |
|    value_loss           | 0.151        |
------------------------------------------
Eval num_timesteps=160000, episode_reward=-22.45 +/- 0.15
Episode length: 355.10 +/- 23.14
-----------------------------------------
| eval/                   |             |
|    mean_ep_length       | 355         |
|    mean_reward          | -22.4       |
| time/                   |             |
|    total_timesteps      | 160000      |
| train/                  |             |
|    approx_kl            | 0.011373658 |
|    clip_fraction        | 0.0893      |
|    clip_range           | 0.2         |
|    entropy_loss         | -1.49       |
|    explained_variance   | 0.992       |
|    learning_rate        | 0.001       |
|    loss                 | 0.0879      |
|    n_updates            | 190         |
|    policy_gradient_loss | -0.00273    |
|    value_loss           | 0.153       |
-----------------------------------------
---------------------------------
| rollout/           |          |
|    ep_len_mean     | 364      |
|    ep_rew_mean     | -11.8    |
| time/              |          |
|    fps             | 1951     |
|    iterations      | 20       |
|    time_elapsed    | 83       |
|    total_timesteps | 163840   |
---------------------------------
------------------------------------------
| rollout/                |              |
|    ep_len_mean          | 366          |
|    ep_rew_mean          | -12          |
| time/                   |              |
|    fps                  | 1974         |
|    iterations           | 21           |
|    time_elapsed         | 87           |
|    total_timesteps      | 172032       |
| train/                  |              |
|    approx_kl            | 0.0075483257 |
|    clip_fraction        | 0.0835       |
|    clip_range           | 0.2          |
|    entropy_loss         | -1.48        |
|    explained_variance   | 0.985        |
|    learning_rate        | 0.001        |
|    loss                 | 0.0789       |
|    n_updates            | 200          |
|    policy_gradient_loss | -0.00247     |
|    value_loss           | 0.248        |
------------------------------------------
Eval num_timesteps=180000, episode_reward=-22.40 +/- 0.30
Episode length: 348.60 +/- 23.27
-----------------------------------------
| eval/                   |             |
|    mean_ep_length       | 349         |
|    mean_reward          | -22.4       |
| time/                   |             |
|    total_timesteps      | 180000      |
| train/                  |             |
|    approx_kl            | 0.019600827 |
|    clip_fraction        | 0.134       |
|    clip_range           | 0.2         |
|    entropy_loss         | -1.53       |
|    explained_variance   | 0.993       |
|    learning_rate        | 0.001       |
|    loss                 | 0.0389      |
|    n_updates            | 210         |
|    policy_gradient_loss | -0.00906    |
|    value_loss           | 0.114       |
-----------------------------------------
---------------------------------
| rollout/           |          |
|    ep_len_mean     | 367      |
|    ep_rew_mean     | -12.4    |
| time/              |          |
|    fps             | 1942     |
|    iterations      | 22       |
|    time_elapsed    | 92       |
|    total_timesteps | 180224   |
---------------------------------
----------------------------------------
| rollout/                |            |
|    ep_len_mean          | 368        |
|    ep_rew_mean          | -12.8      |
| time/                   |            |
|    fps                  | 1954       |
|    iterations           | 23         |
|    time_elapsed         | 96         |
|    total_timesteps      | 188416     |
| train/                  |            |
|    approx_kl            | 0.00892025 |
|    clip_fraction        | 0.0953     |
|    clip_range           | 0.2        |
|    entropy_loss         | -1.52      |
|    explained_variance   | 0.987      |
|    learning_rate        | 0.001      |
|    loss                 | 0.0708     |
|    n_updates            | 220        |
|    policy_gradient_loss | -0.0056    |
|    value_loss           | 0.196      |
----------------------------------------
-----------------------------------------
| rollout/                |             |
|    ep_len_mean          | 370         |
|    ep_rew_mean          | -12.8       |
| time/                   |             |
|    fps                  | 1966        |
|    iterations           | 24          |
|    time_elapsed         | 99          |
|    total_timesteps      | 196608      |
| train/                  |             |
|    approx_kl            | 0.011039538 |
|    clip_fraction        | 0.129       |
|    clip_range           | 0.2         |
|    entropy_loss         | -1.47       |
|    explained_variance   | 0.986       |
|    learning_rate        | 0.001       |
|    loss                 | 0.0774      |
|    n_updates            | 230         |
|    policy_gradient_loss | -0.00448    |
|    value_loss           | 0.23        |
-----------------------------------------
Eval num_timesteps=200000, episode_reward=-22.40 +/- 0.20
Episode length: 350.40 +/- 22.63
-----------------------------------------
| eval/                   |             |
|    mean_ep_length       | 350         |
|    mean_reward          | -22.4       |
| time/                   |             |
|    total_timesteps      | 200000      |
| train/                  |             |
|    approx_kl            | 0.008956527 |
|    clip_fraction        | 0.114       |
|    clip_range           | 0.2         |
|    entropy_loss         | -1.46       |
|    explained_variance   | 0.988       |
|    learning_rate        | 0.001       |
|    loss                 | 0.108       |
|    n_updates            | 240         |
|    policy_gradient_loss | -0.0036     |
|    value_loss           | 0.212       |
-----------------------------------------
---------------------------------
| rollout/           |          |
|    ep_len_mean     | 370      |
|    ep_rew_mean     | -12.8    |
| time/              |          |
|    fps             | 1934     |
|    iterations      | 25       |
|    time_elapsed    | 105      |
|    total_timesteps | 204800   |
---------------------------------
-----------------------------------------
| rollout/                |             |
|    ep_len_mean          | 374         |
|    ep_rew_mean          | -12.8       |
| time/                   |             |
|    fps                  | 1948        |
|    iterations           | 26          |
|    time_elapsed         | 109         |
|    total_timesteps      | 212992      |
| train/                  |             |
|    approx_kl            | 0.010732002 |
|    clip_fraction        | 0.127       |
|    clip_range           | 0.2         |
|    entropy_loss         | -1.45       |
|    explained_variance   | 0.989       |
|    learning_rate        | 0.001       |
|    loss                 | 0.0721      |
|    n_updates            | 250         |
|    policy_gradient_loss | -0.00459    |
|    value_loss           | 0.198       |
-----------------------------------------
Eval num_timesteps=220000, episode_reward=-22.40 +/- 0.20
Episode length: 363.70 +/- 17.23
-----------------------------------------
| eval/                   |             |
|    mean_ep_length       | 364         |
|    mean_reward          | -22.4       |
| time/                   |             |
|    total_timesteps      | 220000      |
| train/                  |             |
|    approx_kl            | 0.011607481 |
|    clip_fraction        | 0.135       |
|    clip_range           | 0.2         |
|    entropy_loss         | -1.44       |
|    explained_variance   | 0.992       |
|    learning_rate        | 0.001       |
|    loss                 | 0.0371      |
|    n_updates            | 260         |
|    policy_gradient_loss | -0.00396    |
|    value_loss           | 0.138       |
-----------------------------------------
---------------------------------
| rollout/           |          |
|    ep_len_mean     | 376      |
|    ep_rew_mean     | -12.3    |
| time/              |          |
|    fps             | 1926     |
|    iterations      | 27       |
|    time_elapsed    | 114      |
|    total_timesteps | 221184   |
---------------------------------
------------------------------------------
| rollout/                |              |
|    ep_len_mean          | 375          |
|    ep_rew_mean          | -12          |
| time/                   |              |
|    fps                  | 1943         |
|    iterations           | 28           |
|    time_elapsed         | 118          |
|    total_timesteps      | 229376       |
| train/                  |              |
|    approx_kl            | 0.0112679275 |
|    clip_fraction        | 0.112        |
|    clip_range           | 0.2          |
|    entropy_loss         | -1.43        |
|    explained_variance   | 0.994        |
|    learning_rate        | 0.001        |
|    loss                 | 0.0266       |
|    n_updates            | 270          |
|    policy_gradient_loss | -0.00339     |
|    value_loss           | 0.121        |
------------------------------------------
-----------------------------------------
| rollout/                |             |
|    ep_len_mean          | 372         |
|    ep_rew_mean          | -11.8       |
| time/                   |             |
|    fps                  | 1956        |
|    iterations           | 29          |
|    time_elapsed         | 121         |
|    total_timesteps      | 237568      |
| train/                  |             |
|    approx_kl            | 0.009020301 |
|    clip_fraction        | 0.0852      |
|    clip_range           | 0.2         |
|    entropy_loss         | -1.39       |
|    explained_variance   | 0.994       |
|    learning_rate        | 0.001       |
|    loss                 | 0.0707      |
|    n_updates            | 280         |
|    policy_gradient_loss | -0.00347    |
|    value_loss           | 0.129       |
-----------------------------------------
Eval num_timesteps=240000, episode_reward=-22.35 +/- 0.23
Episode length: 395.30 +/- 24.81
-----------------------------------------
| eval/                   |             |
|    mean_ep_length       | 395         |
|    mean_reward          | -22.4       |
| time/                   |             |
|    total_timesteps      | 240000      |
| train/                  |             |
|    approx_kl            | 0.006327804 |
|    clip_fraction        | 0.0643      |
|    clip_range           | 0.2         |
|    entropy_loss         | -1.42       |
|    explained_variance   | 0.995       |
|    learning_rate        | 0.001       |
|    loss                 | 0.0437      |
|    n_updates            | 290         |
|    policy_gradient_loss | -0.00216    |
|    value_loss           | 0.102       |
-----------------------------------------
---------------------------------
| rollout/           |          |
|    ep_len_mean     | 370      |
|    ep_rew_mean     | -11.6    |
| time/              |          |
|    fps             | 1928     |
|    iterations      | 30       |
|    time_elapsed    | 127      |
|    total_timesteps | 245760   |
---------------------------------
----------------------------------------
| rollout/                |            |
|    ep_len_mean          | 372        |
|    ep_rew_mean          | -11.3      |
| time/                   |            |
|    fps                  | 1942       |
|    iterations           | 31         |
|    time_elapsed         | 130        |
|    total_timesteps      | 253952     |
| train/                  |            |
|    approx_kl            | 0.00826008 |
|    clip_fraction        | 0.0924     |
|    clip_range           | 0.2        |
|    entropy_loss         | -1.38      |
|    explained_variance   | 0.994      |
|    learning_rate        | 0.001      |
|    loss                 | 0.0537     |
|    n_updates            | 300        |
|    policy_gradient_loss | -0.00353   |
|    value_loss           | 0.123      |
----------------------------------------
Eval num_timesteps=260000, episode_reward=-22.40 +/- 0.30
Episode length: 405.10 +/- 18.84
-----------------------------------------
| eval/                   |             |
|    mean_ep_length       | 405         |
|    mean_reward          | -22.4       |
| time/                   |             |
|    total_timesteps      | 260000      |
| train/                  |             |
|    approx_kl            | 0.007814417 |
|    clip_fraction        | 0.0753      |
|    clip_range           | 0.2         |
|    entropy_loss         | -1.34       |
|    explained_variance   | 0.995       |
|    learning_rate        | 0.001       |
|    loss                 | 0.0386      |
|    n_updates            | 310         |
|    policy_gradient_loss | -0.00249    |
|    value_loss           | 0.106       |
-----------------------------------------
---------------------------------
| rollout/           |          |
|    ep_len_mean     | 378      |
|    ep_rew_mean     | -10.9    |
| time/              |          |
|    fps             | 1916     |
|    iterations      | 32       |
|    time_elapsed    | 136      |
|    total_timesteps | 262144   |
---------------------------------
-----------------------------------------
| rollout/                |             |
|    ep_len_mean          | 381         |
|    ep_rew_mean          | -10.7       |
| time/                   |             |
|    fps                  | 1929        |
|    iterations           | 33          |
|    time_elapsed         | 140         |
|    total_timesteps      | 270336      |
| train/                  |             |
|    approx_kl            | 0.010595627 |
|    clip_fraction        | 0.106       |
|    clip_range           | 0.2         |
|    entropy_loss         | -1.33       |
|    explained_variance   | 0.995       |
|    learning_rate        | 0.001       |
|    loss                 | 0.0612      |
|    n_updates            | 320         |
|    policy_gradient_loss | -0.00226    |
|    value_loss           | 0.104       |
-----------------------------------------
------------------------------------------
| rollout/                |              |
|    ep_len_mean          | 386          |
|    ep_rew_mean          | -10.5        |
| time/                   |              |
|    fps                  | 1943         |
|    iterations           | 34           |
|    time_elapsed         | 143          |
|    total_timesteps      | 278528       |
| train/                  |              |
|    approx_kl            | 0.0103608575 |
|    clip_fraction        | 0.125        |
|    clip_range           | 0.2          |
|    entropy_loss         | -1.3         |
|    explained_variance   | 0.994        |
|    learning_rate        | 0.001        |
|    loss                 | 0.0228       |
|    n_updates            | 330          |
|    policy_gradient_loss | -0.0049      |
|    value_loss           | 0.0962       |
------------------------------------------
Eval num_timesteps=280000, episode_reward=-22.75 +/- 0.34
Episode length: 415.60 +/- 44.82
------------------------------------------
| eval/                   |              |
|    mean_ep_length       | 416          |
|    mean_reward          | -22.8        |
| time/                   |              |
|    total_timesteps      | 280000       |
| train/                  |              |
|    approx_kl            | 0.0064125974 |
|    clip_fraction        | 0.0789       |
|    clip_range           | 0.2          |
|    entropy_loss         | -1.3         |
|    explained_variance   | 0.996        |
|    learning_rate        | 0.001        |
|    loss                 | 0.043        |
|    n_updates            | 340          |
|    policy_gradient_loss | -0.00397     |
|    value_loss           | 0.0864       |
------------------------------------------
---------------------------------
| rollout/           |          |
|    ep_len_mean     | 392      |
|    ep_rew_mean     | -10.1    |
| time/              |          |
|    fps             | 1918     |
|    iterations      | 35       |
|    time_elapsed    | 149      |
|    total_timesteps | 286720   |
---------------------------------
-----------------------------------------
| rollout/                |             |
|    ep_len_mean          | 395         |
|    ep_rew_mean          | -9.87       |
| time/                   |             |
|    fps                  | 1929        |
|    iterations           | 36          |
|    time_elapsed         | 152         |
|    total_timesteps      | 294912      |
| train/                  |             |
|    approx_kl            | 0.009938872 |
|    clip_fraction        | 0.107       |
|    clip_range           | 0.2         |
|    entropy_loss         | -1.28       |
|    explained_variance   | 0.995       |
|    learning_rate        | 0.001       |
|    loss                 | 0.025       |
|    n_updates            | 350         |
|    policy_gradient_loss | -0.00449    |
|    value_loss           | 0.095       |
-----------------------------------------
Eval num_timesteps=300000, episode_reward=-22.40 +/- 0.20
Episode length: 344.30 +/- 32.16
------------------------------------------
| eval/                   |              |
|    mean_ep_length       | 344          |
|    mean_reward          | -22.4        |
| time/                   |              |
|    total_timesteps      | 300000       |
| train/                  |              |
|    approx_kl            | 0.0066919075 |
|    clip_fraction        | 0.0667       |
|    clip_range           | 0.2          |
|    entropy_loss         | -1.26        |
|    explained_variance   | 0.995        |
|    learning_rate        | 0.001        |
|    loss                 | 0.0138       |
|    n_updates            | 360          |
|    policy_gradient_loss | -0.00213     |
|    value_loss           | 0.0911       |
------------------------------------------
---------------------------------
| rollout/           |          |
|    ep_len_mean     | 398      |
|    ep_rew_mean     | -9.73    |
| time/              |          |
|    fps             | 1913     |
|    iterations      | 37       |
|    time_elapsed    | 158      |
|    total_timesteps | 303104   |
---------------------------------
------------------------------------------
| rollout/                |              |
|    ep_len_mean          | 406          |
|    ep_rew_mean          | -9.53        |
| time/                   |              |
|    fps                  | 1923         |
|    iterations           | 38           |
|    time_elapsed         | 161          |
|    total_timesteps      | 311296       |
| train/                  |              |
|    approx_kl            | 0.0064603053 |
|    clip_fraction        | 0.0805       |
|    clip_range           | 0.2          |
|    entropy_loss         | -1.27        |
|    explained_variance   | 0.996        |
|    learning_rate        | 0.001        |
|    loss                 | 0.0264       |
|    n_updates            | 370          |
|    policy_gradient_loss | -0.00391     |
|    value_loss           | 0.0878       |
------------------------------------------
------------------------------------------
| rollout/                |              |
|    ep_len_mean          | 414          |
|    ep_rew_mean          | -9.41        |
| time/                   |              |
|    fps                  | 1933         |
|    iterations           | 39           |
|    time_elapsed         | 165          |
|    total_timesteps      | 319488       |
| train/                  |              |
|    approx_kl            | 0.0076749558 |
|    clip_fraction        | 0.0988       |
|    clip_range           | 0.2          |
|    entropy_loss         | -1.35        |
|    explained_variance   | 0.996        |
|    learning_rate        | 0.001        |
|    loss                 | 0.0341       |
|    n_updates            | 380          |
|    policy_gradient_loss | -0.0036      |
|    value_loss           | 0.0882       |
------------------------------------------
Eval num_timesteps=320000, episode_reward=-22.55 +/- 0.27
Episode length: 387.00 +/- 59.99
-----------------------------------------
| eval/                   |             |
|    mean_ep_length       | 387         |
|    mean_reward          | -22.6       |
| time/                   |             |
|    total_timesteps      | 320000      |
| train/                  |             |
|    approx_kl            | 0.005723249 |
|    clip_fraction        | 0.0588      |
|    clip_range           | 0.2         |
|    entropy_loss         | -1.27       |
|    explained_variance   | 0.995       |
|    learning_rate        | 0.001       |
|    loss                 | 0.0241      |
|    n_updates            | 390         |
|    policy_gradient_loss | -0.00288    |
|    value_loss           | 0.0844      |
-----------------------------------------
---------------------------------
| rollout/           |          |
|    ep_len_mean     | 412      |
|    ep_rew_mean     | -9.65    |
| time/              |          |
|    fps             | 1912     |
|    iterations      | 40       |
|    time_elapsed    | 171      |
|    total_timesteps | 327680   |
---------------------------------
-----------------------------------------
| rollout/                |             |
|    ep_len_mean          | 417         |
|    ep_rew_mean          | -9.69       |
| time/                   |             |
|    fps                  | 1923        |
|    iterations           | 41          |
|    time_elapsed         | 174         |
|    total_timesteps      | 335872      |
| train/                  |             |
|    approx_kl            | 0.009023804 |
|    clip_fraction        | 0.0735      |
|    clip_range           | 0.2         |
|    entropy_loss         | -1.25       |
|    explained_variance   | 0.995       |
|    learning_rate        | 0.001       |
|    loss                 | 0.0416      |
|    n_updates            | 400         |
|    policy_gradient_loss | -0.00139    |
|    value_loss           | 0.094       |
-----------------------------------------
Eval num_timesteps=340000, episode_reward=-22.80 +/- 0.24
Episode length: 433.40 +/- 29.67
------------------------------------------
| eval/                   |              |
|    mean_ep_length       | 433          |
|    mean_reward          | -22.8        |
| time/                   |              |
|    total_timesteps      | 340000       |
| train/                  |              |
|    approx_kl            | 0.0067867506 |
|    clip_fraction        | 0.0972       |
|    clip_range           | 0.2          |
|    entropy_loss         | -1.24        |
|    explained_variance   | 0.997        |
|    learning_rate        | 0.001        |
|    loss                 | 0.0381       |
|    n_updates            | 410          |
|    policy_gradient_loss | -0.00308     |
|    value_loss           | 0.0698       |
------------------------------------------
---------------------------------
| rollout/           |          |
|    ep_len_mean     | 421      |
|    ep_rew_mean     | -9.67    |
| time/              |          |
|    fps             | 1903     |
|    iterations      | 42       |
|    time_elapsed    | 180      |
|    total_timesteps | 344064   |
---------------------------------
------------------------------------------
| rollout/                |              |
|    ep_len_mean          | 420          |
|    ep_rew_mean          | -9.54        |
| time/                   |              |
|    fps                  | 1915         |
|    iterations           | 43           |
|    time_elapsed         | 183          |
|    total_timesteps      | 352256       |
| train/                  |              |
|    approx_kl            | 0.0083717415 |
|    clip_fraction        | 0.106        |
|    clip_range           | 0.2          |
|    entropy_loss         | -1.24        |
|    explained_variance   | 0.997        |
|    learning_rate        | 0.001        |
|    loss                 | 0.0346       |
|    n_updates            | 420          |
|    policy_gradient_loss | -0.00438     |
|    value_loss           | 0.076        |
------------------------------------------
Eval num_timesteps=360000, episode_reward=-22.40 +/- 0.20
Episode length: 407.20 +/- 30.05
-----------------------------------------
| eval/                   |             |
|    mean_ep_length       | 407         |
|    mean_reward          | -22.4       |
| time/                   |             |
|    total_timesteps      | 360000      |
| train/                  |             |
|    approx_kl            | 0.006024094 |
|    clip_fraction        | 0.0722      |
|    clip_range           | 0.2         |
|    entropy_loss         | -1.2        |
|    explained_variance   | 0.996       |
|    learning_rate        | 0.001       |
|    loss                 | 0.0272      |
|    n_updates            | 430         |
|    policy_gradient_loss | -0.00206    |
|    value_loss           | 0.085       |
-----------------------------------------
---------------------------------
| rollout/           |          |
|    ep_len_mean     | 416      |
|    ep_rew_mean     | -9.46    |
| time/              |          |
|    fps             | 1901     |
|    iterations      | 44       |
|    time_elapsed    | 189      |
|    total_timesteps | 360448   |
---------------------------------
------------------------------------------
| rollout/                |              |
|    ep_len_mean          | 426          |
|    ep_rew_mean          | -8.77        |
| time/                   |              |
|    fps                  | 1912         |
|    iterations           | 45           |
|    time_elapsed         | 192          |
|    total_timesteps      | 368640       |
| train/                  |              |
|    approx_kl            | 0.0069025573 |
|    clip_fraction        | 0.0863       |
|    clip_range           | 0.2          |
|    entropy_loss         | -1.21        |
|    explained_variance   | 0.997        |
|    learning_rate        | 0.001        |
|    loss                 | 0.0297       |
|    n_updates            | 440          |
|    policy_gradient_loss | -0.00226     |
|    value_loss           | 0.0733       |
------------------------------------------
-----------------------------------------
| rollout/                |             |
|    ep_len_mean          | 431         |
|    ep_rew_mean          | -8.08       |
| time/                   |             |
|    fps                  | 1922        |
|    iterations           | 46          |
|    time_elapsed         | 195         |
|    total_timesteps      | 376832      |
| train/                  |             |
|    approx_kl            | 0.006387717 |
|    clip_fraction        | 0.0634      |
|    clip_range           | 0.2         |
|    entropy_loss         | -1.15       |
|    explained_variance   | 0.997       |
|    learning_rate        | 0.001       |
|    loss                 | 0.0221      |
|    n_updates            | 450         |
|    policy_gradient_loss | -0.00224    |
|    value_loss           | 0.0734      |
-----------------------------------------
Eval num_timesteps=380000, episode_reward=-22.95 +/- 0.15
Episode length: 536.10 +/- 44.40
------------------------------------------
| eval/                   |              |
|    mean_ep_length       | 536          |
|    mean_reward          | -22.9        |
| time/                   |              |
|    total_timesteps      | 380000       |
| train/                  |              |
|    approx_kl            | 0.0056122486 |
|    clip_fraction        | 0.0466       |
|    clip_range           | 0.2          |
|    entropy_loss         | -1.16        |
|    explained_variance   | 0.997        |
|    learning_rate        | 0.001        |
|    loss                 | 0.0254       |
|    n_updates            | 460          |
|    policy_gradient_loss | -0.00143     |
|    value_loss           | 0.0701       |
------------------------------------------
---------------------------------
| rollout/           |          |
|    ep_len_mean     | 436      |
|    ep_rew_mean     | -7.51    |
| time/              |          |
|    fps             | 1897     |
|    iterations      | 47       |
|    time_elapsed    | 202      |
|    total_timesteps | 385024   |
---------------------------------
------------------------------------------
| rollout/                |              |
|    ep_len_mean          | 439          |
|    ep_rew_mean          | -7.18        |
| time/                   |              |
|    fps                  | 1908         |
|    iterations           | 48           |
|    time_elapsed         | 206          |
|    total_timesteps      | 393216       |
| train/                  |              |
|    approx_kl            | 0.0062008225 |
|    clip_fraction        | 0.0661       |
|    clip_range           | 0.2          |
|    entropy_loss         | -1.18        |
|    explained_variance   | 0.998        |
|    learning_rate        | 0.001        |
|    loss                 | 0.029        |
|    n_updates            | 470          |
|    policy_gradient_loss | -0.0013      |
|    value_loss           | 0.0552       |
------------------------------------------
Eval num_timesteps=400000, episode_reward=-22.50 +/- 0.00
Episode length: 447.50 +/- 70.18
-----------------------------------------
| eval/                   |             |
|    mean_ep_length       | 448         |
|    mean_reward          | -22.5       |
| time/                   |             |
|    total_timesteps      | 400000      |
| train/                  |             |
|    approx_kl            | 0.007874453 |
|    clip_fraction        | 0.0569      |
|    clip_range           | 0.2         |
|    entropy_loss         | -1.15       |
|    explained_variance   | 0.997       |
|    learning_rate        | 0.001       |
|    loss                 | 0.0627      |
|    n_updates            | 480         |
|    policy_gradient_loss | -0.00164    |
|    value_loss           | 0.069       |
-----------------------------------------
---------------------------------
| rollout/           |          |
|    ep_len_mean     | 451      |
|    ep_rew_mean     | -6.49    |
| time/              |          |
|    fps             | 1893     |
|    iterations      | 49       |
|    time_elapsed    | 212      |
|    total_timesteps | 401408   |
---------------------------------
------------------------------------------
| rollout/                |              |
|    ep_len_mean          | 457          |
|    ep_rew_mean          | -6           |
| time/                   |              |
|    fps                  | 1902         |
|    iterations           | 50           |
|    time_elapsed         | 215          |
|    total_timesteps      | 409600       |
| train/                  |              |
|    approx_kl            | 0.0052291504 |
|    clip_fraction        | 0.0676       |
|    clip_range           | 0.2          |
|    entropy_loss         | -1.1         |
|    explained_variance   | 0.997        |
|    learning_rate        | 0.001        |
|    loss                 | 0.0321       |
|    n_updates            | 490          |
|    policy_gradient_loss | -0.00187     |
|    value_loss           | 0.0724       |
------------------------------------------
------------------------------------------
| rollout/                |              |
|    ep_len_mean          | 463          |
|    ep_rew_mean          | -5.47        |
| time/                   |              |
|    fps                  | 1911         |
|    iterations           | 51           |
|    time_elapsed         | 218          |
|    total_timesteps      | 417792       |
| train/                  |              |
|    approx_kl            | 0.0070079593 |
|    clip_fraction        | 0.0798       |
|    clip_range           | 0.2          |
|    entropy_loss         | -1.11        |
|    explained_variance   | 0.998        |
|    learning_rate        | 0.001        |
|    loss                 | 0.0181       |
|    n_updates            | 500          |
|    policy_gradient_loss | -0.0022      |
|    value_loss           | 0.0488       |
------------------------------------------
Eval num_timesteps=420000, episode_reward=-22.30 +/- 0.81
Episode length: 490.30 +/- 29.33
-----------------------------------------
| eval/                   |             |
|    mean_ep_length       | 490         |
|    mean_reward          | -22.3       |
| time/                   |             |
|    total_timesteps      | 420000      |
| train/                  |             |
|    approx_kl            | 0.009520873 |
|    clip_fraction        | 0.0911      |
|    clip_range           | 0.2         |
|    entropy_loss         | -1.12       |
|    explained_variance   | 0.998       |
|    learning_rate        | 0.001       |
|    loss                 | 0.0119      |
|    n_updates            | 510         |
|    policy_gradient_loss | -0.00134    |
|    value_loss           | 0.0491      |
-----------------------------------------
---------------------------------
| rollout/           |          |
|    ep_len_mean     | 469      |
|    ep_rew_mean     | -5.08    |
| time/              |          |
|    fps             | 1892     |
|    iterations      | 52       |
|    time_elapsed    | 225      |
|    total_timesteps | 425984   |
---------------------------------
------------------------------------------
| rollout/                |              |
|    ep_len_mean          | 475          |
|    ep_rew_mean          | -4.58        |
| time/                   |              |
|    fps                  | 1899         |
|    iterations           | 53           |
|    time_elapsed         | 228          |
|    total_timesteps      | 434176       |
| train/                  |              |
|    approx_kl            | 0.0056007775 |
|    clip_fraction        | 0.0556       |
|    clip_range           | 0.2          |
|    entropy_loss         | -1.07        |
|    explained_variance   | 0.998        |
|    learning_rate        | 0.001        |
|    loss                 | 0.0323       |
|    n_updates            | 520          |
|    policy_gradient_loss | -0.00117     |
|    value_loss           | 0.0544       |
------------------------------------------
Eval num_timesteps=440000, episode_reward=-22.35 +/- 0.23
Episode length: 477.60 +/- 45.16
-----------------------------------------
| eval/                   |             |
|    mean_ep_length       | 478         |
|    mean_reward          | -22.4       |
| time/                   |             |
|    total_timesteps      | 440000      |
| train/                  |             |
|    approx_kl            | 0.005122153 |
|    clip_fraction        | 0.062       |
|    clip_range           | 0.2         |
|    entropy_loss         | -1.05       |
|    explained_variance   | 0.998       |
|    learning_rate        | 0.001       |
|    loss                 | 0.0287      |
|    n_updates            | 530         |
|    policy_gradient_loss | -0.0015     |
|    value_loss           | 0.0641      |
-----------------------------------------
---------------------------------
| rollout/           |          |
|    ep_len_mean     | 485      |
|    ep_rew_mean     | -3.8     |
| time/              |          |
|    fps             | 1882     |
|    iterations      | 54       |
|    time_elapsed    | 234      |
|    total_timesteps | 442368   |
---------------------------------
-----------------------------------------
| rollout/                |             |
|    ep_len_mean          | 493         |
|    ep_rew_mean          | -3.06       |
| time/                   |             |
|    fps                  | 1892        |
|    iterations           | 55          |
|    time_elapsed         | 238         |
|    total_timesteps      | 450560      |
| train/                  |             |
|    approx_kl            | 0.007134336 |
|    clip_fraction        | 0.0788      |
|    clip_range           | 0.2         |
|    entropy_loss         | -1.06       |
|    explained_variance   | 0.998       |
|    learning_rate        | 0.001       |
|    loss                 | 0.0226      |
|    n_updates            | 540         |
|    policy_gradient_loss | -0.00178    |
|    value_loss           | 0.058       |
-----------------------------------------
-----------------------------------------
| rollout/                |             |
|    ep_len_mean          | 503         |
|    ep_rew_mean          | -2.34       |
| time/                   |             |
|    fps                  | 1902        |
|    iterations           | 56          |
|    time_elapsed         | 241         |
|    total_timesteps      | 458752      |
| train/                  |             |
|    approx_kl            | 0.015514823 |
|    clip_fraction        | 0.136       |
|    clip_range           | 0.2         |
|    entropy_loss         | -1.16       |
|    explained_variance   | 0.998       |
|    learning_rate        | 0.001       |
|    loss                 | 0.00951     |
|    n_updates            | 550         |
|    policy_gradient_loss | -0.0028     |
|    value_loss           | 0.0563      |
-----------------------------------------
Eval num_timesteps=460000, episode_reward=-22.55 +/- 0.47
Episode length: 533.40 +/- 150.28
------------------------------------------
| eval/                   |              |
|    mean_ep_length       | 533          |
|    mean_reward          | -22.6        |
| time/                   |              |
|    total_timesteps      | 460000       |
| train/                  |              |
|    approx_kl            | 0.0073740194 |
|    clip_fraction        | 0.0823       |
|    clip_range           | 0.2          |
|    entropy_loss         | -1.11        |
|    explained_variance   | 0.997        |
|    learning_rate        | 0.001        |
|    loss                 | 0.0227       |
|    n_updates            | 560          |
|    policy_gradient_loss | -0.00255     |
|    value_loss           | 0.0679       |
------------------------------------------
---------------------------------
| rollout/           |          |
|    ep_len_mean     | 508      |
|    ep_rew_mean     | -2.12    |
| time/              |          |
|    fps             | 1884     |
|    iterations      | 57       |
|    time_elapsed    | 247      |
|    total_timesteps | 466944   |
---------------------------------
-----------------------------------------
| rollout/                |             |
|    ep_len_mean          | 511         |
|    ep_rew_mean          | -1.97       |
| time/                   |             |
|    fps                  | 1888        |
|    iterations           | 58          |
|    time_elapsed         | 251         |
|    total_timesteps      | 475136      |
| train/                  |             |
|    approx_kl            | 0.007350639 |
|    clip_fraction        | 0.067       |
|    clip_range           | 0.2         |
|    entropy_loss         | -1.1        |
|    explained_variance   | 0.997       |
|    learning_rate        | 0.001       |
|    loss                 | 0.0308      |
|    n_updates            | 570         |
|    policy_gradient_loss | -0.00324    |
|    value_loss           | 0.0635      |
-----------------------------------------
Eval num_timesteps=480000, episode_reward=-22.75 +/- 0.60
Episode length: 428.70 +/- 25.47
-----------------------------------------
| eval/                   |             |
|    mean_ep_length       | 429         |
|    mean_reward          | -22.8       |
| time/                   |             |
|    total_timesteps      | 480000      |
| train/                  |             |
|    approx_kl            | 0.009842082 |
|    clip_fraction        | 0.118       |
|    clip_range           | 0.2         |
|    entropy_loss         | -1.11       |
|    explained_variance   | 0.997       |
|    learning_rate        | 0.001       |
|    loss                 | 0.0113      |
|    n_updates            | 580         |
|    policy_gradient_loss | -0.00511    |
|    value_loss           | 0.0652      |
-----------------------------------------
---------------------------------
| rollout/           |          |
|    ep_len_mean     | 519      |
|    ep_rew_mean     | -1.57    |
| time/              |          |
|    fps             | 1874     |
|    iterations      | 59       |
|    time_elapsed    | 257      |
|    total_timesteps | 483328   |
---------------------------------
----------------------------------------
| rollout/                |            |
|    ep_len_mean          | 524        |
|    ep_rew_mean          | -1.42      |
| time/                   |            |
|    fps                  | 1882       |
|    iterations           | 60         |
|    time_elapsed         | 261        |
|    total_timesteps      | 491520     |
| train/                  |            |
|    approx_kl            | 0.00880909 |
|    clip_fraction        | 0.104      |
|    clip_range           | 0.2        |
|    entropy_loss         | -1.07      |
|    explained_variance   | 0.998      |
|    learning_rate        | 0.001      |
|    loss                 | 0.0151     |
|    n_updates            | 590        |
|    policy_gradient_loss | -0.00345   |
|    value_loss           | 0.0495     |
----------------------------------------
-----------------------------------------
| rollout/                |             |
|    ep_len_mean          | 538         |
|    ep_rew_mean          | -1.11       |
| time/                   |             |
|    fps                  | 1890        |
|    iterations           | 61          |
|    time_elapsed         | 264         |
|    total_timesteps      | 499712      |
| train/                  |             |
|    approx_kl            | 0.010821867 |
|    clip_fraction        | 0.145       |
|    clip_range           | 0.2         |
|    entropy_loss         | -1.12       |
|    explained_variance   | 0.995       |
|    learning_rate        | 0.001       |
|    loss                 | 0.0202      |
|    n_updates            | 600         |
|    policy_gradient_loss | -0.00441    |
|    value_loss           | 0.0606      |
-----------------------------------------
Eval num_timesteps=500000, episode_reward=-22.90 +/- 0.20
Episode length: 394.50 +/- 20.55
-----------------------------------------
| eval/                   |             |
|    mean_ep_length       | 394         |
|    mean_reward          | -22.9       |
| time/                   |             |
|    total_timesteps      | 500000      |
| train/                  |             |
|    approx_kl            | 0.018287849 |
|    clip_fraction        | 0.208       |
|    clip_range           | 0.2         |
|    entropy_loss         | -1.14       |
|    explained_variance   | 0.992       |
|    learning_rate        | 0.001       |
|    loss                 | 0.0365      |
|    n_updates            | 610         |
|    policy_gradient_loss | -0.0106     |
|    value_loss           | 0.125       |
-----------------------------------------
---------------------------------
| rollout/           |          |
|    ep_len_mean     | 557      |
|    ep_rew_mean     | -0.701   |
| time/              |          |
|    fps             | 1881     |
|    iterations      | 62       |
|    time_elapsed    | 269      |
|    total_timesteps | 507904   |
---------------------------------
-----------------------------------------
| rollout/                |             |
|    ep_len_mean          | 590         |
|    ep_rew_mean          | 0.0265      |
| time/                   |             |
|    fps                  | 1889        |
|    iterations           | 63          |
|    time_elapsed         | 273         |
|    total_timesteps      | 516096      |
| train/                  |             |
|    approx_kl            | 0.020298133 |
|    clip_fraction        | 0.187       |
|    clip_range           | 0.2         |
|    entropy_loss         | -1.13       |
|    explained_variance   | 0.961       |
|    learning_rate        | 0.001       |
|    loss                 | 0.18        |
|    n_updates            | 620         |
|    policy_gradient_loss | -0.00907    |
|    value_loss           | 0.295       |
-----------------------------------------
Eval num_timesteps=520000, episode_reward=-23.10 +/- 0.30
Episode length: 561.80 +/- 215.61
-----------------------------------------
| eval/                   |             |
|    mean_ep_length       | 562         |
|    mean_reward          | -23.1       |
| time/                   |             |
|    total_timesteps      | 520000      |
| train/                  |             |
|    approx_kl            | 0.014082177 |
|    clip_fraction        | 0.157       |
|    clip_range           | 0.2         |
|    entropy_loss         | -1.14       |
|    explained_variance   | 0.976       |
|    learning_rate        | 0.001       |
|    loss                 | 0.0103      |
|    n_updates            | 630         |
|    policy_gradient_loss | -0.0071     |
|    value_loss           | 0.0815      |
-----------------------------------------
---------------------------------
| rollout/           |          |
|    ep_len_mean     | 652      |
|    ep_rew_mean     | 1.67     |
| time/              |          |
|    fps             | 1873     |
|    iterations      | 64       |
|    time_elapsed    | 279      |
|    total_timesteps | 524288   |
---------------------------------
-----------------------------------------
| rollout/                |             |
|    ep_len_mean          | 697         |
|    ep_rew_mean          | 2.73        |
| time/                   |             |
|    fps                  | 1882        |
|    iterations           | 65          |
|    time_elapsed         | 282         |
|    total_timesteps      | 532480      |
| train/                  |             |
|    approx_kl            | 0.009739418 |
|    clip_fraction        | 0.096       |
|    clip_range           | 0.2         |
|    entropy_loss         | -1.11       |
|    explained_variance   | 0.987       |
|    learning_rate        | 0.001       |
|    loss                 | 0.00792     |
|    n_updates            | 640         |
|    policy_gradient_loss | -0.00579    |
|    value_loss           | 0.0657      |
-----------------------------------------
Eval num_timesteps=540000, episode_reward=-23.35 +/- 0.32
Episode length: 983.80 +/- 126.45
-----------------------------------------
| eval/                   |             |
|    mean_ep_length       | 984         |
|    mean_reward          | -23.4       |
| time/                   |             |
|    total_timesteps      | 540000      |
| train/                  |             |
|    approx_kl            | 0.013435783 |
|    clip_fraction        | 0.151       |
|    clip_range           | 0.2         |
|    entropy_loss         | -1.12       |
|    explained_variance   | 0.982       |
|    learning_rate        | 0.001       |
|    loss                 | 0.00193     |
|    n_updates            | 650         |
|    policy_gradient_loss | -0.00766    |
|    value_loss           | 0.0546      |
-----------------------------------------
---------------------------------
| rollout/           |          |
|    ep_len_mean     | 746      |
|    ep_rew_mean     | 3.88     |
| time/              |          |
|    fps             | 1846     |
|    iterations      | 66       |
|    time_elapsed    | 292      |
|    total_timesteps | 540672   |
---------------------------------
----------------------------------------
| rollout/                |            |
|    ep_len_mean          | 796        |
|    ep_rew_mean          | 4.87       |
| time/                   |            |
|    fps                  | 1854       |
|    iterations           | 67         |
|    time_elapsed         | 296        |
|    total_timesteps      | 548864     |
| train/                  |            |
|    approx_kl            | 0.01029519 |
|    clip_fraction        | 0.123      |
|    clip_range           | 0.2        |
|    entropy_loss         | -1.17      |
|    explained_variance   | 0.98       |
|    learning_rate        | 0.001      |
|    loss                 | -9.63e-05  |
|    n_updates            | 660        |
|    policy_gradient_loss | -0.00365   |
|    value_loss           | 0.0437     |
----------------------------------------
-----------------------------------------
| rollout/                |             |
|    ep_len_mean          | 831         |
|    ep_rew_mean          | 5.58        |
| time/                   |             |
|    fps                  | 1861        |
|    iterations           | 68          |
|    time_elapsed         | 299         |
|    total_timesteps      | 557056      |
| train/                  |             |
|    approx_kl            | 0.007400782 |
|    clip_fraction        | 0.0778      |
|    clip_range           | 0.2         |
|    entropy_loss         | -1.11       |
|    explained_variance   | 0.963       |
|    learning_rate        | 0.001       |
|    loss                 | 0.0841      |
|    n_updates            | 670         |
|    policy_gradient_loss | -0.00314    |
|    value_loss           | 0.21        |
-----------------------------------------
Eval num_timesteps=560000, episode_reward=-23.35 +/- 0.23
Episode length: 1406.30 +/- 79.74
-----------------------------------------
| eval/                   |             |
|    mean_ep_length       | 1.41e+03    |
|    mean_reward          | -23.4       |
| time/                   |             |
|    total_timesteps      | 560000      |
| train/                  |             |
|    approx_kl            | 0.012329116 |
|    clip_fraction        | 0.112       |
|    clip_range           | 0.2         |
|    entropy_loss         | -1.11       |
|    explained_variance   | 0.977       |
|    learning_rate        | 0.001       |
|    loss                 | -0.00226    |
|    n_updates            | 680         |
|    policy_gradient_loss | -0.00507    |
|    value_loss           | 0.075       |
-----------------------------------------
---------------------------------
| rollout/           |          |
|    ep_len_mean     | 899      |
|    ep_rew_mean     | 6.93     |
| time/              |          |
|    fps             | 1812     |
|    iterations      | 69       |
|    time_elapsed    | 311      |
|    total_timesteps | 565248   |
---------------------------------
--------------------------------------
| rollout/                |          |
|    ep_len_mean          | 949      |
|    ep_rew_mean          | 8.04     |
| time/                   |          |
|    fps                  | 1818     |
|    iterations           | 70       |
|    time_elapsed         | 315      |
|    total_timesteps      | 573440   |
| train/                  |          |
|    approx_kl            | 0.011308 |
|    clip_fraction        | 0.132    |
|    clip_range           | 0.2      |
|    entropy_loss         | -1.12    |
|    explained_variance   | 0.979    |
|    learning_rate        | 0.001    |
|    loss                 | 0.0141   |
|    n_updates            | 690      |
|    policy_gradient_loss | -0.00492 |
|    value_loss           | 0.0499   |
--------------------------------------
Eval num_timesteps=580000, episode_reward=-22.60 +/- 0.58
Episode length: 1243.70 +/- 178.03
----------------------------------------
| eval/                   |            |
|    mean_ep_length       | 1.24e+03   |
|    mean_reward          | -22.6      |
| time/                   |            |
|    total_timesteps      | 580000     |
| train/                  |            |
|    approx_kl            | 0.01366223 |
|    clip_fraction        | 0.115      |
|    clip_range           | 0.2        |
|    entropy_loss         | -1.06      |
|    explained_variance   | 0.979      |
|    learning_rate        | 0.001      |
|    loss                 | 0.0154     |
|    n_updates            | 700        |
|    policy_gradient_loss | -0.00527   |
|    value_loss           | 0.0454     |
----------------------------------------
---------------------------------
| rollout/           |          |
|    ep_len_mean     | 999      |
|    ep_rew_mean     | 9.17     |
| time/              |          |
|    fps             | 1776     |
|    iterations      | 71       |
|    time_elapsed    | 327      |
|    total_timesteps | 581632   |
---------------------------------
-----------------------------------------
| rollout/                |             |
|    ep_len_mean          | 1.06e+03    |
|    ep_rew_mean          | 10.4        |
| time/                   |             |
|    fps                  | 1782        |
|    iterations           | 72          |
|    time_elapsed         | 330         |
|    total_timesteps      | 589824      |
| train/                  |             |
|    approx_kl            | 0.010284189 |
|    clip_fraction        | 0.109       |
|    clip_range           | 0.2         |
|    entropy_loss         | -1.21       |
|    explained_variance   | 0.962       |
|    learning_rate        | 0.001       |
|    loss                 | -0.0177     |
|    n_updates            | 710         |
|    policy_gradient_loss | -0.00517    |
|    value_loss           | 0.179       |
-----------------------------------------
-----------------------------------------
| rollout/                |             |
|    ep_len_mean          | 1.09e+03    |
|    ep_rew_mean          | 11.2        |
| time/                   |             |
|    fps                  | 1789        |
|    iterations           | 73          |
|    time_elapsed         | 334         |
|    total_timesteps      | 598016      |
| train/                  |             |
|    approx_kl            | 0.014028486 |
|    clip_fraction        | 0.132       |
|    clip_range           | 0.2         |
|    entropy_loss         | -1.1        |
|    explained_variance   | 0.965       |
|    learning_rate        | 0.001       |
|    loss                 | 0.0129      |
|    n_updates            | 720         |
|    policy_gradient_loss | -0.00767    |
|    value_loss           | 0.139       |
-----------------------------------------
Eval num_timesteps=600000, episode_reward=-11.20 +/- 7.75
Episode length: 1785.20 +/- 28.01
-----------------------------------------
| eval/                   |             |
|    mean_ep_length       | 1.79e+03    |
|    mean_reward          | -11.2       |
| time/                   |             |
|    total_timesteps      | 600000      |
| train/                  |             |
|    approx_kl            | 0.017520387 |
|    clip_fraction        | 0.178       |
|    clip_range           | 0.2         |
|    entropy_loss         | -1.15       |
|    explained_variance   | 0.962       |
|    learning_rate        | 0.001       |
|    loss                 | 0.000913    |
|    n_updates            | 730         |
|    policy_gradient_loss | -0.0078     |
|    value_loss           | 0.073       |
-----------------------------------------
New best mean reward!
---------------------------------
| rollout/           |          |
|    ep_len_mean     | 1.15e+03 |
|    ep_rew_mean     | 12.5     |
| time/              |          |
|    fps             | 1733     |
|    iterations      | 74       |
|    time_elapsed    | 349      |
|    total_timesteps | 606208   |
---------------------------------
-----------------------------------------
| rollout/                |             |
|    ep_len_mean          | 1.22e+03    |
|    ep_rew_mean          | 14.1        |
| time/                   |             |
|    fps                  | 1739        |
|    iterations           | 75          |
|    time_elapsed         | 353         |
|    total_timesteps      | 614400      |
| train/                  |             |
|    approx_kl            | 0.011569409 |
|    clip_fraction        | 0.12        |
|    clip_range           | 0.2         |
|    entropy_loss         | -1.07       |
|    explained_variance   | 0.96        |
|    learning_rate        | 0.001       |
|    loss                 | 0.0166      |
|    n_updates            | 740         |
|    policy_gradient_loss | -0.00504    |
|    value_loss           | 0.0958      |
-----------------------------------------
Eval num_timesteps=620000, episode_reward=-7.05 +/- 5.28
Episode length: 1652.90 +/- 444.30
-----------------------------------------
| eval/                   |             |
|    mean_ep_length       | 1.65e+03    |
|    mean_reward          | -7.05       |
| time/                   |             |
|    total_timesteps      | 620000      |
| train/                  |             |
|    approx_kl            | 0.013567152 |
|    clip_fraction        | 0.142       |
|    clip_range           | 0.2         |
|    entropy_loss         | -1.1        |
|    explained_variance   | 0.979       |
|    learning_rate        | 0.001       |
|    loss                 | 0.0229      |
|    n_updates            | 750         |
|    policy_gradient_loss | -0.0105     |
|    value_loss           | 0.0775      |
-----------------------------------------
New best mean reward!
---------------------------------
| rollout/           |          |
|    ep_len_mean     | 1.28e+03 |
|    ep_rew_mean     | 16       |
| time/              |          |
|    fps             | 1691     |
|    iterations      | 76       |
|    time_elapsed    | 368      |
|    total_timesteps | 622592   |
---------------------------------
-----------------------------------------
| rollout/                |             |
|    ep_len_mean          | 1.31e+03    |
|    ep_rew_mean          | 16.7        |
| time/                   |             |
|    fps                  | 1697        |
|    iterations           | 77          |
|    time_elapsed         | 371         |
|    total_timesteps      | 630784      |
| train/                  |             |
|    approx_kl            | 0.017347323 |
|    clip_fraction        | 0.153       |
|    clip_range           | 0.2         |
|    entropy_loss         | -1.1        |
|    explained_variance   | 0.946       |
|    learning_rate        | 0.001       |
|    loss                 | -0.00958    |
|    n_updates            | 760         |
|    policy_gradient_loss | -0.00881    |
|    value_loss           | 0.117       |
-----------------------------------------
-----------------------------------------
| rollout/                |             |
|    ep_len_mean          | 1.36e+03    |
|    ep_rew_mean          | 17.7        |
| time/                   |             |
|    fps                  | 1702        |
|    iterations           | 78          |
|    time_elapsed         | 375         |
|    total_timesteps      | 638976      |
| train/                  |             |
|    approx_kl            | 0.010910019 |
|    clip_fraction        | 0.122       |
|    clip_range           | 0.2         |
|    entropy_loss         | -1.12       |
|    explained_variance   | 0.977       |
|    learning_rate        | 0.001       |
|    loss                 | -0.00873    |
|    n_updates            | 770         |
|    policy_gradient_loss | -0.00849    |
|    value_loss           | 0.0682      |
-----------------------------------------
Eval num_timesteps=640000, episode_reward=-22.85 +/- 0.23
Episode length: 408.90 +/- 19.74
-----------------------------------------
| eval/                   |             |
|    mean_ep_length       | 409         |
|    mean_reward          | -22.9       |
| time/                   |             |
|    total_timesteps      | 640000      |
| train/                  |             |
|    approx_kl            | 0.010913966 |
|    clip_fraction        | 0.0883      |
|    clip_range           | 0.2         |
|    entropy_loss         | -1.09       |
|    explained_variance   | 0.977       |
|    learning_rate        | 0.001       |
|    loss                 | 0.0119      |
|    n_updates            | 780         |
|    policy_gradient_loss | -0.00511    |
|    value_loss           | 0.0658      |
-----------------------------------------
---------------------------------
| rollout/           |          |
|    ep_len_mean     | 1.42e+03 |
|    ep_rew_mean     | 19.3     |
| time/              |          |
|    fps             | 1696     |
|    iterations      | 79       |
|    time_elapsed    | 381      |
|    total_timesteps | 647168   |
---------------------------------
----------------------------------------
| rollout/                |            |
|    ep_len_mean          | 1.45e+03   |
|    ep_rew_mean          | 21         |
| time/                   |            |
|    fps                  | 1701       |
|    iterations           | 80         |
|    time_elapsed         | 385        |
|    total_timesteps      | 655360     |
| train/                  |            |
|    approx_kl            | 0.01556642 |
|    clip_fraction        | 0.141      |
|    clip_range           | 0.2        |
|    entropy_loss         | -1.12      |
|    explained_variance   | 0.989      |
|    learning_rate        | 0.001      |
|    loss                 | -0.00462   |
|    n_updates            | 790        |
|    policy_gradient_loss | -0.012     |
|    value_loss           | 0.0497     |
----------------------------------------
Eval num_timesteps=660000, episode_reward=-22.95 +/- 0.15
Episode length: 409.30 +/- 25.99
-----------------------------------------
| eval/                   |             |
|    mean_ep_length       | 409         |
|    mean_reward          | -22.9       |
| time/                   |             |
|    total_timesteps      | 660000      |
| train/                  |             |
|    approx_kl            | 0.008704394 |
|    clip_fraction        | 0.107       |
|    clip_range           | 0.2         |
|    entropy_loss         | -1.13       |
|    explained_variance   | 0.983       |
|    learning_rate        | 0.001       |
|    loss                 | -0.0105     |
|    n_updates            | 800         |
|    policy_gradient_loss | -0.0039     |
|    value_loss           | 0.0115      |
-----------------------------------------
---------------------------------
| rollout/           |          |
|    ep_len_mean     | 1.49e+03 |
|    ep_rew_mean     | 23       |
| time/              |          |
|    fps             | 1694     |
|    iterations      | 81       |
|    time_elapsed    | 391      |
|    total_timesteps | 663552   |
---------------------------------
-----------------------------------------
| rollout/                |             |
|    ep_len_mean          | 1.51e+03    |
|    ep_rew_mean          | 24.3        |
| time/                   |             |
|    fps                  | 1701        |
|    iterations           | 82          |
|    time_elapsed         | 394         |
|    total_timesteps      | 671744      |
| train/                  |             |
|    approx_kl            | 0.015300132 |
|    clip_fraction        | 0.155       |
|    clip_range           | 0.2         |
|    entropy_loss         | -1.13       |
|    explained_variance   | 0.98        |
|    learning_rate        | 0.001       |
|    loss                 | 0.000994    |
|    n_updates            | 810         |
|    policy_gradient_loss | -0.00694    |
|    value_loss           | 0.0169      |
-----------------------------------------
-----------------------------------------
| rollout/                |             |
|    ep_len_mean          | 1.54e+03    |
|    ep_rew_mean          | 25.6        |
| time/                   |             |
|    fps                  | 1707        |
|    iterations           | 83          |
|    time_elapsed         | 398         |
|    total_timesteps      | 679936      |
| train/                  |             |
|    approx_kl            | 0.010149004 |
|    clip_fraction        | 0.115       |
|    clip_range           | 0.2         |
|    entropy_loss         | -1.05       |
|    explained_variance   | 0.968       |
|    learning_rate        | 0.001       |
|    loss                 | 0.00573     |
|    n_updates            | 820         |
|    policy_gradient_loss | -0.00708    |
|    value_loss           | 0.041       |
-----------------------------------------
Eval num_timesteps=680000, episode_reward=-8.00 +/- 7.82
Episode length: 1778.40 +/- 45.52
-----------------------------------------
| eval/                   |             |
|    mean_ep_length       | 1.78e+03    |
|    mean_reward          | -8          |
| time/                   |             |
|    total_timesteps      | 680000      |
| train/                  |             |
|    approx_kl            | 0.010806544 |
|    clip_fraction        | 0.111       |
|    clip_range           | 0.2         |
|    entropy_loss         | -1.13       |
|    explained_variance   | 0.943       |
|    learning_rate        | 0.001       |
|    loss                 | -0.026      |
|    n_updates            | 830         |
|    policy_gradient_loss | -0.0124     |
|    value_loss           | 0.0208      |
-----------------------------------------
---------------------------------
| rollout/           |          |
|    ep_len_mean     | 1.56e+03 |
|    ep_rew_mean     | 27.3     |
| time/              |          |
|    fps             | 1664     |
|    iterations      | 84       |
|    time_elapsed    | 413      |
|    total_timesteps | 688128   |
---------------------------------
-----------------------------------------
| rollout/                |             |
|    ep_len_mean          | 1.58e+03    |
|    ep_rew_mean          | 28.9        |
| time/                   |             |
|    fps                  | 1669        |
|    iterations           | 85          |
|    time_elapsed         | 417         |
|    total_timesteps      | 696320      |
| train/                  |             |
|    approx_kl            | 0.008050587 |
|    clip_fraction        | 0.0835      |
|    clip_range           | 0.2         |
|    entropy_loss         | -1.03       |
|    explained_variance   | 0.995       |
|    learning_rate        | 0.001       |
|    loss                 | -0.00443    |
|    n_updates            | 840         |
|    policy_gradient_loss | -0.00466    |
|    value_loss           | 0.00405     |
-----------------------------------------
Eval num_timesteps=700000, episode_reward=-6.00 +/- 0.71
Episode length: 1801.00 +/- 0.00
-----------------------------------------
| eval/                   |             |
|    mean_ep_length       | 1.8e+03     |
|    mean_reward          | -6          |
| time/                   |             |
|    total_timesteps      | 700000      |
| train/                  |             |
|    approx_kl            | 0.011558601 |
|    clip_fraction        | 0.104       |
|    clip_range           | 0.2         |
|    entropy_loss         | -1.12       |
|    explained_variance   | 0.957       |
|    learning_rate        | 0.001       |
|    loss                 | -0.0108     |
|    n_updates            | 850         |
|    policy_gradient_loss | -0.00403    |
|    value_loss           | 0.0762      |
-----------------------------------------
New best mean reward!
---------------------------------
| rollout/           |          |
|    ep_len_mean     | 1.62e+03 |
|    ep_rew_mean     | 31.1     |
| time/              |          |
|    fps             | 1627     |
|    iterations      | 86       |
|    time_elapsed    | 432      |
|    total_timesteps | 704512   |
---------------------------------
------------------------------------------
| rollout/                |              |
|    ep_len_mean          | 1.64e+03     |
|    ep_rew_mean          | 32.4         |
| time/                   |              |
|    fps                  | 1632         |
|    iterations           | 87           |
|    time_elapsed         | 436          |
|    total_timesteps      | 712704       |
| train/                  |              |
|    approx_kl            | 0.0092236735 |
|    clip_fraction        | 0.0878       |
|    clip_range           | 0.2          |
|    entropy_loss         | -1.02        |
|    explained_variance   | 0.932        |
|    learning_rate        | 0.001        |
|    loss                 | -0.00628     |
|    n_updates            | 860          |
|    policy_gradient_loss | -0.00801     |
|    value_loss           | 0.142        |
------------------------------------------
Eval num_timesteps=720000, episode_reward=-22.25 +/- 0.34
Episode length: 833.80 +/- 304.70
-----------------------------------------
| eval/                   |             |
|    mean_ep_length       | 834         |
|    mean_reward          | -22.2       |
| time/                   |             |
|    total_timesteps      | 720000      |
| train/                  |             |
|    approx_kl            | 0.008387828 |
|    clip_fraction        | 0.0972      |
|    clip_range           | 0.2         |
|    entropy_loss         | -1.04       |
|    explained_variance   | 0.992       |
|    learning_rate        | 0.001       |
|    loss                 | -0.00703    |
|    n_updates            | 870         |
|    policy_gradient_loss | -0.00533    |
|    value_loss           | 0.00783     |
-----------------------------------------
---------------------------------
| rollout/           |          |
|    ep_len_mean     | 1.66e+03 |
|    ep_rew_mean     | 34.3     |
| time/              |          |
|    fps             | 1616     |
|    iterations      | 88       |
|    time_elapsed    | 445      |
|    total_timesteps | 720896   |
---------------------------------
-----------------------------------------
| rollout/                |             |
|    ep_len_mean          | 1.67e+03    |
|    ep_rew_mean          | 35.8        |
| time/                   |             |
|    fps                  | 1621        |
|    iterations           | 89          |
|    time_elapsed         | 449         |
|    total_timesteps      | 729088      |
| train/                  |             |
|    approx_kl            | 0.008240508 |
|    clip_fraction        | 0.0939      |
|    clip_range           | 0.2         |
|    entropy_loss         | -1.03       |
|    explained_variance   | 0.993       |
|    learning_rate        | 0.001       |
|    loss                 | -0.0041     |
|    n_updates            | 880         |
|    policy_gradient_loss | -0.00597    |
|    value_loss           | 0.00527     |
-----------------------------------------
-----------------------------------------
| rollout/                |             |
|    ep_len_mean          | 1.69e+03    |
|    ep_rew_mean          | 37.6        |
| time/                   |             |
|    fps                  | 1627        |
|    iterations           | 90          |
|    time_elapsed         | 453         |
|    total_timesteps      | 737280      |
| train/                  |             |
|    approx_kl            | 0.008145668 |
|    clip_fraction        | 0.0962      |
|    clip_range           | 0.2         |
|    entropy_loss         | -0.958      |
|    explained_variance   | 0.993       |
|    learning_rate        | 0.001       |
|    loss                 | -0.0239     |
|    n_updates            | 890         |
|    policy_gradient_loss | -0.00488    |
|    value_loss           | 0.00536     |
-----------------------------------------
Eval num_timesteps=740000, episode_reward=-3.35 +/- 0.95
Episode length: 1801.00 +/- 0.00
-----------------------------------------
| eval/                   |             |
|    mean_ep_length       | 1.8e+03     |
|    mean_reward          | -3.35       |
| time/                   |             |
|    total_timesteps      | 740000      |
| train/                  |             |
|    approx_kl            | 0.009277922 |
|    clip_fraction        | 0.135       |
|    clip_range           | 0.2         |
|    entropy_loss         | -0.991      |
|    explained_variance   | 0.994       |
|    learning_rate        | 0.001       |
|    loss                 | -0.00976    |
|    n_updates            | 900         |
|    policy_gradient_loss | -0.00713    |
|    value_loss           | 0.00442     |
-----------------------------------------
New best mean reward!
---------------------------------
| rollout/           |          |
|    ep_len_mean     | 1.7e+03  |
|    ep_rew_mean     | 38.8     |
| time/              |          |
|    fps             | 1590     |
|    iterations      | 91       |
|    time_elapsed    | 468      |
|    total_timesteps | 745472   |
---------------------------------
-----------------------------------------
| rollout/                |             |
|    ep_len_mean          | 1.71e+03    |
|    ep_rew_mean          | 40.2        |
| time/                   |             |
|    fps                  | 1596        |
|    iterations           | 92          |
|    time_elapsed         | 472         |
|    total_timesteps      | 753664      |
| train/                  |             |
|    approx_kl            | 0.008092109 |
|    clip_fraction        | 0.0959      |
|    clip_range           | 0.2         |
|    entropy_loss         | -0.909      |
|    explained_variance   | 0.995       |
|    learning_rate        | 0.001       |
|    loss                 | -0.0243     |
|    n_updates            | 910         |
|    policy_gradient_loss | -0.00789    |
|    value_loss           | 0.00451     |
-----------------------------------------
Eval num_timesteps=760000, episode_reward=-5.35 +/- 1.05
Episode length: 1801.00 +/- 0.00
-----------------------------------------
| eval/                   |             |
|    mean_ep_length       | 1.8e+03     |
|    mean_reward          | -5.35       |
| time/                   |             |
|    total_timesteps      | 760000      |
| train/                  |             |
|    approx_kl            | 0.008101731 |
|    clip_fraction        | 0.0939      |
|    clip_range           | 0.2         |
|    entropy_loss         | -0.971      |
|    explained_variance   | 0.997       |
|    learning_rate        | 0.001       |
|    loss                 | -0.00429    |
|    n_updates            | 920         |
|    policy_gradient_loss | -0.00562    |
|    value_loss           | 0.00209     |
-----------------------------------------
---------------------------------
| rollout/           |          |
|    ep_len_mean     | 1.73e+03 |
|    ep_rew_mean     | 42.4     |
| time/              |          |
|    fps             | 1563     |
|    iterations      | 93       |
|    time_elapsed    | 487      |
|    total_timesteps | 761856   |
---------------------------------
-----------------------------------------
| rollout/                |             |
|    ep_len_mean          | 1.74e+03    |
|    ep_rew_mean          | 43.2        |
| time/                   |             |
|    fps                  | 1569        |
|    iterations           | 94          |
|    time_elapsed         | 490         |
|    total_timesteps      | 770048      |
| train/                  |             |
|    approx_kl            | 0.017717212 |
|    clip_fraction        | 0.129       |
|    clip_range           | 0.2         |
|    entropy_loss         | -0.935      |
|    explained_variance   | 0.998       |
|    learning_rate        | 0.001       |
|    loss                 | -0.0359     |
|    n_updates            | 930         |
|    policy_gradient_loss | -0.00931    |
|    value_loss           | 0.00138     |
-----------------------------------------
-----------------------------------------
| rollout/                |             |
|    ep_len_mean          | 1.75e+03    |
|    ep_rew_mean          | 45          |
| time/                   |             |
|    fps                  | 1575        |
|    iterations           | 95          |
|    time_elapsed         | 493         |
|    total_timesteps      | 778240      |
| train/                  |             |
|    approx_kl            | 0.009006691 |
|    clip_fraction        | 0.105       |
|    clip_range           | 0.2         |
|    entropy_loss         | -1.02       |
|    explained_variance   | 0.997       |
|    learning_rate        | 0.001       |
|    loss                 | -0.00849    |
|    n_updates            | 940         |
|    policy_gradient_loss | -0.00534    |
|    value_loss           | 0.00246     |
-----------------------------------------
Eval num_timesteps=780000, episode_reward=-4.05 +/- 6.32
Episode length: 1765.10 +/- 107.70
-----------------------------------------
| eval/                   |             |
|    mean_ep_length       | 1.77e+03    |
|    mean_reward          | -4.05       |
| time/                   |             |
|    total_timesteps      | 780000      |
| train/                  |             |
|    approx_kl            | 0.011669624 |
|    clip_fraction        | 0.111       |
|    clip_range           | 0.2         |
|    entropy_loss         | -0.96       |
|    explained_variance   | 0.998       |
|    learning_rate        | 0.001       |
|    loss                 | 0.00564     |
|    n_updates            | 950         |
|    policy_gradient_loss | -0.00641    |
|    value_loss           | 0.00145     |
-----------------------------------------
---------------------------------
| rollout/           |          |
|    ep_len_mean     | 1.75e+03 |
|    ep_rew_mean     | 45.9     |
| time/              |          |
|    fps             | 1545     |
|    iterations      | 96       |
|    time_elapsed    | 508      |
|    total_timesteps | 786432   |
---------------------------------
-----------------------------------------
| rollout/                |             |
|    ep_len_mean          | 1.76e+03    |
|    ep_rew_mean          | 46.9        |
| time/                   |             |
|    fps                  | 1550        |
|    iterations           | 97          |
|    time_elapsed         | 512         |
|    total_timesteps      | 794624      |
| train/                  |             |
|    approx_kl            | 0.008902694 |
|    clip_fraction        | 0.0908      |
|    clip_range           | 0.2         |
|    entropy_loss         | -0.933      |
|    explained_variance   | 0.999       |
|    learning_rate        | 0.001       |
|    loss                 | -0.0197     |
|    n_updates            | 960         |
|    policy_gradient_loss | -0.00634    |
|    value_loss           | 0.000819    |
-----------------------------------------
Eval num_timesteps=800000, episode_reward=-12.60 +/- 9.81
Episode length: 1426.40 +/- 312.23
-----------------------------------------
| eval/                   |             |
|    mean_ep_length       | 1.43e+03    |
|    mean_reward          | -12.6       |
| time/                   |             |
|    total_timesteps      | 800000      |
| train/                  |             |
|    approx_kl            | 0.010390809 |
|    clip_fraction        | 0.107       |
|    clip_range           | 0.2         |
|    entropy_loss         | -0.961      |
|    explained_variance   | 0.999       |
|    learning_rate        | 0.001       |
|    loss                 | -0.0188     |
|    n_updates            | 970         |
|    policy_gradient_loss | -0.00634    |
|    value_loss           | 0.000871    |
-----------------------------------------
---------------------------------
| rollout/           |          |
|    ep_len_mean     | 1.77e+03 |
|    ep_rew_mean     | 47.7     |
| time/              |          |
|    fps             | 1527     |
|    iterations      | 98       |
|    time_elapsed    | 525      |
|    total_timesteps | 802816   |
---------------------------------
    -> lr_high: -3.60 +/- 0.90 (8.8 min)

=== [ent_default] axis=ent_coef lr=0.0003 net_arch=(64, 64) ent_coef=0.0 ===
Using cpu device
---------------------------------
| rollout/           |          |
|    ep_len_mean     | 243      |
|    ep_rew_mean     | -16.9    |
| time/              |          |
|    fps             | 4067     |
|    iterations      | 1        |
|    time_elapsed    | 2        |
|    total_timesteps | 8192     |
---------------------------------
-----------------------------------------
| rollout/                |             |
|    ep_len_mean          | 240         |
|    ep_rew_mean          | -16.8       |
| time/                   |             |
|    fps                  | 3074        |
|    iterations           | 2           |
|    time_elapsed         | 5           |
|    total_timesteps      | 16384       |
| train/                  |             |
|    approx_kl            | 0.011310045 |
|    clip_fraction        | 0.0658      |
|    clip_range           | 0.2         |
|    entropy_loss         | -1.78       |
|    explained_variance   | 0.0417      |
|    learning_rate        | 0.0003      |
|    loss                 | 0.771       |
|    n_updates            | 10          |
|    policy_gradient_loss | -0.00378    |
|    value_loss           | 3.36        |
-----------------------------------------
Eval num_timesteps=20000, episode_reward=-22.45 +/- 0.15
Episode length: 355.50 +/- 23.72
-----------------------------------------
| eval/                   |             |
|    mean_ep_length       | 356         |
|    mean_reward          | -22.4       |
| time/                   |             |
|    total_timesteps      | 20000       |
| train/                  |             |
|    approx_kl            | 0.010235202 |
|    clip_fraction        | 0.0451      |
|    clip_range           | 0.2         |
|    entropy_loss         | -1.78       |
|    explained_variance   | 0.794       |
|    learning_rate        | 0.0003      |
|    loss                 | 0.287       |
|    n_updates            | 20          |
|    policy_gradient_loss | -0.00167    |
|    value_loss           | 1.02        |
-----------------------------------------
New best mean reward!
---------------------------------
| rollout/           |          |
|    ep_len_mean     | 251      |
|    ep_rew_mean     | -16.6    |
| time/              |          |
|    fps             | 2272     |
|    iterations      | 3        |
|    time_elapsed    | 10       |
|    total_timesteps | 24576    |
---------------------------------
-----------------------------------------
| rollout/                |             |
|    ep_len_mean          | 275         |
|    ep_rew_mean          | -15.8       |
| time/                   |             |
|    fps                  | 2309        |
|    iterations           | 4           |
|    time_elapsed         | 14          |
|    total_timesteps      | 32768       |
| train/                  |             |
|    approx_kl            | 0.013843337 |
|    clip_fraction        | 0.14        |
|    clip_range           | 0.2         |
|    entropy_loss         | -1.75       |
|    explained_variance   | 0.938       |
|    learning_rate        | 0.0003      |
|    loss                 | 0.15        |
|    n_updates            | 30          |
|    policy_gradient_loss | -0.00454    |
|    value_loss           | 0.496       |
-----------------------------------------
Eval num_timesteps=40000, episode_reward=-22.40 +/- 0.20
Episode length: 364.30 +/- 24.61
-----------------------------------------
| eval/                   |             |
|    mean_ep_length       | 364         |
|    mean_reward          | -22.4       |
| time/                   |             |
|    total_timesteps      | 40000       |
| train/                  |             |
|    approx_kl            | 0.013243994 |
|    clip_fraction        | 0.125       |
|    clip_range           | 0.2         |
|    entropy_loss         | -1.7        |
|    explained_variance   | 0.958       |
|    learning_rate        | 0.0003      |
|    loss                 | 0.163       |
|    n_updates            | 40          |
|    policy_gradient_loss | -0.00458    |
|    value_loss           | 0.409       |
-----------------------------------------
New best mean reward!
---------------------------------
| rollout/           |          |
|    ep_len_mean     | 303      |
|    ep_rew_mean     | -14.7    |
| time/              |          |
|    fps             | 2049     |
|    iterations      | 5        |
|    time_elapsed    | 19       |
|    total_timesteps | 40960    |
---------------------------------
-----------------------------------------
| rollout/                |             |
|    ep_len_mean          | 333         |
|    ep_rew_mean          | -13.4       |
| time/                   |             |
|    fps                  | 2132        |
|    iterations           | 6           |
|    time_elapsed         | 23          |
|    total_timesteps      | 49152       |
| train/                  |             |
|    approx_kl            | 0.011440514 |
|    clip_fraction        | 0.0807      |
|    clip_range           | 0.2         |
|    entropy_loss         | -1.66       |
|    explained_variance   | 0.967       |
|    learning_rate        | 0.0003      |
|    loss                 | 0.202       |
|    n_updates            | 50          |
|    policy_gradient_loss | -0.00269    |
|    value_loss           | 0.355       |
-----------------------------------------
-----------------------------------------
| rollout/                |             |
|    ep_len_mean          | 356         |
|    ep_rew_mean          | -12.2       |
| time/                   |             |
|    fps                  | 2180        |
|    iterations           | 7           |
|    time_elapsed         | 26          |
|    total_timesteps      | 57344       |
| train/                  |             |
|    approx_kl            | 0.012261861 |
|    clip_fraction        | 0.126       |
|    clip_range           | 0.2         |
|    entropy_loss         | -1.57       |
|    explained_variance   | 0.977       |
|    learning_rate        | 0.0003      |
|    loss                 | 0.126       |
|    n_updates            | 60          |
|    policy_gradient_loss | -0.00357    |
|    value_loss           | 0.255       |
-----------------------------------------
Eval num_timesteps=60000, episode_reward=-22.25 +/- 0.34
Episode length: 348.60 +/- 27.86
-----------------------------------------
| eval/                   |             |
|    mean_ep_length       | 349         |
|    mean_reward          | -22.2       |
| time/                   |             |
|    total_timesteps      | 60000       |
| train/                  |             |
|    approx_kl            | 0.011756028 |
|    clip_fraction        | 0.0791      |
|    clip_range           | 0.2         |
|    entropy_loss         | -1.53       |
|    explained_variance   | 0.984       |
|    learning_rate        | 0.0003      |
|    loss                 | 0.108       |
|    n_updates            | 70          |
|    policy_gradient_loss | -0.00374    |
|    value_loss           | 0.238       |
-----------------------------------------
New best mean reward!
---------------------------------
| rollout/           |          |
|    ep_len_mean     | 368      |
|    ep_rew_mean     | -11.2    |
| time/              |          |
|    fps             | 2055     |
|    iterations      | 8        |
|    time_elapsed    | 31       |
|    total_timesteps | 65536    |
---------------------------------
-----------------------------------------
| rollout/                |             |
|    ep_len_mean          | 364         |
|    ep_rew_mean          | -11         |
| time/                   |             |
|    fps                  | 2099        |
|    iterations           | 9           |
|    time_elapsed         | 35          |
|    total_timesteps      | 73728       |
| train/                  |             |
|    approx_kl            | 0.011596651 |
|    clip_fraction        | 0.109       |
|    clip_range           | 0.2         |
|    entropy_loss         | -1.46       |
|    explained_variance   | 0.988       |
|    learning_rate        | 0.0003      |
|    loss                 | 0.0829      |
|    n_updates            | 80          |
|    policy_gradient_loss | -0.00306    |
|    value_loss           | 0.233       |
-----------------------------------------
Eval num_timesteps=80000, episode_reward=-22.35 +/- 0.32
Episode length: 348.40 +/- 21.66
-----------------------------------------
| eval/                   |             |
|    mean_ep_length       | 348         |
|    mean_reward          | -22.4       |
| time/                   |             |
|    total_timesteps      | 80000       |
| train/                  |             |
|    approx_kl            | 0.011287585 |
|    clip_fraction        | 0.0501      |
|    clip_range           | 0.2         |
|    entropy_loss         | -1.36       |
|    explained_variance   | 0.99        |
|    learning_rate        | 0.0003      |
|    loss                 | 0.0727      |
|    n_updates            | 90          |
|    policy_gradient_loss | -0.00291    |
|    value_loss           | 0.211       |
-----------------------------------------
---------------------------------
| rollout/           |          |
|    ep_len_mean     | 362      |
|    ep_rew_mean     | -11      |
| time/              |          |
|    fps             | 2000     |
|    iterations      | 10       |
|    time_elapsed    | 40       |
|    total_timesteps | 81920    |
---------------------------------
-----------------------------------------
| rollout/                |             |
|    ep_len_mean          | 361         |
|    ep_rew_mean          | -11.1       |
| time/                   |             |
|    fps                  | 2040        |
|    iterations           | 11          |
|    time_elapsed         | 44          |
|    total_timesteps      | 90112       |
| train/                  |             |
|    approx_kl            | 0.009037643 |
|    clip_fraction        | 0.0469      |
|    clip_range           | 0.2         |
|    entropy_loss         | -1.31       |
|    explained_variance   | 0.991       |
|    learning_rate        | 0.0003      |
|    loss                 | 0.1         |
|    n_updates            | 100         |
|    policy_gradient_loss | -0.00389    |
|    value_loss           | 0.187       |
-----------------------------------------
-----------------------------------------
| rollout/                |             |
|    ep_len_mean          | 360         |
|    ep_rew_mean          | -11.2       |
| time/                   |             |
|    fps                  | 2078        |
|    iterations           | 12          |
|    time_elapsed         | 47          |
|    total_timesteps      | 98304       |
| train/                  |             |
|    approx_kl            | 0.006751826 |
|    clip_fraction        | 0.06        |
|    clip_range           | 0.2         |
|    entropy_loss         | -1.28       |
|    explained_variance   | 0.991       |
|    learning_rate        | 0.0003      |
|    loss                 | 0.0785      |
|    n_updates            | 110         |
|    policy_gradient_loss | -0.00506    |
|    value_loss           | 0.186       |
-----------------------------------------
Eval num_timesteps=100000, episode_reward=-22.30 +/- 0.33
Episode length: 354.30 +/- 24.67
------------------------------------------
| eval/                   |              |
|    mean_ep_length       | 354          |
|    mean_reward          | -22.3        |
| time/                   |              |
|    total_timesteps      | 100000       |
| train/                  |              |
|    approx_kl            | 0.0071917344 |
|    clip_fraction        | 0.0544       |
|    clip_range           | 0.2          |
|    entropy_loss         | -1.24        |
|    explained_variance   | 0.992        |
|    learning_rate        | 0.0003       |
|    loss                 | 0.072        |
|    n_updates            | 120          |
|    policy_gradient_loss | -0.00365     |
|    value_loss           | 0.167        |
------------------------------------------
---------------------------------
| rollout/           |          |
|    ep_len_mean     | 363      |
|    ep_rew_mean     | -11.1    |
| time/              |          |
|    fps             | 2023     |
|    iterations      | 13       |
|    time_elapsed    | 52       |
|    total_timesteps | 106496   |
---------------------------------
-----------------------------------------
| rollout/                |             |
|    ep_len_mean          | 362         |
|    ep_rew_mean          | -11.2       |
| time/                   |             |
|    fps                  | 2056        |
|    iterations           | 14          |
|    time_elapsed         | 55          |
|    total_timesteps      | 114688      |
| train/                  |             |
|    approx_kl            | 0.004803071 |
|    clip_fraction        | 0.021       |
|    clip_range           | 0.2         |
|    entropy_loss         | -1.2        |
|    explained_variance   | 0.993       |
|    learning_rate        | 0.0003      |
|    loss                 | 0.064       |
|    n_updates            | 130         |
|    policy_gradient_loss | -0.00181    |
|    value_loss           | 0.162       |
-----------------------------------------
Eval num_timesteps=120000, episode_reward=-22.30 +/- 0.24
Episode length: 326.80 +/- 24.96
------------------------------------------
| eval/                   |              |
|    mean_ep_length       | 327          |
|    mean_reward          | -22.3        |
| time/                   |              |
|    total_timesteps      | 120000       |
| train/                  |              |
|    approx_kl            | 0.0042881565 |
|    clip_fraction        | 0.0386       |
|    clip_range           | 0.2          |
|    entropy_loss         | -1.2         |
|    explained_variance   | 0.993        |
|    learning_rate        | 0.0003       |
|    loss                 | 0.0647       |
|    n_updates            | 140          |
|    policy_gradient_loss | -0.00429     |
|    value_loss           | 0.149        |
------------------------------------------
---------------------------------
| rollout/           |          |
|    ep_len_mean     | 361      |
|    ep_rew_mean     | -11.2    |
| time/              |          |
|    fps             | 2005     |
|    iterations      | 15       |
|    time_elapsed    | 61       |
|    total_timesteps | 122880   |
---------------------------------
-----------------------------------------
| rollout/                |             |
|    ep_len_mean          | 358         |
|    ep_rew_mean          | -11.2       |
| time/                   |             |
|    fps                  | 2029        |
|    iterations           | 16          |
|    time_elapsed         | 64          |
|    total_timesteps      | 131072      |
| train/                  |             |
|    approx_kl            | 0.011937857 |
|    clip_fraction        | 0.0338      |
|    clip_range           | 0.2         |
|    entropy_loss         | -1.11       |
|    explained_variance   | 0.992       |
|    learning_rate        | 0.0003      |
|    loss                 | 0.117       |
|    n_updates            | 150         |
|    policy_gradient_loss | -0.00277    |
|    value_loss           | 0.163       |
-----------------------------------------
------------------------------------------
| rollout/                |              |
|    ep_len_mean          | 356          |
|    ep_rew_mean          | -11.3        |
| time/                   |              |
|    fps                  | 2053         |
|    iterations           | 17           |
|    time_elapsed         | 67           |
|    total_timesteps      | 139264       |
| train/                  |              |
|    approx_kl            | 0.0047079064 |
|    clip_fraction        | 0.0142       |
|    clip_range           | 0.2          |
|    entropy_loss         | -1.09        |
|    explained_variance   | 0.993        |
|    learning_rate        | 0.0003       |
|    loss                 | 0.0441       |
|    n_updates            | 160          |
|    policy_gradient_loss | -0.00246     |
|    value_loss           | 0.14         |
------------------------------------------
Eval num_timesteps=140000, episode_reward=-22.00 +/- 0.22
Episode length: 255.00 +/- 26.47
------------------------------------------
| eval/                   |              |
|    mean_ep_length       | 255          |
|    mean_reward          | -22          |
| time/                   |              |
|    total_timesteps      | 140000       |
| train/                  |              |
|    approx_kl            | 0.0066306433 |
|    clip_fraction        | 0.0176       |
|    clip_range           | 0.2          |
|    entropy_loss         | -1.06        |
|    explained_variance   | 0.993        |
|    learning_rate        | 0.0003       |
|    loss                 | 0.0695       |
|    n_updates            | 170          |
|    policy_gradient_loss | -0.0012      |
|    value_loss           | 0.148        |
------------------------------------------
New best mean reward!
---------------------------------
| rollout/           |          |
|    ep_len_mean     | 356      |
|    ep_rew_mean     | -11.3    |
| time/              |          |
|    fps             | 2034     |
|    iterations      | 18       |
|    time_elapsed    | 72       |
|    total_timesteps | 147456   |
---------------------------------
------------------------------------------
| rollout/                |              |
|    ep_len_mean          | 355          |
|    ep_rew_mean          | -11.3        |
| time/                   |              |
|    fps                  | 2055         |
|    iterations           | 19           |
|    time_elapsed         | 75           |
|    total_timesteps      | 155648       |
| train/                  |              |
|    approx_kl            | 0.0068931915 |
|    clip_fraction        | 0.0275       |
|    clip_range           | 0.2          |
|    entropy_loss         | -1.07        |
|    explained_variance   | 0.993        |
|    learning_rate        | 0.0003       |
|    loss                 | 0.0667       |
|    n_updates            | 180          |
|    policy_gradient_loss | -0.00261     |
|    value_loss           | 0.141        |
------------------------------------------
Eval num_timesteps=160000, episode_reward=-22.35 +/- 0.23
Episode length: 331.80 +/- 36.21
-----------------------------------------
| eval/                   |             |
|    mean_ep_length       | 332         |
|    mean_reward          | -22.4       |
| time/                   |             |
|    total_timesteps      | 160000      |
| train/                  |             |
|    approx_kl            | 0.003759823 |
|    clip_fraction        | 0.0177      |
|    clip_range           | 0.2         |
|    entropy_loss         | -1.07       |
|    explained_variance   | 0.993       |
|    learning_rate        | 0.0003      |
|    loss                 | 0.0665      |
|    n_updates            | 190         |
|    policy_gradient_loss | -0.00184    |
|    value_loss           | 0.145       |
-----------------------------------------
---------------------------------
| rollout/           |          |
|    ep_len_mean     | 355      |
|    ep_rew_mean     | -11.2    |
| time/              |          |
|    fps             | 2017     |
|    iterations      | 20       |
|    time_elapsed    | 81       |
|    total_timesteps | 163840   |
---------------------------------
-----------------------------------------
| rollout/                |             |
|    ep_len_mean          | 355         |
|    ep_rew_mean          | -11.2       |
| time/                   |             |
|    fps                  | 2037        |
|    iterations           | 21          |
|    time_elapsed         | 84          |
|    total_timesteps      | 172032      |
| train/                  |             |
|    approx_kl            | 0.005002051 |
|    clip_fraction        | 0.016       |
|    clip_range           | 0.2         |
|    entropy_loss         | -1.02       |
|    explained_variance   | 0.993       |
|    learning_rate        | 0.0003      |
|    loss                 | 0.0585      |
|    n_updates            | 200         |
|    policy_gradient_loss | -0.0018     |
|    value_loss           | 0.138       |
-----------------------------------------
Eval num_timesteps=180000, episode_reward=-22.40 +/- 0.30
Episode length: 345.70 +/- 19.81
----------------------------------------
| eval/                   |            |
|    mean_ep_length       | 346        |
|    mean_reward          | -22.4      |
| time/                   |            |
|    total_timesteps      | 180000     |
| train/                  |            |
|    approx_kl            | 0.00778851 |
|    clip_fraction        | 0.0377     |
|    clip_range           | 0.2        |
|    entropy_loss         | -1.01      |
|    explained_variance   | 0.993      |
|    learning_rate        | 0.0003     |
|    loss                 | 0.0799     |
|    n_updates            | 210        |
|    policy_gradient_loss | -0.00225   |
|    value_loss           | 0.142      |
----------------------------------------
---------------------------------
| rollout/           |          |
|    ep_len_mean     | 355      |
|    ep_rew_mean     | -11.1    |
| time/              |          |
|    fps             | 2005     |
|    iterations      | 22       |
|    time_elapsed    | 89       |
|    total_timesteps | 180224   |
---------------------------------
-----------------------------------------
| rollout/                |             |
|    ep_len_mean          | 353         |
|    ep_rew_mean          | -11.2       |
| time/                   |             |
|    fps                  | 2021        |
|    iterations           | 23          |
|    time_elapsed         | 93          |
|    total_timesteps      | 188416      |
| train/                  |             |
|    approx_kl            | 0.008848955 |
|    clip_fraction        | 0.0895      |
|    clip_range           | 0.2         |
|    entropy_loss         | -0.982      |
|    explained_variance   | 0.993       |
|    learning_rate        | 0.0003      |
|    loss                 | 0.0662      |
|    n_updates            | 220         |
|    policy_gradient_loss | -0.00231    |
|    value_loss           | 0.137       |
-----------------------------------------
------------------------------------------
| rollout/                |              |
|    ep_len_mean          | 352          |
|    ep_rew_mean          | -11.2        |
| time/                   |              |
|    fps                  | 2036         |
|    iterations           | 24           |
|    time_elapsed         | 96           |
|    total_timesteps      | 196608       |
| train/                  |              |
|    approx_kl            | 0.0089491345 |
|    clip_fraction        | 0.0647       |
|    clip_range           | 0.2          |
|    entropy_loss         | -0.952       |
|    explained_variance   | 0.993        |
|    learning_rate        | 0.0003       |
|    loss                 | 0.0717       |
|    n_updates            | 230          |
|    policy_gradient_loss | -0.00379     |
|    value_loss           | 0.148        |
------------------------------------------
Eval num_timesteps=200000, episode_reward=-22.40 +/- 0.20
Episode length: 353.00 +/- 14.40
------------------------------------------
| eval/                   |              |
|    mean_ep_length       | 353          |
|    mean_reward          | -22.4        |
| time/                   |              |
|    total_timesteps      | 200000       |
| train/                  |              |
|    approx_kl            | 0.0051953206 |
|    clip_fraction        | 0.0151       |
|    clip_range           | 0.2          |
|    entropy_loss         | -0.927       |
|    explained_variance   | 0.993        |
|    learning_rate        | 0.0003       |
|    loss                 | 0.0892       |
|    n_updates            | 240          |
|    policy_gradient_loss | -0.00171     |
|    value_loss           | 0.135        |
------------------------------------------
---------------------------------
| rollout/           |          |
|    ep_len_mean     | 351      |
|    ep_rew_mean     | -11.3    |
| time/              |          |
|    fps             | 2006     |
|    iterations      | 25       |
|    time_elapsed    | 102      |
|    total_timesteps | 204800   |
---------------------------------
------------------------------------------
| rollout/                |              |
|    ep_len_mean          | 351          |
|    ep_rew_mean          | -11.3        |
| time/                   |              |
|    fps                  | 2021         |
|    iterations           | 26           |
|    time_elapsed         | 105          |
|    total_timesteps      | 212992       |
| train/                  |              |
|    approx_kl            | 0.0076198997 |
|    clip_fraction        | 0.0783       |
|    clip_range           | 0.2          |
|    entropy_loss         | -0.882       |
|    explained_variance   | 0.993        |
|    learning_rate        | 0.0003       |
|    loss                 | 0.0781       |
|    n_updates            | 250          |
|    policy_gradient_loss | -0.00303     |
|    value_loss           | 0.138        |
------------------------------------------
Eval num_timesteps=220000, episode_reward=-22.35 +/- 0.32
Episode length: 359.70 +/- 13.12
-----------------------------------------
| eval/                   |             |
|    mean_ep_length       | 360         |
|    mean_reward          | -22.4       |
| time/                   |             |
|    total_timesteps      | 220000      |
| train/                  |             |
|    approx_kl            | 0.004355898 |
|    clip_fraction        | 0.0418      |
|    clip_range           | 0.2         |
|    entropy_loss         | -0.843      |
|    explained_variance   | 0.994       |
|    learning_rate        | 0.0003      |
|    loss                 | 0.0577      |
|    n_updates            | 260         |
|    policy_gradient_loss | -0.0036     |
|    value_loss           | 0.121       |
-----------------------------------------
---------------------------------
| rollout/           |          |
|    ep_len_mean     | 352      |
|    ep_rew_mean     | -11.1    |
| time/              |          |
|    fps             | 1989     |
|    iterations      | 27       |
|    time_elapsed    | 111      |
|    total_timesteps | 221184   |
---------------------------------
------------------------------------------
| rollout/                |              |
|    ep_len_mean          | 354          |
|    ep_rew_mean          | -11          |
| time/                   |              |
|    fps                  | 2003         |
|    iterations           | 28           |
|    time_elapsed         | 114          |
|    total_timesteps      | 229376       |
| train/                  |              |
|    approx_kl            | 0.0052905986 |
|    clip_fraction        | 0.0532       |
|    clip_range           | 0.2          |
|    entropy_loss         | -0.782       |
|    explained_variance   | 0.994        |
|    learning_rate        | 0.0003       |
|    loss                 | 0.0558       |
|    n_updates            | 270          |
|    policy_gradient_loss | -0.00227     |
|    value_loss           | 0.122        |
------------------------------------------
-----------------------------------------
| rollout/                |             |
|    ep_len_mean          | 353         |
|    ep_rew_mean          | -11         |
| time/                   |             |
|    fps                  | 2018        |
|    iterations           | 29          |
|    time_elapsed         | 117         |
|    total_timesteps      | 237568      |
| train/                  |             |
|    approx_kl            | 0.005595172 |
|    clip_fraction        | 0.0451      |
|    clip_range           | 0.2         |
|    entropy_loss         | -0.756      |
|    explained_variance   | 0.994       |
|    learning_rate        | 0.0003      |
|    loss                 | 0.0817      |
|    n_updates            | 280         |
|    policy_gradient_loss | -0.00129    |
|    value_loss           | 0.133       |
-----------------------------------------
Eval num_timesteps=240000, episode_reward=-22.45 +/- 0.15
Episode length: 355.60 +/- 15.44
-----------------------------------------
| eval/                   |             |
|    mean_ep_length       | 356         |
|    mean_reward          | -22.4       |
| time/                   |             |
|    total_timesteps      | 240000      |
| train/                  |             |
|    approx_kl            | 0.006087103 |
|    clip_fraction        | 0.0674      |
|    clip_range           | 0.2         |
|    entropy_loss         | -0.715      |
|    explained_variance   | 0.993       |
|    learning_rate        | 0.0003      |
|    loss                 | 0.0815      |
|    n_updates            | 290         |
|    policy_gradient_loss | -0.00245    |
|    value_loss           | 0.141       |
-----------------------------------------
---------------------------------
| rollout/           |          |
|    ep_len_mean     | 353      |
|    ep_rew_mean     | -11      |
| time/              |          |
|    fps             | 1993     |
|    iterations      | 30       |
|    time_elapsed    | 123      |
|    total_timesteps | 245760   |
---------------------------------
------------------------------------------
| rollout/                |              |
|    ep_len_mean          | 357          |
|    ep_rew_mean          | -10.9        |
| time/                   |              |
|    fps                  | 2008         |
|    iterations           | 31           |
|    time_elapsed         | 126          |
|    total_timesteps      | 253952       |
| train/                  |              |
|    approx_kl            | 0.0065466687 |
|    clip_fraction        | 0.0938       |
|    clip_range           | 0.2          |
|    entropy_loss         | -0.711       |
|    explained_variance   | 0.993        |
|    learning_rate        | 0.0003       |
|    loss                 | 0.0768       |
|    n_updates            | 300          |
|    policy_gradient_loss | -0.00519     |
|    value_loss           | 0.134        |
------------------------------------------
Eval num_timesteps=260000, episode_reward=-22.25 +/- 0.51
Episode length: 362.20 +/- 21.36
-----------------------------------------
| eval/                   |             |
|    mean_ep_length       | 362         |
|    mean_reward          | -22.2       |
| time/                   |             |
|    total_timesteps      | 260000      |
| train/                  |             |
|    approx_kl            | 0.006238926 |
|    clip_fraction        | 0.0909      |
|    clip_range           | 0.2         |
|    entropy_loss         | -0.715      |
|    explained_variance   | 0.995       |
|    learning_rate        | 0.0003      |
|    loss                 | 0.0328      |
|    n_updates            | 310         |
|    policy_gradient_loss | -0.00493    |
|    value_loss           | 0.102       |
-----------------------------------------
---------------------------------
| rollout/           |          |
|    ep_len_mean     | 357      |
|    ep_rew_mean     | -10.9    |
| time/              |          |
|    fps             | 1984     |
|    iterations      | 32       |
|    time_elapsed    | 132      |
|    total_timesteps | 262144   |
---------------------------------
-----------------------------------------
| rollout/                |             |
|    ep_len_mean          | 360         |
|    ep_rew_mean          | -10.9       |
| time/                   |             |
|    fps                  | 1995        |
|    iterations           | 33          |
|    time_elapsed         | 135         |
|    total_timesteps      | 270336      |
| train/                  |             |
|    approx_kl            | 0.004514222 |
|    clip_fraction        | 0.0538      |
|    clip_range           | 0.2         |
|    entropy_loss         | -0.732      |
|    explained_variance   | 0.992       |
|    learning_rate        | 0.0003      |
|    loss                 | 0.0619      |
|    n_updates            | 320         |
|    policy_gradient_loss | -0.00285    |
|    value_loss           | 0.128       |
-----------------------------------------
-----------------------------------------
| rollout/                |             |
|    ep_len_mean          | 361         |
|    ep_rew_mean          | -10.8       |
| time/                   |             |
|    fps                  | 2007        |
|    iterations           | 34          |
|    time_elapsed         | 138         |
|    total_timesteps      | 278528      |
| train/                  |             |
|    approx_kl            | 0.004126779 |
|    clip_fraction        | 0.0501      |
|    clip_range           | 0.2         |
|    entropy_loss         | -0.737      |
|    explained_variance   | 0.994       |
|    learning_rate        | 0.0003      |
|    loss                 | 0.0518      |
|    n_updates            | 330         |
|    policy_gradient_loss | -0.00292    |
|    value_loss           | 0.117       |
-----------------------------------------
Eval num_timesteps=280000, episode_reward=-22.40 +/- 0.20
Episode length: 344.10 +/- 17.18
-----------------------------------------
| eval/                   |             |
|    mean_ep_length       | 344         |
|    mean_reward          | -22.4       |
| time/                   |             |
|    total_timesteps      | 280000      |
| train/                  |             |
|    approx_kl            | 0.004671311 |
|    clip_fraction        | 0.0516      |
|    clip_range           | 0.2         |
|    entropy_loss         | -0.802      |
|    explained_variance   | 0.993       |
|    learning_rate        | 0.0003      |
|    loss                 | 0.049       |
|    n_updates            | 340         |
|    policy_gradient_loss | -0.00438    |
|    value_loss           | 0.129       |
-----------------------------------------
---------------------------------
| rollout/           |          |
|    ep_len_mean     | 362      |
|    ep_rew_mean     | -10.9    |
| time/              |          |
|    fps             | 1987     |
|    iterations      | 35       |
|    time_elapsed    | 144      |
|    total_timesteps | 286720   |
---------------------------------
-----------------------------------------
| rollout/                |             |
|    ep_len_mean          | 363         |
|    ep_rew_mean          | -10.9       |
| time/                   |             |
|    fps                  | 1996        |
|    iterations           | 36          |
|    time_elapsed         | 147         |
|    total_timesteps      | 294912      |
| train/                  |             |
|    approx_kl            | 0.003060718 |
|    clip_fraction        | 0.0195      |
|    clip_range           | 0.2         |
|    entropy_loss         | -0.807      |
|    explained_variance   | 0.992       |
|    learning_rate        | 0.0003      |
|    loss                 | 0.0605      |
|    n_updates            | 350         |
|    policy_gradient_loss | -0.00155    |
|    value_loss           | 0.145       |
-----------------------------------------
Eval num_timesteps=300000, episode_reward=-22.45 +/- 0.15
Episode length: 357.20 +/- 17.65
-----------------------------------------
| eval/                   |             |
|    mean_ep_length       | 357         |
|    mean_reward          | -22.4       |
| time/                   |             |
|    total_timesteps      | 300000      |
| train/                  |             |
|    approx_kl            | 0.004571367 |
|    clip_fraction        | 0.0375      |
|    clip_range           | 0.2         |
|    entropy_loss         | -0.854      |
|    explained_variance   | 0.993       |
|    learning_rate        | 0.0003      |
|    loss                 | 0.067       |
|    n_updates            | 360         |
|    policy_gradient_loss | -0.00321    |
|    value_loss           | 0.126       |
-----------------------------------------
---------------------------------
| rollout/           |          |
|    ep_len_mean     | 366      |
|    ep_rew_mean     | -11      |
| time/              |          |
|    fps             | 1973     |
|    iterations      | 37       |
|    time_elapsed    | 153      |
|    total_timesteps | 303104   |
---------------------------------
----------------------------------------
| rollout/                |            |
|    ep_len_mean          | 367        |
|    ep_rew_mean          | -11.1      |
| time/                   |            |
|    fps                  | 1982       |
|    iterations           | 38         |
|    time_elapsed         | 157        |
|    total_timesteps      | 311296     |
| train/                  |            |
|    approx_kl            | 0.00454293 |
|    clip_fraction        | 0.0355     |
|    clip_range           | 0.2        |
|    entropy_loss         | -0.844     |
|    explained_variance   | 0.993      |
|    learning_rate        | 0.0003     |
|    loss                 | 0.0474     |
|    n_updates            | 370        |
|    policy_gradient_loss | -0.00307   |
|    value_loss           | 0.132      |
----------------------------------------
-----------------------------------------
| rollout/                |             |
|    ep_len_mean          | 371         |
|    ep_rew_mean          | -11.1       |
| time/                   |             |
|    fps                  | 1993        |
|    iterations           | 39          |
|    time_elapsed         | 160         |
|    total_timesteps      | 319488      |
| train/                  |             |
|    approx_kl            | 0.003631854 |
|    clip_fraction        | 0.0318      |
|    clip_range           | 0.2         |
|    entropy_loss         | -0.861      |
|    explained_variance   | 0.992       |
|    learning_rate        | 0.0003      |
|    loss                 | 0.0655      |
|    n_updates            | 380         |
|    policy_gradient_loss | -0.0018     |
|    value_loss           | 0.144       |
-----------------------------------------
Eval num_timesteps=320000, episode_reward=-22.85 +/- 0.23
Episode length: 413.10 +/- 26.14
------------------------------------------
| eval/                   |              |
|    mean_ep_length       | 413          |
|    mean_reward          | -22.9        |
| time/                   |              |
|    total_timesteps      | 320000       |
| train/                  |              |
|    approx_kl            | 0.0058721676 |
|    clip_fraction        | 0.0501       |
|    clip_range           | 0.2          |
|    entropy_loss         | -0.839       |
|    explained_variance   | 0.992        |
|    learning_rate        | 0.0003       |
|    loss                 | 0.0635       |
|    n_updates            | 390          |
|    policy_gradient_loss | -0.00598     |
|    value_loss           | 0.132        |
------------------------------------------
---------------------------------
| rollout/           |          |
|    ep_len_mean     | 376      |
|    ep_rew_mean     | -11.2    |
| time/              |          |
|    fps             | 1968     |
|    iterations      | 40       |
|    time_elapsed    | 166      |
|    total_timesteps | 327680   |
---------------------------------
-----------------------------------------
| rollout/                |             |
|    ep_len_mean          | 378         |
|    ep_rew_mean          | -11.1       |
| time/                   |             |
|    fps                  | 1977        |
|    iterations           | 41          |
|    time_elapsed         | 169         |
|    total_timesteps      | 335872      |
| train/                  |             |
|    approx_kl            | 0.006044437 |
|    clip_fraction        | 0.0641      |
|    clip_range           | 0.2         |
|    entropy_loss         | -0.831      |
|    explained_variance   | 0.993       |
|    learning_rate        | 0.0003      |
|    loss                 | 0.0569      |
|    n_updates            | 400         |
|    policy_gradient_loss | -0.00419    |
|    value_loss           | 0.13        |
-----------------------------------------
Eval num_timesteps=340000, episode_reward=-22.85 +/- 0.23
Episode length: 412.90 +/- 19.31
------------------------------------------
| eval/                   |              |
|    mean_ep_length       | 413          |
|    mean_reward          | -22.9        |
| time/                   |              |
|    total_timesteps      | 340000       |
| train/                  |              |
|    approx_kl            | 0.0034048147 |
|    clip_fraction        | 0.0313       |
|    clip_range           | 0.2          |
|    entropy_loss         | -0.805       |
|    explained_variance   | 0.993        |
|    learning_rate        | 0.0003       |
|    loss                 | 0.0702       |
|    n_updates            | 410          |
|    policy_gradient_loss | -0.00163     |
|    value_loss           | 0.13         |
------------------------------------------
---------------------------------
| rollout/           |          |
|    ep_len_mean     | 380      |
|    ep_rew_mean     | -10.9    |
| time/              |          |
|    fps             | 1956     |
|    iterations      | 42       |
|    time_elapsed    | 175      |
|    total_timesteps | 344064   |
---------------------------------
-----------------------------------------
| rollout/                |             |
|    ep_len_mean          | 384         |
|    ep_rew_mean          | -10.8       |
| time/                   |             |
|    fps                  | 1963        |
|    iterations           | 43          |
|    time_elapsed         | 179         |
|    total_timesteps      | 352256      |
| train/                  |             |
|    approx_kl            | 0.003859096 |
|    clip_fraction        | 0.0408      |
|    clip_range           | 0.2         |
|    entropy_loss         | -0.796      |
|    explained_variance   | 0.994       |
|    learning_rate        | 0.0003      |
|    loss                 | 0.051       |
|    n_updates            | 420         |
|    policy_gradient_loss | -0.00202    |
|    value_loss           | 0.113       |
-----------------------------------------
Eval num_timesteps=360000, episode_reward=-22.90 +/- 0.30
Episode length: 429.80 +/- 41.30
-----------------------------------------
| eval/                   |             |
|    mean_ep_length       | 430         |
|    mean_reward          | -22.9       |
| time/                   |             |
|    total_timesteps      | 360000      |
| train/                  |             |
|    approx_kl            | 0.005244349 |
|    clip_fraction        | 0.047       |
|    clip_range           | 0.2         |
|    entropy_loss         | -0.809      |
|    explained_variance   | 0.995       |
|    learning_rate        | 0.0003      |
|    loss                 | 0.0479      |
|    n_updates            | 430         |
|    policy_gradient_loss | -0.00224    |
|    value_loss           | 0.103       |
-----------------------------------------
---------------------------------
| rollout/           |          |
|    ep_len_mean     | 385      |
|    ep_rew_mean     | -10.6    |
| time/              |          |
|    fps             | 1942     |
|    iterations      | 44       |
|    time_elapsed    | 185      |
|    total_timesteps | 360448   |
---------------------------------
------------------------------------------
| rollout/                |              |
|    ep_len_mean          | 388          |
|    ep_rew_mean          | -10.4        |
| time/                   |              |
|    fps                  | 1952         |
|    iterations           | 45           |
|    time_elapsed         | 188          |
|    total_timesteps      | 368640       |
| train/                  |              |
|    approx_kl            | 0.0046899784 |
|    clip_fraction        | 0.0334       |
|    clip_range           | 0.2          |
|    entropy_loss         | -0.759       |
|    explained_variance   | 0.995        |
|    learning_rate        | 0.0003       |
|    loss                 | 0.0593       |
|    n_updates            | 440          |
|    policy_gradient_loss | -0.00192     |
|    value_loss           | 0.11         |
------------------------------------------
------------------------------------------
| rollout/                |              |
|    ep_len_mean          | 393          |
|    ep_rew_mean          | -10.2        |
| time/                   |              |
|    fps                  | 1960         |
|    iterations           | 46           |
|    time_elapsed         | 192          |
|    total_timesteps      | 376832       |
| train/                  |              |
|    approx_kl            | 0.0034081498 |
|    clip_fraction        | 0.0359       |
|    clip_range           | 0.2          |
|    entropy_loss         | -0.711       |
|    explained_variance   | 0.995        |
|    learning_rate        | 0.0003       |
|    loss                 | 0.0518       |
|    n_updates            | 450          |
|    policy_gradient_loss | -0.00352     |
|    value_loss           | 0.0857       |
------------------------------------------
Eval num_timesteps=380000, episode_reward=-22.85 +/- 0.32
Episode length: 458.00 +/- 33.67
------------------------------------------
| eval/                   |              |
|    mean_ep_length       | 458          |
|    mean_reward          | -22.9        |
| time/                   |              |
|    total_timesteps      | 380000       |
| train/                  |              |
|    approx_kl            | 0.0072406707 |
|    clip_fraction        | 0.0812       |
|    clip_range           | 0.2          |
|    entropy_loss         | -0.792       |
|    explained_variance   | 0.996        |
|    learning_rate        | 0.0003       |
|    loss                 | 0.0376       |
|    n_updates            | 460          |
|    policy_gradient_loss | -0.00522     |
|    value_loss           | 0.0882       |
------------------------------------------
---------------------------------
| rollout/           |          |
|    ep_len_mean     | 397      |
|    ep_rew_mean     | -9.93    |
| time/              |          |
|    fps             | 1936     |
|    iterations      | 47       |
|    time_elapsed    | 198      |
|    total_timesteps | 385024   |
---------------------------------
------------------------------------------
| rollout/                |              |
|    ep_len_mean          | 399          |
|    ep_rew_mean          | -9.8         |
| time/                   |              |
|    fps                  | 1944         |
|    iterations           | 48           |
|    time_elapsed         | 202          |
|    total_timesteps      | 393216       |
| train/                  |              |
|    approx_kl            | 0.0045034047 |
|    clip_fraction        | 0.0395       |
|    clip_range           | 0.2          |
|    entropy_loss         | -0.837       |
|    explained_variance   | 0.996        |
|    learning_rate        | 0.0003       |
|    loss                 | 0.0499       |
|    n_updates            | 470          |
|    policy_gradient_loss | -0.00271     |
|    value_loss           | 0.0999       |
------------------------------------------
Eval num_timesteps=400000, episode_reward=-22.80 +/- 0.46
Episode length: 446.60 +/- 35.57
-----------------------------------------
| eval/                   |             |
|    mean_ep_length       | 447         |
|    mean_reward          | -22.8       |
| time/                   |             |
|    total_timesteps      | 400000      |
| train/                  |             |
|    approx_kl            | 0.003668502 |
|    clip_fraction        | 0.0343      |
|    clip_range           | 0.2         |
|    entropy_loss         | -0.872      |
|    explained_variance   | 0.996       |
|    learning_rate        | 0.0003      |
|    loss                 | 0.0466      |
|    n_updates            | 480         |
|    policy_gradient_loss | -0.00232    |
|    value_loss           | 0.0837      |
-----------------------------------------
---------------------------------
| rollout/           |          |
|    ep_len_mean     | 399      |
|    ep_rew_mean     | -9.69    |
| time/              |          |
|    fps             | 1923     |
|    iterations      | 49       |
|    time_elapsed    | 208      |
|    total_timesteps | 401408   |
---------------------------------
------------------------------------------
| rollout/                |              |
|    ep_len_mean          | 400          |
|    ep_rew_mean          | -9.44        |
| time/                   |              |
|    fps                  | 1932         |
|    iterations           | 50           |
|    time_elapsed         | 212          |
|    total_timesteps      | 409600       |
| train/                  |              |
|    approx_kl            | 0.0057923105 |
|    clip_fraction        | 0.0511       |
|    clip_range           | 0.2          |
|    entropy_loss         | -0.905       |
|    explained_variance   | 0.996        |
|    learning_rate        | 0.0003       |
|    loss                 | 0.031        |
|    n_updates            | 490          |
|    policy_gradient_loss | -0.00204     |
|    value_loss           | 0.0966       |
------------------------------------------
------------------------------------------
| rollout/                |              |
|    ep_len_mean          | 402          |
|    ep_rew_mean          | -9.24        |
| time/                   |              |
|    fps                  | 1940         |
|    iterations           | 51           |
|    time_elapsed         | 215          |
|    total_timesteps      | 417792       |
| train/                  |              |
|    approx_kl            | 0.0044435994 |
|    clip_fraction        | 0.0271       |
|    clip_range           | 0.2          |
|    entropy_loss         | -0.923       |
|    explained_variance   | 0.996        |
|    learning_rate        | 0.0003       |
|    loss                 | 0.0414       |
|    n_updates            | 500          |
|    policy_gradient_loss | -0.00131     |
|    value_loss           | 0.0862       |
------------------------------------------
Eval num_timesteps=420000, episode_reward=-22.90 +/- 0.20
Episode length: 429.70 +/- 21.92
-----------------------------------------
| eval/                   |             |
|    mean_ep_length       | 430         |
|    mean_reward          | -22.9       |
| time/                   |             |
|    total_timesteps      | 420000      |
| train/                  |             |
|    approx_kl            | 0.004927746 |
|    clip_fraction        | 0.0363      |
|    clip_range           | 0.2         |
|    entropy_loss         | -0.977      |
|    explained_variance   | 0.997       |
|    learning_rate        | 0.0003      |
|    loss                 | 0.0424      |
|    n_updates            | 510         |
|    policy_gradient_loss | -0.00223    |
|    value_loss           | 0.0825      |
-----------------------------------------
---------------------------------
| rollout/           |          |
|    ep_len_mean     | 406      |
|    ep_rew_mean     | -9.03    |
| time/              |          |
|    fps             | 1925     |
|    iterations      | 52       |
|    time_elapsed    | 221      |
|    total_timesteps | 425984   |
---------------------------------
-----------------------------------------
| rollout/                |             |
|    ep_len_mean          | 410         |
|    ep_rew_mean          | -8.72       |
| time/                   |             |
|    fps                  | 1933        |
|    iterations           | 53          |
|    time_elapsed         | 224         |
|    total_timesteps      | 434176      |
| train/                  |             |
|    approx_kl            | 0.004357647 |
|    clip_fraction        | 0.031       |
|    clip_range           | 0.2         |
|    entropy_loss         | -1.03       |
|    explained_variance   | 0.997       |
|    learning_rate        | 0.0003      |
|    loss                 | 0.0341      |
|    n_updates            | 520         |
|    policy_gradient_loss | -0.00193    |
|    value_loss           | 0.0786      |
-----------------------------------------
Eval num_timesteps=440000, episode_reward=-22.90 +/- 0.20
Episode length: 424.20 +/- 22.23
------------------------------------------
| eval/                   |              |
|    mean_ep_length       | 424          |
|    mean_reward          | -22.9        |
| time/                   |              |
|    total_timesteps      | 440000       |
| train/                  |              |
|    approx_kl            | 0.0032798606 |
|    clip_fraction        | 0.039        |
|    clip_range           | 0.2          |
|    entropy_loss         | -1.07        |
|    explained_variance   | 0.993        |
|    learning_rate        | 0.0003       |
|    loss                 | 0.0353       |
|    n_updates            | 530          |
|    policy_gradient_loss | -0.00291     |
|    value_loss           | 0.103        |
------------------------------------------
---------------------------------
| rollout/           |          |
|    ep_len_mean     | 419      |
|    ep_rew_mean     | -8.35    |
| time/              |          |
|    fps             | 1916     |
|    iterations      | 54       |
|    time_elapsed    | 230      |
|    total_timesteps | 442368   |
---------------------------------
-----------------------------------------
| rollout/                |             |
|    ep_len_mean          | 424         |
|    ep_rew_mean          | -8.16       |
| time/                   |             |
|    fps                  | 1924        |
|    iterations           | 55          |
|    time_elapsed         | 234         |
|    total_timesteps      | 450560      |
| train/                  |             |
|    approx_kl            | 0.007486565 |
|    clip_fraction        | 0.0974      |
|    clip_range           | 0.2         |
|    entropy_loss         | -1.1        |
|    explained_variance   | 0.996       |
|    learning_rate        | 0.0003      |
|    loss                 | 0.0478      |
|    n_updates            | 540         |
|    policy_gradient_loss | -0.00445    |
|    value_loss           | 0.0972      |
-----------------------------------------
---------------------------------------
| rollout/                |           |
|    ep_len_mean          | 430       |
|    ep_rew_mean          | -7.97     |
| time/                   |           |
|    fps                  | 1931      |
|    iterations           | 56        |
|    time_elapsed         | 237       |
|    total_timesteps      | 458752    |
| train/                  |           |
|    approx_kl            | 0.0116888 |
|    clip_fraction        | 0.0621    |
|    clip_range           | 0.2       |
|    entropy_loss         | -1.12     |
|    explained_variance   | 0.987     |
|    learning_rate        | 0.0003    |
|    loss                 | 0.0193    |
|    n_updates            | 550       |
|    policy_gradient_loss | -0.00842  |
|    value_loss           | 0.169     |
---------------------------------------
Eval num_timesteps=460000, episode_reward=-22.85 +/- 0.45
Episode length: 423.50 +/- 32.20
------------------------------------------
| eval/                   |              |
|    mean_ep_length       | 424          |
|    mean_reward          | -22.9        |
| time/                   |              |
|    total_timesteps      | 460000       |
| train/                  |              |
|    approx_kl            | 0.0060208435 |
|    clip_fraction        | 0.0361       |
|    clip_range           | 0.2          |
|    entropy_loss         | -1.08        |
|    explained_variance   | 0.993        |
|    learning_rate        | 0.0003       |
|    loss                 | 0.0445       |
|    n_updates            | 560          |
|    policy_gradient_loss | -0.0034      |
|    value_loss           | 0.119        |
------------------------------------------
---------------------------------
| rollout/           |          |
|    ep_len_mean     | 437      |
|    ep_rew_mean     | -7.78    |
| time/              |          |
|    fps             | 1912     |
|    iterations      | 57       |
|    time_elapsed    | 244      |
|    total_timesteps | 466944   |
---------------------------------
------------------------------------------
| rollout/                |              |
|    ep_len_mean          | 447          |
|    ep_rew_mean          | -7.49        |
| time/                   |              |
|    fps                  | 1916         |
|    iterations           | 58           |
|    time_elapsed         | 247          |
|    total_timesteps      | 475136       |
| train/                  |              |
|    approx_kl            | 0.0062319883 |
|    clip_fraction        | 0.0667       |
|    clip_range           | 0.2          |
|    entropy_loss         | -1.09        |
|    explained_variance   | 0.995        |
|    learning_rate        | 0.0003       |
|    loss                 | 0.044        |
|    n_updates            | 570          |
|    policy_gradient_loss | -0.00326     |
|    value_loss           | 0.107        |
------------------------------------------
Eval num_timesteps=480000, episode_reward=-22.80 +/- 0.33
Episode length: 437.60 +/- 17.47
-----------------------------------------
| eval/                   |             |
|    mean_ep_length       | 438         |
|    mean_reward          | -22.8       |
| time/                   |             |
|    total_timesteps      | 480000      |
| train/                  |             |
|    approx_kl            | 0.006174422 |
|    clip_fraction        | 0.0618      |
|    clip_range           | 0.2         |
|    entropy_loss         | -1.13       |
|    explained_variance   | 0.994       |
|    learning_rate        | 0.0003      |
|    loss                 | 0.0457      |
|    n_updates            | 580         |
|    policy_gradient_loss | -0.0022     |
|    value_loss           | 0.0995      |
-----------------------------------------
---------------------------------
| rollout/           |          |
|    ep_len_mean     | 452      |
|    ep_rew_mean     | -7.33    |
| time/              |          |
|    fps             | 1895     |
|    iterations      | 59       |
|    time_elapsed    | 254      |
|    total_timesteps | 483328   |
---------------------------------
-----------------------------------------
| rollout/                |             |
|    ep_len_mean          | 458         |
|    ep_rew_mean          | -6.98       |
| time/                   |             |
|    fps                  | 1899        |
|    iterations           | 60          |
|    time_elapsed         | 258         |
|    total_timesteps      | 491520      |
| train/                  |             |
|    approx_kl            | 0.004243195 |
|    clip_fraction        | 0.058       |
|    clip_range           | 0.2         |
|    entropy_loss         | -1.13       |
|    explained_variance   | 0.99        |
|    learning_rate        | 0.0003      |
|    loss                 | 0.0499      |
|    n_updates            | 590         |
|    policy_gradient_loss | -0.00372    |
|    value_loss           | 0.135       |
-----------------------------------------
-----------------------------------------
| rollout/                |             |
|    ep_len_mean          | 459         |
|    ep_rew_mean          | -6.69       |
| time/                   |             |
|    fps                  | 1904        |
|    iterations           | 61          |
|    time_elapsed         | 262         |
|    total_timesteps      | 499712      |
| train/                  |             |
|    approx_kl            | 0.008787738 |
|    clip_fraction        | 0.0899      |
|    clip_range           | 0.2         |
|    entropy_loss         | -1.04       |
|    explained_variance   | 0.996       |
|    learning_rate        | 0.0003      |
|    loss                 | 0.0224      |
|    n_updates            | 600         |
|    policy_gradient_loss | -0.00742    |
|    value_loss           | 0.0833      |
-----------------------------------------
Eval num_timesteps=500000, episode_reward=-22.20 +/- 0.33
Episode length: 344.10 +/- 18.15
-----------------------------------------
| eval/                   |             |
|    mean_ep_length       | 344         |
|    mean_reward          | -22.2       |
| time/                   |             |
|    total_timesteps      | 500000      |
| train/                  |             |
|    approx_kl            | 0.006798882 |
|    clip_fraction        | 0.0614      |
|    clip_range           | 0.2         |
|    entropy_loss         | -0.931      |
|    explained_variance   | 0.997       |
|    learning_rate        | 0.0003      |
|    loss                 | 0.0433      |
|    n_updates            | 610         |
|    policy_gradient_loss | -0.00336    |
|    value_loss           | 0.0917      |
-----------------------------------------
---------------------------------
| rollout/           |          |
|    ep_len_mean     | 459      |
|    ep_rew_mean     | -6.47    |
| time/              |          |
|    fps             | 1894     |
|    iterations      | 62       |
|    time_elapsed    | 268      |
|    total_timesteps | 507904   |
---------------------------------
------------------------------------------
| rollout/                |              |
|    ep_len_mean          | 457          |
|    ep_rew_mean          | -6.37        |
| time/                   |              |
|    fps                  | 1901         |
|    iterations           | 63           |
|    time_elapsed         | 271          |
|    total_timesteps      | 516096       |
| train/                  |              |
|    approx_kl            | 0.0050268257 |
|    clip_fraction        | 0.0349       |
|    clip_range           | 0.2          |
|    entropy_loss         | -0.976       |
|    explained_variance   | 0.997        |
|    learning_rate        | 0.0003       |
|    loss                 | 0.0199       |
|    n_updates            | 620          |
|    policy_gradient_loss | -0.00271     |
|    value_loss           | 0.0659       |
------------------------------------------
Eval num_timesteps=520000, episode_reward=-22.40 +/- 0.49
Episode length: 371.10 +/- 17.67
------------------------------------------
| eval/                   |              |
|    mean_ep_length       | 371          |
|    mean_reward          | -22.4        |
| time/                   |              |
|    total_timesteps      | 520000       |
| train/                  |              |
|    approx_kl            | 0.0072224354 |
|    clip_fraction        | 0.0733       |
|    clip_range           | 0.2          |
|    entropy_loss         | -0.993       |
|    explained_variance   | 0.997        |
|    learning_rate        | 0.0003       |
|    loss                 | 0.042        |
|    n_updates            | 630          |
|    policy_gradient_loss | -0.00472     |
|    value_loss           | 0.0733       |
------------------------------------------
---------------------------------
| rollout/           |          |
|    ep_len_mean     | 449      |
|    ep_rew_mean     | -6.51    |
| time/              |          |
|    fps             | 1890     |
|    iterations      | 64       |
|    time_elapsed    | 277      |
|    total_timesteps | 524288   |
---------------------------------
------------------------------------------
| rollout/                |              |
|    ep_len_mean          | 443          |
|    ep_rew_mean          | -6.61        |
| time/                   |              |
|    fps                  | 1894         |
|    iterations           | 65           |
|    time_elapsed         | 281          |
|    total_timesteps      | 532480       |
| train/                  |              |
|    approx_kl            | 0.0049005146 |
|    clip_fraction        | 0.0452       |
|    clip_range           | 0.2          |
|    entropy_loss         | -0.971       |
|    explained_variance   | 0.996        |
|    learning_rate        | 0.0003       |
|    loss                 | 0.0632       |
|    n_updates            | 640          |
|    policy_gradient_loss | -0.0024      |
|    value_loss           | 0.088        |
------------------------------------------
Eval num_timesteps=540000, episode_reward=-22.45 +/- 0.42
Episode length: 394.30 +/- 51.14
------------------------------------------
| eval/                   |              |
|    mean_ep_length       | 394          |
|    mean_reward          | -22.4        |
| time/                   |              |
|    total_timesteps      | 540000       |
| train/                  |              |
|    approx_kl            | 0.0060895174 |
|    clip_fraction        | 0.0633       |
|    clip_range           | 0.2          |
|    entropy_loss         | -0.983       |
|    explained_variance   | 0.997        |
|    learning_rate        | 0.0003       |
|    loss                 | 0.0235       |
|    n_updates            | 650          |
|    policy_gradient_loss | -0.00318     |
|    value_loss           | 0.0727       |
------------------------------------------
---------------------------------
| rollout/           |          |
|    ep_len_mean     | 444      |
|    ep_rew_mean     | -6.6     |
| time/              |          |
|    fps             | 1883     |
|    iterations      | 66       |
|    time_elapsed    | 287      |
|    total_timesteps | 540672   |
---------------------------------
-----------------------------------------
| rollout/                |             |
|    ep_len_mean          | 448         |
|    ep_rew_mean          | -6.38       |
| time/                   |             |
|    fps                  | 1888        |
|    iterations           | 67          |
|    time_elapsed         | 290         |
|    total_timesteps      | 548864      |
| train/                  |             |
|    approx_kl            | 0.005932428 |
|    clip_fraction        | 0.038       |
|    clip_range           | 0.2         |
|    entropy_loss         | -0.953      |
|    explained_variance   | 0.997       |
|    learning_rate        | 0.0003      |
|    loss                 | 0.0243      |
|    n_updates            | 660         |
|    policy_gradient_loss | -0.00267    |
|    value_loss           | 0.0688      |
-----------------------------------------
-----------------------------------------
| rollout/                |             |
|    ep_len_mean          | 449         |
|    ep_rew_mean          | -6.24       |
| time/                   |             |
|    fps                  | 1894        |
|    iterations           | 68          |
|    time_elapsed         | 294         |
|    total_timesteps      | 557056      |
| train/                  |             |
|    approx_kl            | 0.004818648 |
|    clip_fraction        | 0.0357      |
|    clip_range           | 0.2         |
|    entropy_loss         | -0.948      |
|    explained_variance   | 0.997       |
|    learning_rate        | 0.0003      |
|    loss                 | 0.0399      |
|    n_updates            | 670         |
|    policy_gradient_loss | -0.00326    |
|    value_loss           | 0.0716      |
-----------------------------------------
Eval num_timesteps=560000, episode_reward=-22.20 +/- 0.40
Episode length: 405.70 +/- 30.41
-----------------------------------------
| eval/                   |             |
|    mean_ep_length       | 406         |
|    mean_reward          | -22.2       |
| time/                   |             |
|    total_timesteps      | 560000      |
| train/                  |             |
|    approx_kl            | 0.005422828 |
|    clip_fraction        | 0.0285      |
|    clip_range           | 0.2         |
|    entropy_loss         | -0.976      |
|    explained_variance   | 0.997       |
|    learning_rate        | 0.0003      |
|    loss                 | 0.0399      |
|    n_updates            | 680         |
|    policy_gradient_loss | -0.0021     |
|    value_loss           | 0.0747      |
-----------------------------------------
---------------------------------
| rollout/           |          |
|    ep_len_mean     | 453      |
|    ep_rew_mean     | -6.08    |
| time/              |          |
|    fps             | 1884     |
|    iterations      | 69       |
|    time_elapsed    | 299      |
|    total_timesteps | 565248   |
---------------------------------
-----------------------------------------
| rollout/                |             |
|    ep_len_mean          | 463         |
|    ep_rew_mean          | -5.66       |
| time/                   |             |
|    fps                  | 1892        |
|    iterations           | 70          |
|    time_elapsed         | 303         |
|    total_timesteps      | 573440      |
| train/                  |             |
|    approx_kl            | 0.005517777 |
|    clip_fraction        | 0.0558      |
|    clip_range           | 0.2         |
|    entropy_loss         | -0.999      |
|    explained_variance   | 0.997       |
|    learning_rate        | 0.0003      |
|    loss                 | 0.0227      |
|    n_updates            | 690         |
|    policy_gradient_loss | -0.00335    |
|    value_loss           | 0.0614      |
-----------------------------------------
Eval num_timesteps=580000, episode_reward=-22.50 +/- 0.00
Episode length: 420.70 +/- 26.48
-----------------------------------------
| eval/                   |             |
|    mean_ep_length       | 421         |
|    mean_reward          | -22.5       |
| time/                   |             |
|    total_timesteps      | 580000      |
| train/                  |             |
|    approx_kl            | 0.005318655 |
|    clip_fraction        | 0.0454      |
|    clip_range           | 0.2         |
|    entropy_loss         | -1          |
|    explained_variance   | 0.998       |
|    learning_rate        | 0.0003      |
|    loss                 | 0.0249      |
|    n_updates            | 700         |
|    policy_gradient_loss | -0.00322    |
|    value_loss           | 0.0606      |
-----------------------------------------
---------------------------------
| rollout/           |          |
|    ep_len_mean     | 476      |
|    ep_rew_mean     | -5.03    |
| time/              |          |
|    fps             | 1881     |
|    iterations      | 71       |
|    time_elapsed    | 309      |
|    total_timesteps | 581632   |
---------------------------------
-----------------------------------------
| rollout/                |             |
|    ep_len_mean          | 489         |
|    ep_rew_mean          | -4.39       |
| time/                   |             |
|    fps                  | 1889        |
|    iterations           | 72          |
|    time_elapsed         | 312         |
|    total_timesteps      | 589824      |
| train/                  |             |
|    approx_kl            | 0.006628862 |
|    clip_fraction        | 0.0521      |
|    clip_range           | 0.2         |
|    entropy_loss         | -0.991      |
|    explained_variance   | 0.997       |
|    learning_rate        | 0.0003      |
|    loss                 | 0.0316      |
|    n_updates            | 710         |
|    policy_gradient_loss | -0.00301    |
|    value_loss           | 0.0636      |
-----------------------------------------
------------------------------------------
| rollout/                |              |
|    ep_len_mean          | 494          |
|    ep_rew_mean          | -4.13        |
| time/                   |              |
|    fps                  | 1896         |
|    iterations           | 73           |
|    time_elapsed         | 315          |
|    total_timesteps      | 598016       |
| train/                  |              |
|    approx_kl            | 0.0061516636 |
|    clip_fraction        | 0.0653       |
|    clip_range           | 0.2          |
|    entropy_loss         | -1.04        |
|    explained_variance   | 0.998        |
|    learning_rate        | 0.0003       |
|    loss                 | 0.0177       |
|    n_updates            | 720          |
|    policy_gradient_loss | -0.00466     |
|    value_loss           | 0.0481       |
------------------------------------------
Eval num_timesteps=600000, episode_reward=-22.35 +/- 0.23
Episode length: 407.00 +/- 15.36
------------------------------------------
| eval/                   |              |
|    mean_ep_length       | 407          |
|    mean_reward          | -22.4        |
| time/                   |              |
|    total_timesteps      | 600000       |
| train/                  |              |
|    approx_kl            | 0.0050642416 |
|    clip_fraction        | 0.0502       |
|    clip_range           | 0.2          |
|    entropy_loss         | -0.927       |
|    explained_variance   | 0.997        |
|    learning_rate        | 0.0003       |
|    loss                 | 0.0221       |
|    n_updates            | 730          |
|    policy_gradient_loss | -0.0029      |
|    value_loss           | 0.062        |
------------------------------------------
---------------------------------
| rollout/           |          |
|    ep_len_mean     | 507      |
|    ep_rew_mean     | -3.47    |
| time/              |          |
|    fps             | 1886     |
|    iterations      | 74       |
|    time_elapsed    | 321      |
|    total_timesteps | 606208   |
---------------------------------
----------------------------------------
| rollout/                |            |
|    ep_len_mean          | 515        |
|    ep_rew_mean          | -2.98      |
| time/                   |            |
|    fps                  | 1891       |
|    iterations           | 75         |
|    time_elapsed         | 324        |
|    total_timesteps      | 614400     |
| train/                  |            |
|    approx_kl            | 0.00399825 |
|    clip_fraction        | 0.0338     |
|    clip_range           | 0.2        |
|    entropy_loss         | -0.954     |
|    explained_variance   | 0.998      |
|    learning_rate        | 0.0003     |
|    loss                 | 0.0212     |
|    n_updates            | 740        |
|    policy_gradient_loss | -0.0037    |
|    value_loss           | 0.0511     |
----------------------------------------
Eval num_timesteps=620000, episode_reward=-22.25 +/- 0.34
Episode length: 419.10 +/- 21.59
------------------------------------------
| eval/                   |              |
|    mean_ep_length       | 419          |
|    mean_reward          | -22.2        |
| time/                   |              |
|    total_timesteps      | 620000       |
| train/                  |              |
|    approx_kl            | 0.0077402405 |
|    clip_fraction        | 0.0796       |
|    clip_range           | 0.2          |
|    entropy_loss         | -0.949       |
|    explained_variance   | 0.998        |
|    learning_rate        | 0.0003       |
|    loss                 | 0.0227       |
|    n_updates            | 750          |
|    policy_gradient_loss | -0.00363     |
|    value_loss           | 0.0637       |
------------------------------------------
---------------------------------
| rollout/           |          |
|    ep_len_mean     | 519      |
|    ep_rew_mean     | -2.76    |
| time/              |          |
|    fps             | 1881     |
|    iterations      | 76       |
|    time_elapsed    | 330      |
|    total_timesteps | 622592   |
---------------------------------
-----------------------------------------
| rollout/                |             |
|    ep_len_mean          | 527         |
|    ep_rew_mean          | -2.36       |
| time/                   |             |
|    fps                  | 1887        |
|    iterations           | 77          |
|    time_elapsed         | 334         |
|    total_timesteps      | 630784      |
| train/                  |             |
|    approx_kl            | 0.004296493 |
|    clip_fraction        | 0.0308      |
|    clip_range           | 0.2         |
|    entropy_loss         | -0.961      |
|    explained_variance   | 0.998       |
|    learning_rate        | 0.0003      |
|    loss                 | 0.0131      |
|    n_updates            | 760         |
|    policy_gradient_loss | -0.00189    |
|    value_loss           | 0.0521      |
-----------------------------------------
-----------------------------------------
| rollout/                |             |
|    ep_len_mean          | 524         |
|    ep_rew_mean          | -2.46       |
| time/                   |             |
|    fps                  | 1894        |
|    iterations           | 78          |
|    time_elapsed         | 337         |
|    total_timesteps      | 638976      |
| train/                  |             |
|    approx_kl            | 0.004632421 |
|    clip_fraction        | 0.0255      |
|    clip_range           | 0.2         |
|    entropy_loss         | -0.993      |
|    explained_variance   | 0.997       |
|    learning_rate        | 0.0003      |
|    loss                 | 0.0331      |
|    n_updates            | 770         |
|    policy_gradient_loss | -0.00176    |
|    value_loss           | 0.0678      |
-----------------------------------------
Eval num_timesteps=640000, episode_reward=-22.35 +/- 0.23
Episode length: 407.60 +/- 20.66
------------------------------------------
| eval/                   |              |
|    mean_ep_length       | 408          |
|    mean_reward          | -22.4        |
| time/                   |              |
|    total_timesteps      | 640000       |
| train/                  |              |
|    approx_kl            | 0.0075097466 |
|    clip_fraction        | 0.0615       |
|    clip_range           | 0.2          |
|    entropy_loss         | -0.995       |
|    explained_variance   | 0.997        |
|    learning_rate        | 0.0003       |
|    loss                 | 0.0115       |
|    n_updates            | 780          |
|    policy_gradient_loss | -0.00158     |
|    value_loss           | 0.0566       |
------------------------------------------
---------------------------------
| rollout/           |          |
|    ep_len_mean     | 523      |
|    ep_rew_mean     | -2.49    |
| time/              |          |
|    fps             | 1885     |
|    iterations      | 79       |
|    time_elapsed    | 343      |
|    total_timesteps | 647168   |
---------------------------------
------------------------------------------
| rollout/                |              |
|    ep_len_mean          | 518          |
|    ep_rew_mean          | -2.94        |
| time/                   |              |
|    fps                  | 1890         |
|    iterations           | 80           |
|    time_elapsed         | 346          |
|    total_timesteps      | 655360       |
| train/                  |              |
|    approx_kl            | 0.0038690343 |
|    clip_fraction        | 0.0444       |
|    clip_range           | 0.2          |
|    entropy_loss         | -0.977       |
|    explained_variance   | 0.998        |
|    learning_rate        | 0.0003       |
|    loss                 | 0.0196       |
|    n_updates            | 790          |
|    policy_gradient_loss | -0.00139     |
|    value_loss           | 0.0539       |
------------------------------------------
Eval num_timesteps=660000, episode_reward=-22.50 +/- 0.00
Episode length: 412.70 +/- 31.91
-----------------------------------------
| eval/                   |             |
|    mean_ep_length       | 413         |
|    mean_reward          | -22.5       |
| time/                   |             |
|    total_timesteps      | 660000      |
| train/                  |             |
|    approx_kl            | 0.004033779 |
|    clip_fraction        | 0.0311      |
|    clip_range           | 0.2         |
|    entropy_loss         | -0.969      |
|    explained_variance   | 0.998       |
|    learning_rate        | 0.0003      |
|    loss                 | 0.0164      |
|    n_updates            | 800         |
|    policy_gradient_loss | -0.00199    |
|    value_loss           | 0.0602      |
-----------------------------------------
---------------------------------
| rollout/           |          |
|    ep_len_mean     | 508      |
|    ep_rew_mean     | -3.59    |
| time/              |          |
|    fps             | 1881     |
|    iterations      | 81       |
|    time_elapsed    | 352      |
|    total_timesteps | 663552   |
---------------------------------
------------------------------------------
| rollout/                |              |
|    ep_len_mean          | 508          |
|    ep_rew_mean          | -3.68        |
| time/                   |              |
|    fps                  | 1886         |
|    iterations           | 82           |
|    time_elapsed         | 356          |
|    total_timesteps      | 671744       |
| train/                  |              |
|    approx_kl            | 0.0038762293 |
|    clip_fraction        | 0.0343       |
|    clip_range           | 0.2          |
|    entropy_loss         | -0.988       |
|    explained_variance   | 0.998        |
|    learning_rate        | 0.0003       |
|    loss                 | 0.0353       |
|    n_updates            | 810          |
|    policy_gradient_loss | -0.00348     |
|    value_loss           | 0.0666       |
------------------------------------------
------------------------------------------
| rollout/                |              |
|    ep_len_mean          | 507          |
|    ep_rew_mean          | -3.8         |
| time/                   |              |
|    fps                  | 1892         |
|    iterations           | 83           |
|    time_elapsed         | 359          |
|    total_timesteps      | 679936       |
| train/                  |              |
|    approx_kl            | 0.0052395808 |
|    clip_fraction        | 0.0231       |
|    clip_range           | 0.2          |
|    entropy_loss         | -0.994       |
|    explained_variance   | 0.998        |
|    learning_rate        | 0.0003       |
|    loss                 | 0.0131       |
|    n_updates            | 820          |
|    policy_gradient_loss | -0.0014      |
|    value_loss           | 0.0589       |
------------------------------------------
Eval num_timesteps=680000, episode_reward=-22.30 +/- 0.33
Episode length: 393.70 +/- 22.80
------------------------------------------
| eval/                   |              |
|    mean_ep_length       | 394          |
|    mean_reward          | -22.3        |
| time/                   |              |
|    total_timesteps      | 680000       |
| train/                  |              |
|    approx_kl            | 0.0058544716 |
|    clip_fraction        | 0.0328       |
|    clip_range           | 0.2          |
|    entropy_loss         | -0.996       |
|    explained_variance   | 0.998        |
|    learning_rate        | 0.0003       |
|    loss                 | 0.0301       |
|    n_updates            | 830          |
|    policy_gradient_loss | -0.0013      |
|    value_loss           | 0.0587       |
------------------------------------------
---------------------------------
| rollout/           |          |
|    ep_len_mean     | 512      |
|    ep_rew_mean     | -3.56    |
| time/              |          |
|    fps             | 1883     |
|    iterations      | 84       |
|    time_elapsed    | 365      |
|    total_timesteps | 688128   |
---------------------------------
-----------------------------------------
| rollout/                |             |
|    ep_len_mean          | 515         |
|    ep_rew_mean          | -3.32       |
| time/                   |             |
|    fps                  | 1888        |
|    iterations           | 85          |
|    time_elapsed         | 368         |
|    total_timesteps      | 696320      |
| train/                  |             |
|    approx_kl            | 0.005870675 |
|    clip_fraction        | 0.0418      |
|    clip_range           | 0.2         |
|    entropy_loss         | -0.962      |
|    explained_variance   | 0.998       |
|    learning_rate        | 0.0003      |
|    loss                 | 0.039       |
|    n_updates            | 840         |
|    policy_gradient_loss | -0.00136    |
|    value_loss           | 0.0506      |
-----------------------------------------
Eval num_timesteps=700000, episode_reward=-22.35 +/- 0.23
Episode length: 392.90 +/- 25.02
-----------------------------------------
| eval/                   |             |
|    mean_ep_length       | 393         |
|    mean_reward          | -22.4       |
| time/                   |             |
|    total_timesteps      | 700000      |
| train/                  |             |
|    approx_kl            | 0.004015579 |
|    clip_fraction        | 0.0364      |
|    clip_range           | 0.2         |
|    entropy_loss         | -0.957      |
|    explained_variance   | 0.998       |
|    learning_rate        | 0.0003      |
|    loss                 | 0.00939     |
|    n_updates            | 850         |
|    policy_gradient_loss | -0.00233    |
|    value_loss           | 0.0545      |
-----------------------------------------
---------------------------------
| rollout/           |          |
|    ep_len_mean     | 522      |
|    ep_rew_mean     | -2.67    |
| time/              |          |
|    fps             | 1880     |
|    iterations      | 86       |
|    time_elapsed    | 374      |
|    total_timesteps | 704512   |
---------------------------------
------------------------------------------
| rollout/                |              |
|    ep_len_mean          | 540          |
|    ep_rew_mean          | -1.54        |
| time/                   |              |
|    fps                  | 1885         |
|    iterations           | 87           |
|    time_elapsed         | 378          |
|    total_timesteps      | 712704       |
| train/                  |              |
|    approx_kl            | 0.0056059677 |
|    clip_fraction        | 0.049        |
|    clip_range           | 0.2          |
|    entropy_loss         | -0.909       |
|    explained_variance   | 0.998        |
|    learning_rate        | 0.0003       |
|    loss                 | 0.0423       |
|    n_updates            | 860          |
|    policy_gradient_loss | -0.00282     |
|    value_loss           | 0.0663       |
------------------------------------------
Eval num_timesteps=720000, episode_reward=-21.90 +/- 0.54
Episode length: 394.70 +/- 18.20
-----------------------------------------
| eval/                   |             |
|    mean_ep_length       | 395         |
|    mean_reward          | -21.9       |
| time/                   |             |
|    total_timesteps      | 720000      |
| train/                  |             |
|    approx_kl            | 0.008477136 |
|    clip_fraction        | 0.137       |
|    clip_range           | 0.2         |
|    entropy_loss         | -0.929      |
|    explained_variance   | 0.998       |
|    learning_rate        | 0.0003      |
|    loss                 | 0.0317      |
|    n_updates            | 870         |
|    policy_gradient_loss | -0.00431    |
|    value_loss           | 0.0555      |
-----------------------------------------
New best mean reward!
---------------------------------
| rollout/           |          |
|    ep_len_mean     | 550      |
|    ep_rew_mean     | -0.866   |
| time/              |          |
|    fps             | 1877     |
|    iterations      | 88       |
|    time_elapsed    | 383      |
|    total_timesteps | 720896   |
---------------------------------
------------------------------------------
| rollout/                |              |
|    ep_len_mean          | 557          |
|    ep_rew_mean          | -0.618       |
| time/                   |              |
|    fps                  | 1883         |
|    iterations           | 89           |
|    time_elapsed         | 387          |
|    total_timesteps      | 729088       |
| train/                  |              |
|    approx_kl            | 0.0063373446 |
|    clip_fraction        | 0.0773       |
|    clip_range           | 0.2          |
|    entropy_loss         | -0.969       |
|    explained_variance   | 0.998        |
|    learning_rate        | 0.0003       |
|    loss                 | 0.0229       |
|    n_updates            | 880          |
|    policy_gradient_loss | -0.00439     |
|    value_loss           | 0.0562       |
------------------------------------------
----------------------------------------
| rollout/                |            |
|    ep_len_mean          | 567        |
|    ep_rew_mean          | -0.48      |
| time/                   |            |
|    fps                  | 1888       |
|    iterations           | 90         |
|    time_elapsed         | 390        |
|    total_timesteps      | 737280     |
| train/                  |            |
|    approx_kl            | 0.00883175 |
|    clip_fraction        | 0.114      |
|    clip_range           | 0.2        |
|    entropy_loss         | -1.08      |
|    explained_variance   | 0.997      |
|    learning_rate        | 0.0003     |
|    loss                 | 0.0296     |
|    n_updates            | 890        |
|    policy_gradient_loss | -0.00539   |
|    value_loss           | 0.0739     |
----------------------------------------
Eval num_timesteps=740000, episode_reward=-21.95 +/- 0.52
Episode length: 705.00 +/- 95.46
------------------------------------------
| eval/                   |              |
|    mean_ep_length       | 705          |
|    mean_reward          | -21.9        |
| time/                   |              |
|    total_timesteps      | 740000       |
| train/                  |              |
|    approx_kl            | 0.0062789638 |
|    clip_fraction        | 0.0605       |
|    clip_range           | 0.2          |
|    entropy_loss         | -1.13        |
|    explained_variance   | 0.994        |
|    learning_rate        | 0.0003       |
|    loss                 | 0.0253       |
|    n_updates            | 900          |
|    policy_gradient_loss | -0.0051      |
|    value_loss           | 0.0958       |
------------------------------------------
---------------------------------
| rollout/           |          |
|    ep_len_mean     | 589      |
|    ep_rew_mean     | -0.254   |
| time/              |          |
|    fps             | 1871     |
|    iterations      | 91       |
|    time_elapsed    | 398      |
|    total_timesteps | 745472   |
---------------------------------
-----------------------------------------
| rollout/                |             |
|    ep_len_mean          | 613         |
|    ep_rew_mean          | -0.033      |
| time/                   |             |
|    fps                  | 1876        |
|    iterations           | 92          |
|    time_elapsed         | 401         |
|    total_timesteps      | 753664      |
| train/                  |             |
|    approx_kl            | 0.010434787 |
|    clip_fraction        | 0.105       |
|    clip_range           | 0.2         |
|    entropy_loss         | -1.22       |
|    explained_variance   | 0.989       |
|    learning_rate        | 0.0003      |
|    loss                 | 0.0537      |
|    n_updates            | 910         |
|    policy_gradient_loss | -0.00708    |
|    value_loss           | 0.134       |
-----------------------------------------
Eval num_timesteps=760000, episode_reward=-21.95 +/- 0.61
Episode length: 670.50 +/- 62.56
-----------------------------------------
| eval/                   |             |
|    mean_ep_length       | 670         |
|    mean_reward          | -21.9       |
| time/                   |             |
|    total_timesteps      | 760000      |
| train/                  |             |
|    approx_kl            | 0.010880319 |
|    clip_fraction        | 0.132       |
|    clip_range           | 0.2         |
|    entropy_loss         | -1.2        |
|    explained_variance   | 0.992       |
|    learning_rate        | 0.0003      |
|    loss                 | 0.0407      |
|    n_updates            | 920         |
|    policy_gradient_loss | -0.00721    |
|    value_loss           | 0.12        |
-----------------------------------------
---------------------------------
| rollout/           |          |
|    ep_len_mean     | 639      |
|    ep_rew_mean     | 0.0695   |
| time/              |          |
|    fps             | 1861     |
|    iterations      | 93       |
|    time_elapsed    | 409      |
|    total_timesteps | 761856   |
---------------------------------
-----------------------------------------
| rollout/                |             |
|    ep_len_mean          | 666         |
|    ep_rew_mean          | 0.243       |
| time/                   |             |
|    fps                  | 1866        |
|    iterations           | 94          |
|    time_elapsed         | 412         |
|    total_timesteps      | 770048      |
| train/                  |             |
|    approx_kl            | 0.011655228 |
|    clip_fraction        | 0.119       |
|    clip_range           | 0.2         |
|    entropy_loss         | -1.2        |
|    explained_variance   | 0.994       |
|    learning_rate        | 0.0003      |
|    loss                 | 0.0199      |
|    n_updates            | 930         |
|    policy_gradient_loss | -0.00797    |
|    value_loss           | 0.0986      |
-----------------------------------------
-----------------------------------------
| rollout/                |             |
|    ep_len_mean          | 695         |
|    ep_rew_mean          | 0.679       |
| time/                   |             |
|    fps                  | 1871        |
|    iterations           | 95          |
|    time_elapsed         | 415         |
|    total_timesteps      | 778240      |
| train/                  |             |
|    approx_kl            | 0.010043418 |
|    clip_fraction        | 0.0876      |
|    clip_range           | 0.2         |
|    entropy_loss         | -1.18       |
|    explained_variance   | 0.992       |
|    learning_rate        | 0.0003      |
|    loss                 | 0.0435      |
|    n_updates            | 940         |
|    policy_gradient_loss | -0.00538    |
|    value_loss           | 0.122       |
-----------------------------------------
Eval num_timesteps=780000, episode_reward=-22.80 +/- 0.24
Episode length: 743.80 +/- 21.03
-----------------------------------------
| eval/                   |             |
|    mean_ep_length       | 744         |
|    mean_reward          | -22.8       |
| time/                   |             |
|    total_timesteps      | 780000      |
| train/                  |             |
|    approx_kl            | 0.010252911 |
|    clip_fraction        | 0.113       |
|    clip_range           | 0.2         |
|    entropy_loss         | -1.14       |
|    explained_variance   | 0.992       |
|    learning_rate        | 0.0003      |
|    loss                 | 0.0242      |
|    n_updates            | 950         |
|    policy_gradient_loss | -0.00779    |
|    value_loss           | 0.0991      |
-----------------------------------------
---------------------------------
| rollout/           |          |
|    ep_len_mean     | 748      |
|    ep_rew_mean     | 1.76     |
| time/              |          |
|    fps             | 1854     |
|    iterations      | 96       |
|    time_elapsed    | 423      |
|    total_timesteps | 786432   |
---------------------------------
-----------------------------------------
| rollout/                |             |
|    ep_len_mean          | 795         |
|    ep_rew_mean          | 3.91        |
| time/                   |             |
|    fps                  | 1859        |
|    iterations           | 97          |
|    time_elapsed         | 427         |
|    total_timesteps      | 794624      |
| train/                  |             |
|    approx_kl            | 0.011555405 |
|    clip_fraction        | 0.133       |
|    clip_range           | 0.2         |
|    entropy_loss         | -1.08       |
|    explained_variance   | 0.994       |
|    learning_rate        | 0.0003      |
|    loss                 | -0.0168     |
|    n_updates            | 960         |
|    policy_gradient_loss | -0.0107     |
|    value_loss           | 0.0502      |
-----------------------------------------
Eval num_timesteps=800000, episode_reward=-22.95 +/- 0.15
Episode length: 624.10 +/- 137.98
-----------------------------------------
| eval/                   |             |
|    mean_ep_length       | 624         |
|    mean_reward          | -22.9       |
| time/                   |             |
|    total_timesteps      | 800000      |
| train/                  |             |
|    approx_kl            | 0.009997687 |
|    clip_fraction        | 0.113       |
|    clip_range           | 0.2         |
|    entropy_loss         | -1.04       |
|    explained_variance   | 0.987       |
|    learning_rate        | 0.0003      |
|    loss                 | 0.00516     |
|    n_updates            | 970         |
|    policy_gradient_loss | -0.00686    |
|    value_loss           | 0.0495      |
-----------------------------------------
---------------------------------
| rollout/           |          |
|    ep_len_mean     | 843      |
|    ep_rew_mean     | 6.09     |
| time/              |          |
|    fps             | 1846     |
|    iterations      | 98       |
|    time_elapsed    | 434      |
|    total_timesteps | 802816   |
---------------------------------
    -> ent_default: -21.88 +/- 0.59 (7.3 min)

=== [net_big] axis=net_arch lr=0.0003 net_arch=(128, 128) ent_coef=0.005 ===
Using cpu device
---------------------------------
| rollout/           |          |
|    ep_len_mean     | 245      |
|    ep_rew_mean     | -16.6    |
| time/              |          |
|    fps             | 4411     |
|    iterations      | 1        |
|    time_elapsed    | 1        |
|    total_timesteps | 8192     |
---------------------------------
------------------------------------------
| rollout/                |              |
|    ep_len_mean          | 239          |
|    ep_rew_mean          | -16.9        |
| time/                   |              |
|    fps                  | 3142         |
|    iterations           | 2            |
|    time_elapsed         | 5            |
|    total_timesteps      | 16384        |
| train/                  |              |
|    approx_kl            | 0.0134095745 |
|    clip_fraction        | 0.126        |
|    clip_range           | 0.2          |
|    entropy_loss         | -1.78        |
|    explained_variance   | -0.00311     |
|    learning_rate        | 0.0003       |
|    loss                 | 0.77         |
|    n_updates            | 10           |
|    policy_gradient_loss | -0.00769     |
|    value_loss           | 2.92         |
------------------------------------------
Eval num_timesteps=20000, episode_reward=-22.50 +/- 0.22
Episode length: 360.80 +/- 22.79
----------------------------------------
| eval/                   |            |
|    mean_ep_length       | 361        |
|    mean_reward          | -22.5      |
| time/                   |            |
|    total_timesteps      | 20000      |
| train/                  |            |
|    approx_kl            | 0.01605248 |
|    clip_fraction        | 0.127      |
|    clip_range           | 0.2        |
|    entropy_loss         | -1.75      |
|    explained_variance   | 0.849      |
|    learning_rate        | 0.0003     |
|    loss                 | 0.244      |
|    n_updates            | 20         |
|    policy_gradient_loss | -0.00629   |
|    value_loss           | 0.839      |
----------------------------------------
New best mean reward!
---------------------------------
| rollout/           |          |
|    ep_len_mean     | 245      |
|    ep_rew_mean     | -17      |
| time/              |          |
|    fps             | 2119     |
|    iterations      | 3        |
|    time_elapsed    | 11       |
|    total_timesteps | 24576    |
---------------------------------
-----------------------------------------
| rollout/                |             |
|    ep_len_mean          | 266         |
|    ep_rew_mean          | -16.6       |
| time/                   |             |
|    fps                  | 2162        |
|    iterations           | 4           |
|    time_elapsed         | 15          |
|    total_timesteps      | 32768       |
| train/                  |             |
|    approx_kl            | 0.013385674 |
|    clip_fraction        | 0.159       |
|    clip_range           | 0.2         |
|    entropy_loss         | -1.7        |
|    explained_variance   | 0.939       |
|    learning_rate        | 0.0003      |
|    loss                 | 0.338       |
|    n_updates            | 30          |
|    policy_gradient_loss | -0.00821    |
|    value_loss           | 0.717       |
-----------------------------------------
Eval num_timesteps=40000, episode_reward=-22.25 +/- 0.34
Episode length: 366.70 +/- 18.52
-----------------------------------------
| eval/                   |             |
|    mean_ep_length       | 367         |
|    mean_reward          | -22.2       |
| time/                   |             |
|    total_timesteps      | 40000       |
| train/                  |             |
|    approx_kl            | 0.012562785 |
|    clip_fraction        | 0.127       |
|    clip_range           | 0.2         |
|    entropy_loss         | -1.65       |
|    explained_variance   | 0.947       |
|    learning_rate        | 0.0003      |
|    loss                 | 0.278       |
|    n_updates            | 40          |
|    policy_gradient_loss | -0.00944    |
|    value_loss           | 0.582       |
-----------------------------------------
New best mean reward!
---------------------------------
| rollout/           |          |
|    ep_len_mean     | 295      |
|    ep_rew_mean     | -15.5    |
| time/              |          |
|    fps             | 1939     |
|    iterations      | 5        |
|    time_elapsed    | 21       |
|    total_timesteps | 40960    |
---------------------------------
-----------------------------------------
| rollout/                |             |
|    ep_len_mean          | 324         |
|    ep_rew_mean          | -14.3       |
| time/                   |             |
|    fps                  | 1999        |
|    iterations           | 6           |
|    time_elapsed         | 24          |
|    total_timesteps      | 49152       |
| train/                  |             |
|    approx_kl            | 0.013233384 |
|    clip_fraction        | 0.171       |
|    clip_range           | 0.2         |
|    entropy_loss         | -1.57       |
|    explained_variance   | 0.951       |
|    learning_rate        | 0.0003      |
|    loss                 | 0.117       |
|    n_updates            | 50          |
|    policy_gradient_loss | -0.00785    |
|    value_loss           | 0.444       |
-----------------------------------------
-----------------------------------------
| rollout/                |             |
|    ep_len_mean          | 347         |
|    ep_rew_mean          | -12.9       |
| time/                   |             |
|    fps                  | 2038        |
|    iterations           | 7           |
|    time_elapsed         | 28          |
|    total_timesteps      | 57344       |
| train/                  |             |
|    approx_kl            | 0.012219326 |
|    clip_fraction        | 0.144       |
|    clip_range           | 0.2         |
|    entropy_loss         | -1.52       |
|    explained_variance   | 0.971       |
|    learning_rate        | 0.0003      |
|    loss                 | 0.144       |
|    n_updates            | 60          |
|    policy_gradient_loss | -0.00419    |
|    value_loss           | 0.303       |
-----------------------------------------
Eval num_timesteps=60000, episode_reward=-22.45 +/- 0.35
Episode length: 347.20 +/- 26.21
-----------------------------------------
| eval/                   |             |
|    mean_ep_length       | 347         |
|    mean_reward          | -22.4       |
| time/                   |             |
|    total_timesteps      | 60000       |
| train/                  |             |
|    approx_kl            | 0.012145933 |
|    clip_fraction        | 0.121       |
|    clip_range           | 0.2         |
|    entropy_loss         | -1.44       |
|    explained_variance   | 0.983       |
|    learning_rate        | 0.0003      |
|    loss                 | 0.0968      |
|    n_updates            | 70          |
|    policy_gradient_loss | -0.00494    |
|    value_loss           | 0.253       |
-----------------------------------------
---------------------------------
| rollout/           |          |
|    ep_len_mean     | 362      |
|    ep_rew_mean     | -11.6    |
| time/              |          |
|    fps             | 1931     |
|    iterations      | 8        |
|    time_elapsed    | 33       |
|    total_timesteps | 65536    |
---------------------------------
----------------------------------------
| rollout/                |            |
|    ep_len_mean          | 360        |
|    ep_rew_mean          | -11.1      |
| time/                   |            |
|    fps                  | 1982       |
|    iterations           | 9          |
|    time_elapsed         | 37         |
|    total_timesteps      | 73728      |
| train/                  |            |
|    approx_kl            | 0.01197561 |
|    clip_fraction        | 0.0522     |
|    clip_range           | 0.2        |
|    entropy_loss         | -1.46      |
|    explained_variance   | 0.988      |
|    learning_rate        | 0.0003     |
|    loss                 | 0.0953     |
|    n_updates            | 80         |
|    policy_gradient_loss | -0.00393   |
|    value_loss           | 0.216      |
----------------------------------------
Eval num_timesteps=80000, episode_reward=-22.10 +/- 0.20
Episode length: 270.80 +/- 36.83
-----------------------------------------
| eval/                   |             |
|    mean_ep_length       | 271         |
|    mean_reward          | -22.1       |
| time/                   |             |
|    total_timesteps      | 80000       |
| train/                  |             |
|    approx_kl            | 0.011478845 |
|    clip_fraction        | 0.049       |
|    clip_range           | 0.2         |
|    entropy_loss         | -1.42       |
|    explained_variance   | 0.99        |
|    learning_rate        | 0.0003      |
|    loss                 | 0.075       |
|    n_updates            | 90          |
|    policy_gradient_loss | -0.00253    |
|    value_loss           | 0.201       |
-----------------------------------------
New best mean reward!
---------------------------------
| rollout/           |          |
|    ep_len_mean     | 359      |
|    ep_rew_mean     | -11      |
| time/              |          |
|    fps             | 1923     |
|    iterations      | 10       |
|    time_elapsed    | 42       |
|    total_timesteps | 81920    |
---------------------------------
------------------------------------------
| rollout/                |              |
|    ep_len_mean          | 359          |
|    ep_rew_mean          | -11          |
| time/                   |              |
|    fps                  | 1924         |
|    iterations           | 11           |
|    time_elapsed         | 46           |
|    total_timesteps      | 90112        |
| train/                  |              |
|    approx_kl            | 0.0066760774 |
|    clip_fraction        | 0.0486       |
|    clip_range           | 0.2          |
|    entropy_loss         | -1.44        |
|    explained_variance   | 0.991        |
|    learning_rate        | 0.0003       |
|    loss                 | 0.094        |
|    n_updates            | 100          |
|    policy_gradient_loss | -0.00334     |
|    value_loss           | 0.194        |
------------------------------------------
-----------------------------------------
| rollout/                |             |
|    ep_len_mean          | 359         |
|    ep_rew_mean          | -11.1       |
| time/                   |             |
|    fps                  | 1935        |
|    iterations           | 12          |
|    time_elapsed         | 50          |
|    total_timesteps      | 98304       |
| train/                  |             |
|    approx_kl            | 0.006871759 |
|    clip_fraction        | 0.0482      |
|    clip_range           | 0.2         |
|    entropy_loss         | -1.43       |
|    explained_variance   | 0.992       |
|    learning_rate        | 0.0003      |
|    loss                 | 0.0866      |
|    n_updates            | 110         |
|    policy_gradient_loss | -0.00346    |
|    value_loss           | 0.171       |
-----------------------------------------
Eval num_timesteps=100000, episode_reward=-22.40 +/- 0.20
Episode length: 359.90 +/- 26.02
-----------------------------------------
| eval/                   |             |
|    mean_ep_length       | 360         |
|    mean_reward          | -22.4       |
| time/                   |             |
|    total_timesteps      | 100000      |
| train/                  |             |
|    approx_kl            | 0.006880422 |
|    clip_fraction        | 0.0546      |
|    clip_range           | 0.2         |
|    entropy_loss         | -1.41       |
|    explained_variance   | 0.993       |
|    learning_rate        | 0.0003      |
|    loss                 | 0.0732      |
|    n_updates            | 120         |
|    policy_gradient_loss | -0.00241    |
|    value_loss           | 0.146       |
-----------------------------------------
---------------------------------
| rollout/           |          |
|    ep_len_mean     | 362      |
|    ep_rew_mean     | -11.1    |
| time/              |          |
|    fps             | 1848     |
|    iterations      | 13       |
|    time_elapsed    | 57       |
|    total_timesteps | 106496   |
---------------------------------
-----------------------------------------
| rollout/                |             |
|    ep_len_mean          | 360         |
|    ep_rew_mean          | -11.2       |
| time/                   |             |
|    fps                  | 1857        |
|    iterations           | 14          |
|    time_elapsed         | 61          |
|    total_timesteps      | 114688      |
| train/                  |             |
|    approx_kl            | 0.007682731 |
|    clip_fraction        | 0.0569      |
|    clip_range           | 0.2         |
|    entropy_loss         | -1.35       |
|    explained_variance   | 0.993       |
|    learning_rate        | 0.0003      |
|    loss                 | 0.0481      |
|    n_updates            | 130         |
|    policy_gradient_loss | -0.0035     |
|    value_loss           | 0.159       |
-----------------------------------------
Eval num_timesteps=120000, episode_reward=-22.40 +/- 0.20
Episode length: 354.60 +/- 16.83
-----------------------------------------
| eval/                   |             |
|    mean_ep_length       | 355         |
|    mean_reward          | -22.4       |
| time/                   |             |
|    total_timesteps      | 120000      |
| train/                  |             |
|    approx_kl            | 0.008126639 |
|    clip_fraction        | 0.0462      |
|    clip_range           | 0.2         |
|    entropy_loss         | -1.36       |
|    explained_variance   | 0.993       |
|    learning_rate        | 0.0003      |
|    loss                 | 0.0592      |
|    n_updates            | 140         |
|    policy_gradient_loss | -0.00227    |
|    value_loss           | 0.148       |
-----------------------------------------
---------------------------------
| rollout/           |          |
|    ep_len_mean     | 358      |
|    ep_rew_mean     | -11.1    |
| time/              |          |
|    fps             | 1808     |
|    iterations      | 15       |
|    time_elapsed    | 67       |
|    total_timesteps | 122880   |
---------------------------------
----------------------------------------
| rollout/                |            |
|    ep_len_mean          | 356        |
|    ep_rew_mean          | -11.1      |
| time/                   |            |
|    fps                  | 1827       |
|    iterations           | 16         |
|    time_elapsed         | 71         |
|    total_timesteps      | 131072     |
| train/                  |            |
|    approx_kl            | 0.00526031 |
|    clip_fraction        | 0.0232     |
|    clip_range           | 0.2        |
|    entropy_loss         | -1.33      |
|    explained_variance   | 0.993      |
|    learning_rate        | 0.0003     |
|    loss                 | 0.0748     |
|    n_updates            | 150        |
|    policy_gradient_loss | -0.000498  |
|    value_loss           | 0.142      |
----------------------------------------
---------------------------------------
| rollout/                |           |
|    ep_len_mean          | 352       |
|    ep_rew_mean          | -11.2     |
| time/                   |           |
|    fps                  | 1826      |
|    iterations           | 17        |
|    time_elapsed         | 76        |
|    total_timesteps      | 139264    |
| train/                  |           |
|    approx_kl            | 0.0071943 |
|    clip_fraction        | 0.0304    |
|    clip_range           | 0.2       |
|    entropy_loss         | -1.32     |
|    explained_variance   | 0.993     |
|    learning_rate        | 0.0003    |
|    loss                 | 0.0992    |
|    n_updates            | 160       |
|    policy_gradient_loss | -0.00195  |
|    value_loss           | 0.159     |
---------------------------------------
Eval num_timesteps=140000, episode_reward=-22.45 +/- 0.15
Episode length: 365.00 +/- 15.01
------------------------------------------
| eval/                   |              |
|    mean_ep_length       | 365          |
|    mean_reward          | -22.4        |
| time/                   |              |
|    total_timesteps      | 140000       |
| train/                  |              |
|    approx_kl            | 0.0070656436 |
|    clip_fraction        | 0.0806       |
|    clip_range           | 0.2          |
|    entropy_loss         | -1.34        |
|    explained_variance   | 0.994        |
|    learning_rate        | 0.0003       |
|    loss                 | 0.039        |
|    n_updates            | 170          |
|    policy_gradient_loss | -0.00237     |
|    value_loss           | 0.136        |
------------------------------------------
---------------------------------
| rollout/           |          |
|    ep_len_mean     | 354      |
|    ep_rew_mean     | -11.1    |
| time/              |          |
|    fps             | 1770     |
|    iterations      | 18       |
|    time_elapsed    | 83       |
|    total_timesteps | 147456   |
---------------------------------
-----------------------------------------
| rollout/                |             |
|    ep_len_mean          | 354         |
|    ep_rew_mean          | -11.1       |
| time/                   |             |
|    fps                  | 1780        |
|    iterations           | 19          |
|    time_elapsed         | 87          |
|    total_timesteps      | 155648      |
| train/                  |             |
|    approx_kl            | 0.007368454 |
|    clip_fraction        | 0.0687      |
|    clip_range           | 0.2         |
|    entropy_loss         | -1.33       |
|    explained_variance   | 0.994       |
|    learning_rate        | 0.0003      |
|    loss                 | 0.0445      |
|    n_updates            | 180         |
|    policy_gradient_loss | -0.00334    |
|    value_loss           | 0.131       |
-----------------------------------------
Eval num_timesteps=160000, episode_reward=-22.45 +/- 0.15
Episode length: 360.30 +/- 16.58
-----------------------------------------
| eval/                   |             |
|    mean_ep_length       | 360         |
|    mean_reward          | -22.4       |
| time/                   |             |
|    total_timesteps      | 160000      |
| train/                  |             |
|    approx_kl            | 0.004680603 |
|    clip_fraction        | 0.0365      |
|    clip_range           | 0.2         |
|    entropy_loss         | -1.36       |
|    explained_variance   | 0.994       |
|    learning_rate        | 0.0003      |
|    loss                 | 0.1         |
|    n_updates            | 190         |
|    policy_gradient_loss | -0.00141    |
|    value_loss           | 0.132       |
-----------------------------------------
---------------------------------
| rollout/           |          |
|    ep_len_mean     | 360      |
|    ep_rew_mean     | -10.8    |
| time/              |          |
|    fps             | 1749     |
|    iterations      | 20       |
|    time_elapsed    | 93       |
|    total_timesteps | 163840   |
---------------------------------
------------------------------------------
| rollout/                |              |
|    ep_len_mean          | 363          |
|    ep_rew_mean          | -10.7        |
| time/                   |              |
|    fps                  | 1769         |
|    iterations           | 21           |
|    time_elapsed         | 97           |
|    total_timesteps      | 172032       |
| train/                  |              |
|    approx_kl            | 0.0071476176 |
|    clip_fraction        | 0.0811       |
|    clip_range           | 0.2          |
|    entropy_loss         | -1.32        |
|    explained_variance   | 0.993        |
|    learning_rate        | 0.0003       |
|    loss                 | 0.0422       |
|    n_updates            | 200          |
|    policy_gradient_loss | -0.00447     |
|    value_loss           | 0.135        |
------------------------------------------
Eval num_timesteps=180000, episode_reward=-22.25 +/- 0.25
Episode length: 343.80 +/- 18.36
-----------------------------------------
| eval/                   |             |
|    mean_ep_length       | 344         |
|    mean_reward          | -22.2       |
| time/                   |             |
|    total_timesteps      | 180000      |
| train/                  |             |
|    approx_kl            | 0.008523934 |
|    clip_fraction        | 0.0712      |
|    clip_range           | 0.2         |
|    entropy_loss         | -1.29       |
|    explained_variance   | 0.993       |
|    learning_rate        | 0.0003      |
|    loss                 | 0.0616      |
|    n_updates            | 210         |
|    policy_gradient_loss | -0.00398    |
|    value_loss           | 0.132       |
-----------------------------------------
---------------------------------
| rollout/           |          |
|    ep_len_mean     | 367      |
|    ep_rew_mean     | -10.7    |
| time/              |          |
|    fps             | 1745     |
|    iterations      | 22       |
|    time_elapsed    | 103      |
|    total_timesteps | 180224   |
---------------------------------
------------------------------------------
| rollout/                |              |
|    ep_len_mean          | 369          |
|    ep_rew_mean          | -10.7        |
| time/                   |              |
|    fps                  | 1760         |
|    iterations           | 23           |
|    time_elapsed         | 107          |
|    total_timesteps      | 188416       |
| train/                  |              |
|    approx_kl            | 0.0059290202 |
|    clip_fraction        | 0.0577       |
|    clip_range           | 0.2          |
|    entropy_loss         | -1.23        |
|    explained_variance   | 0.992        |
|    learning_rate        | 0.0003       |
|    loss                 | 0.0468       |
|    n_updates            | 220          |
|    policy_gradient_loss | -0.00402     |
|    value_loss           | 0.144        |
------------------------------------------
------------------------------------------
| rollout/                |              |
|    ep_len_mean          | 370          |
|    ep_rew_mean          | -10.8        |
| time/                   |              |
|    fps                  | 1780         |
|    iterations           | 24           |
|    time_elapsed         | 110          |
|    total_timesteps      | 196608       |
| train/                  |              |
|    approx_kl            | 0.0075205415 |
|    clip_fraction        | 0.089        |
|    clip_range           | 0.2          |
|    entropy_loss         | -1.13        |
|    explained_variance   | 0.992        |
|    learning_rate        | 0.0003       |
|    loss                 | 0.0471       |
|    n_updates            | 230          |
|    policy_gradient_loss | -0.00682     |
|    value_loss           | 0.154        |
------------------------------------------
Eval num_timesteps=200000, episode_reward=-22.70 +/- 0.33
Episode length: 417.90 +/- 22.98
-----------------------------------------
| eval/                   |             |
|    mean_ep_length       | 418         |
|    mean_reward          | -22.7       |
| time/                   |             |
|    total_timesteps      | 200000      |
| train/                  |             |
|    approx_kl            | 0.004180012 |
|    clip_fraction        | 0.0227      |
|    clip_range           | 0.2         |
|    entropy_loss         | -1.13       |
|    explained_variance   | 0.993       |
|    learning_rate        | 0.0003      |
|    loss                 | 0.066       |
|    n_updates            | 240         |
|    policy_gradient_loss | -0.00124    |
|    value_loss           | 0.134       |
-----------------------------------------
---------------------------------
| rollout/           |          |
|    ep_len_mean     | 370      |
|    ep_rew_mean     | -10.9    |
| time/              |          |
|    fps             | 1747     |
|    iterations      | 25       |
|    time_elapsed    | 117      |
|    total_timesteps | 204800   |
---------------------------------
------------------------------------------
| rollout/                |              |
|    ep_len_mean          | 371          |
|    ep_rew_mean          | -10.9        |
| time/                   |              |
|    fps                  | 1760         |
|    iterations           | 26           |
|    time_elapsed         | 121          |
|    total_timesteps      | 212992       |
| train/                  |              |
|    approx_kl            | 0.0069827726 |
|    clip_fraction        | 0.0491       |
|    clip_range           | 0.2          |
|    entropy_loss         | -1.13        |
|    explained_variance   | 0.994        |
|    learning_rate        | 0.0003       |
|    loss                 | 0.0445       |
|    n_updates            | 250          |
|    policy_gradient_loss | -0.00468     |
|    value_loss           | 0.124        |
------------------------------------------
Eval num_timesteps=220000, episode_reward=-22.75 +/- 0.40
Episode length: 434.80 +/- 22.60
------------------------------------------
| eval/                   |              |
|    mean_ep_length       | 435          |
|    mean_reward          | -22.8        |
| time/                   |              |
|    total_timesteps      | 220000       |
| train/                  |              |
|    approx_kl            | 0.0037936019 |
|    clip_fraction        | 0.0332       |
|    clip_range           | 0.2          |
|    entropy_loss         | -1.13        |
|    explained_variance   | 0.995        |
|    learning_rate        | 0.0003       |
|    loss                 | 0.0552       |
|    n_updates            | 260          |
|    policy_gradient_loss | -0.00145     |
|    value_loss           | 0.112        |
------------------------------------------
---------------------------------
| rollout/           |          |
|    ep_len_mean     | 373      |
|    ep_rew_mean     | -10.8    |
| time/              |          |
|    fps             | 1733     |
|    iterations      | 27       |
|    time_elapsed    | 127      |
|    total_timesteps | 221184   |
---------------------------------
-----------------------------------------
| rollout/                |             |
|    ep_len_mean          | 376         |
|    ep_rew_mean          | -10.6       |
| time/                   |             |
|    fps                  | 1746        |
|    iterations           | 28          |
|    time_elapsed         | 131         |
|    total_timesteps      | 229376      |
| train/                  |             |
|    approx_kl            | 0.006784631 |
|    clip_fraction        | 0.0555      |
|    clip_range           | 0.2         |
|    entropy_loss         | -1.08       |
|    explained_variance   | 0.995       |
|    learning_rate        | 0.0003      |
|    loss                 | 0.0468      |
|    n_updates            | 270         |
|    policy_gradient_loss | -0.00303    |
|    value_loss           | 0.118       |
-----------------------------------------
------------------------------------------
| rollout/                |              |
|    ep_len_mean          | 377          |
|    ep_rew_mean          | -10.4        |
| time/                   |              |
|    fps                  | 1759         |
|    iterations           | 29           |
|    time_elapsed         | 135          |
|    total_timesteps      | 237568       |
| train/                  |              |
|    approx_kl            | 0.0047184424 |
|    clip_fraction        | 0.0424       |
|    clip_range           | 0.2          |
|    entropy_loss         | -1.05        |
|    explained_variance   | 0.994        |
|    learning_rate        | 0.0003       |
|    loss                 | 0.0833       |
|    n_updates            | 280          |
|    policy_gradient_loss | -0.00199     |
|    value_loss           | 0.116        |
------------------------------------------
Eval num_timesteps=240000, episode_reward=-22.85 +/- 0.23
Episode length: 426.50 +/- 20.08
-----------------------------------------
| eval/                   |             |
|    mean_ep_length       | 426         |
|    mean_reward          | -22.9       |
| time/                   |             |
|    total_timesteps      | 240000      |
| train/                  |             |
|    approx_kl            | 0.004397223 |
|    clip_fraction        | 0.0296      |
|    clip_range           | 0.2         |
|    entropy_loss         | -1.06       |
|    explained_variance   | 0.994       |
|    learning_rate        | 0.0003      |
|    loss                 | 0.0633      |
|    n_updates            | 290         |
|    policy_gradient_loss | -0.00192    |
|    value_loss           | 0.124       |
-----------------------------------------
---------------------------------
| rollout/           |          |
|    ep_len_mean     | 379      |
|    ep_rew_mean     | -10.1    |
| time/              |          |
|    fps             | 1735     |
|    iterations      | 30       |
|    time_elapsed    | 141      |
|    total_timesteps | 245760   |
---------------------------------
------------------------------------------
| rollout/                |              |
|    ep_len_mean          | 379          |
|    ep_rew_mean          | -10          |
| time/                   |              |
|    fps                  | 1747         |
|    iterations           | 31           |
|    time_elapsed         | 145          |
|    total_timesteps      | 253952       |
| train/                  |              |
|    approx_kl            | 0.0044676354 |
|    clip_fraction        | 0.0333       |
|    clip_range           | 0.2          |
|    entropy_loss         | -1.06        |
|    explained_variance   | 0.994        |
|    learning_rate        | 0.0003       |
|    loss                 | 0.0609       |
|    n_updates            | 300          |
|    policy_gradient_loss | -0.00205     |
|    value_loss           | 0.117        |
------------------------------------------
Eval num_timesteps=260000, episode_reward=-22.90 +/- 0.20
Episode length: 436.30 +/- 25.06
-----------------------------------------
| eval/                   |             |
|    mean_ep_length       | 436         |
|    mean_reward          | -22.9       |
| time/                   |             |
|    total_timesteps      | 260000      |
| train/                  |             |
|    approx_kl            | 0.006634117 |
|    clip_fraction        | 0.0544      |
|    clip_range           | 0.2         |
|    entropy_loss         | -1.08       |
|    explained_variance   | 0.995       |
|    learning_rate        | 0.0003      |
|    loss                 | 0.0643      |
|    n_updates            | 310         |
|    policy_gradient_loss | -0.00141    |
|    value_loss           | 0.118       |
-----------------------------------------
---------------------------------
| rollout/           |          |
|    ep_len_mean     | 379      |
|    ep_rew_mean     | -10.2    |
| time/              |          |
|    fps             | 1722     |
|    iterations      | 32       |
|    time_elapsed    | 152      |
|    total_timesteps | 262144   |
---------------------------------
-----------------------------------------
| rollout/                |             |
|    ep_len_mean          | 378         |
|    ep_rew_mean          | -10.3       |
| time/                   |             |
|    fps                  | 1732        |
|    iterations           | 33          |
|    time_elapsed         | 156         |
|    total_timesteps      | 270336      |
| train/                  |             |
|    approx_kl            | 0.005731952 |
|    clip_fraction        | 0.0634      |
|    clip_range           | 0.2         |
|    entropy_loss         | -1.09       |
|    explained_variance   | 0.995       |
|    learning_rate        | 0.0003      |
|    loss                 | 0.0481      |
|    n_updates            | 320         |
|    policy_gradient_loss | -0.00184    |
|    value_loss           | 0.11        |
-----------------------------------------
------------------------------------------
| rollout/                |              |
|    ep_len_mean          | 380          |
|    ep_rew_mean          | -10.3        |
| time/                   |              |
|    fps                  | 1739         |
|    iterations           | 34           |
|    time_elapsed         | 160          |
|    total_timesteps      | 278528       |
| train/                  |              |
|    approx_kl            | 0.0056711277 |
|    clip_fraction        | 0.0607       |
|    clip_range           | 0.2          |
|    entropy_loss         | -1.13        |
|    explained_variance   | 0.995        |
|    learning_rate        | 0.0003       |
|    loss                 | 0.0399       |
|    n_updates            | 330          |
|    policy_gradient_loss | -0.00231     |
|    value_loss           | 0.106        |
------------------------------------------
Eval num_timesteps=280000, episode_reward=-22.40 +/- 0.37
Episode length: 339.40 +/- 22.33
-----------------------------------------
| eval/                   |             |
|    mean_ep_length       | 339         |
|    mean_reward          | -22.4       |
| time/                   |             |
|    total_timesteps      | 280000      |
| train/                  |             |
|    approx_kl            | 0.005934866 |
|    clip_fraction        | 0.0413      |
|    clip_range           | 0.2         |
|    entropy_loss         | -1.14       |
|    explained_variance   | 0.995       |
|    learning_rate        | 0.0003      |
|    loss                 | 0.0537      |
|    n_updates            | 340         |
|    policy_gradient_loss | -0.0019     |
|    value_loss           | 0.104       |
-----------------------------------------
---------------------------------
| rollout/           |          |
|    ep_len_mean     | 384      |
|    ep_rew_mean     | -10.1    |
| time/              |          |
|    fps             | 1720     |
|    iterations      | 35       |
|    time_elapsed    | 166      |
|    total_timesteps | 286720   |
---------------------------------
-----------------------------------------
| rollout/                |             |
|    ep_len_mean          | 388         |
|    ep_rew_mean          | -9.89       |
| time/                   |             |
|    fps                  | 1732        |
|    iterations           | 36          |
|    time_elapsed         | 170         |
|    total_timesteps      | 294912      |
| train/                  |             |
|    approx_kl            | 0.004733299 |
|    clip_fraction        | 0.0556      |
|    clip_range           | 0.2         |
|    entropy_loss         | -1.16       |
|    explained_variance   | 0.995       |
|    learning_rate        | 0.0003      |
|    loss                 | 0.0304      |
|    n_updates            | 350         |
|    policy_gradient_loss | -0.00058    |
|    value_loss           | 0.101       |
-----------------------------------------
Eval num_timesteps=300000, episode_reward=-22.25 +/- 0.34
Episode length: 346.70 +/- 30.75
------------------------------------------
| eval/                   |              |
|    mean_ep_length       | 347          |
|    mean_reward          | -22.2        |
| time/                   |              |
|    total_timesteps      | 300000       |
| train/                  |              |
|    approx_kl            | 0.0055738175 |
|    clip_fraction        | 0.0548       |
|    clip_range           | 0.2          |
|    entropy_loss         | -1.13        |
|    explained_variance   | 0.996        |
|    learning_rate        | 0.0003       |
|    loss                 | 0.0344       |
|    n_updates            | 360          |
|    policy_gradient_loss | -0.00293     |
|    value_loss           | 0.1          |
------------------------------------------
---------------------------------
| rollout/           |          |
|    ep_len_mean     | 395      |
|    ep_rew_mean     | -9.44    |
| time/              |          |
|    fps             | 1720     |
|    iterations      | 37       |
|    time_elapsed    | 176      |
|    total_timesteps | 303104   |
---------------------------------
------------------------------------------
| rollout/                |              |
|    ep_len_mean          | 402          |
|    ep_rew_mean          | -9.05        |
| time/                   |              |
|    fps                  | 1731         |
|    iterations           | 38           |
|    time_elapsed         | 179          |
|    total_timesteps      | 311296       |
| train/                  |              |
|    approx_kl            | 0.0054302337 |
|    clip_fraction        | 0.057        |
|    clip_range           | 0.2          |
|    entropy_loss         | -1.14        |
|    explained_variance   | 0.995        |
|    learning_rate        | 0.0003       |
|    loss                 | 0.0391       |
|    n_updates            | 370          |
|    policy_gradient_loss | -0.00159     |
|    value_loss           | 0.104        |
------------------------------------------
---------------------------------------
| rollout/                |           |
|    ep_len_mean          | 407       |
|    ep_rew_mean          | -8.72     |
| time/                   |           |
|    fps                  | 1740      |
|    iterations           | 39        |
|    time_elapsed         | 183       |
|    total_timesteps      | 319488    |
| train/                  |           |
|    approx_kl            | 0.0037618 |
|    clip_fraction        | 0.039     |
|    clip_range           | 0.2       |
|    entropy_loss         | -1.16     |
|    explained_variance   | 0.995     |
|    learning_rate        | 0.0003    |
|    loss                 | 0.0417    |
|    n_updates            | 380       |
|    policy_gradient_loss | -0.00125  |
|    value_loss           | 0.0878    |
---------------------------------------
Eval num_timesteps=320000, episode_reward=-22.50 +/- 0.00
Episode length: 360.80 +/- 26.60
-----------------------------------------
| eval/                   |             |
|    mean_ep_length       | 361         |
|    mean_reward          | -22.5       |
| time/                   |             |
|    total_timesteps      | 320000      |
| train/                  |             |
|    approx_kl            | 0.005136784 |
|    clip_fraction        | 0.0485      |
|    clip_range           | 0.2         |
|    entropy_loss         | -1.15       |
|    explained_variance   | 0.996       |
|    learning_rate        | 0.0003      |
|    loss                 | 0.0374      |
|    n_updates            | 390         |
|    policy_gradient_loss | -0.00247    |
|    value_loss           | 0.0906      |
-----------------------------------------
---------------------------------
| rollout/           |          |
|    ep_len_mean     | 410      |
|    ep_rew_mean     | -8.57    |
| time/              |          |
|    fps             | 1726     |
|    iterations      | 40       |
|    time_elapsed    | 189      |
|    total_timesteps | 327680   |
---------------------------------
------------------------------------------
| rollout/                |              |
|    ep_len_mean          | 417          |
|    ep_rew_mean          | -8.42        |
| time/                   |              |
|    fps                  | 1737         |
|    iterations           | 41           |
|    time_elapsed         | 193          |
|    total_timesteps      | 335872       |
| train/                  |              |
|    approx_kl            | 0.0073103537 |
|    clip_fraction        | 0.0531       |
|    clip_range           | 0.2          |
|    entropy_loss         | -1.18        |
|    explained_variance   | 0.996        |
|    learning_rate        | 0.0003       |
|    loss                 | 0.0378       |
|    n_updates            | 400          |
|    policy_gradient_loss | -0.0016      |
|    value_loss           | 0.0854       |
------------------------------------------
Eval num_timesteps=340000, episode_reward=-22.40 +/- 0.20
Episode length: 352.80 +/- 21.99
------------------------------------------
| eval/                   |              |
|    mean_ep_length       | 353          |
|    mean_reward          | -22.4        |
| time/                   |              |
|    total_timesteps      | 340000       |
| train/                  |              |
|    approx_kl            | 0.0102886185 |
|    clip_fraction        | 0.111        |
|    clip_range           | 0.2          |
|    entropy_loss         | -1.2         |
|    explained_variance   | 0.994        |
|    learning_rate        | 0.0003       |
|    loss                 | 0.0412       |
|    n_updates            | 410          |
|    policy_gradient_loss | -0.00413     |
|    value_loss           | 0.104        |
------------------------------------------
---------------------------------
| rollout/           |          |
|    ep_len_mean     | 419      |
|    ep_rew_mean     | -8.39    |
| time/              |          |
|    fps             | 1721     |
|    iterations      | 42       |
|    time_elapsed    | 199      |
|    total_timesteps | 344064   |
---------------------------------
-----------------------------------------
| rollout/                |             |
|    ep_len_mean          | 420         |
|    ep_rew_mean          | -8.36       |
| time/                   |             |
|    fps                  | 1725        |
|    iterations           | 43          |
|    time_elapsed         | 204         |
|    total_timesteps      | 352256      |
| train/                  |             |
|    approx_kl            | 0.009253468 |
|    clip_fraction        | 0.0882      |
|    clip_range           | 0.2         |
|    entropy_loss         | -1.23       |
|    explained_variance   | 0.997       |
|    learning_rate        | 0.0003      |
|    loss                 | 0.0199      |
|    n_updates            | 420         |
|    policy_gradient_loss | -0.00152    |
|    value_loss           | 0.0605      |
-----------------------------------------
Eval num_timesteps=360000, episode_reward=-22.35 +/- 0.32
Episode length: 355.40 +/- 29.11
------------------------------------------
| eval/                   |              |
|    mean_ep_length       | 355          |
|    mean_reward          | -22.4        |
| time/                   |              |
|    total_timesteps      | 360000       |
| train/                  |              |
|    approx_kl            | 0.0070168334 |
|    clip_fraction        | 0.0486       |
|    clip_range           | 0.2          |
|    entropy_loss         | -1.22        |
|    explained_variance   | 0.996        |
|    learning_rate        | 0.0003       |
|    loss                 | 0.0374       |
|    n_updates            | 430          |
|    policy_gradient_loss | -0.00194     |
|    value_loss           | 0.0984       |
------------------------------------------
---------------------------------
| rollout/           |          |
|    ep_len_mean     | 421      |
|    ep_rew_mean     | -8.53    |
| time/              |          |
|    fps             | 1707     |
|    iterations      | 44       |
|    time_elapsed    | 211      |
|    total_timesteps | 360448   |
---------------------------------
-----------------------------------------
| rollout/                |             |
|    ep_len_mean          | 425         |
|    ep_rew_mean          | -8.64       |
| time/                   |             |
|    fps                  | 1713        |
|    iterations           | 45          |
|    time_elapsed         | 215         |
|    total_timesteps      | 368640      |
| train/                  |             |
|    approx_kl            | 0.009532042 |
|    clip_fraction        | 0.0834      |
|    clip_range           | 0.2         |
|    entropy_loss         | -1.27       |
|    explained_variance   | 0.997       |
|    learning_rate        | 0.0003      |
|    loss                 | 0.0308      |
|    n_updates            | 440         |
|    policy_gradient_loss | -0.0018     |
|    value_loss           | 0.0706      |
-----------------------------------------
-----------------------------------------
| rollout/                |             |
|    ep_len_mean          | 425         |
|    ep_rew_mean          | -8.74       |
| time/                   |             |
|    fps                  | 1717        |
|    iterations           | 46          |
|    time_elapsed         | 219         |
|    total_timesteps      | 376832      |
| train/                  |             |
|    approx_kl            | 0.009133564 |
|    clip_fraction        | 0.0776      |
|    clip_range           | 0.2         |
|    entropy_loss         | -1.27       |
|    explained_variance   | 0.996       |
|    learning_rate        | 0.0003      |
|    loss                 | 0.0191      |
|    n_updates            | 450         |
|    policy_gradient_loss | -0.0059     |
|    value_loss           | 0.0844      |
-----------------------------------------
Eval num_timesteps=380000, episode_reward=-22.15 +/- 0.23
Episode length: 371.10 +/- 23.71
------------------------------------------
| eval/                   |              |
|    mean_ep_length       | 371          |
|    mean_reward          | -22.1        |
| time/                   |              |
|    total_timesteps      | 380000       |
| train/                  |              |
|    approx_kl            | 0.0068096826 |
|    clip_fraction        | 0.062        |
|    clip_range           | 0.2          |
|    entropy_loss         | -1.28        |
|    explained_variance   | 0.997        |
|    learning_rate        | 0.0003       |
|    loss                 | 0.0222       |
|    n_updates            | 460          |
|    policy_gradient_loss | -0.00296     |
|    value_loss           | 0.0636       |
------------------------------------------
---------------------------------
| rollout/           |          |
|    ep_len_mean     | 427      |
|    ep_rew_mean     | -8.8     |
| time/              |          |
|    fps             | 1698     |
|    iterations      | 47       |
|    time_elapsed    | 226      |
|    total_timesteps | 385024   |
---------------------------------
------------------------------------------
| rollout/                |              |
|    ep_len_mean          | 436          |
|    ep_rew_mean          | -8.55        |
| time/                   |              |
|    fps                  | 1703         |
|    iterations           | 48           |
|    time_elapsed         | 230          |
|    total_timesteps      | 393216       |
| train/                  |              |
|    approx_kl            | 0.0074082157 |
|    clip_fraction        | 0.0746       |
|    clip_range           | 0.2          |
|    entropy_loss         | -1.26        |
|    explained_variance   | 0.993        |
|    learning_rate        | 0.0003       |
|    loss                 | 0.0199       |
|    n_updates            | 470          |
|    policy_gradient_loss | -0.00378     |
|    value_loss           | 0.0864       |
------------------------------------------
Eval num_timesteps=400000, episode_reward=-22.45 +/- 0.15
Episode length: 353.80 +/- 28.12
------------------------------------------
| eval/                   |              |
|    mean_ep_length       | 354          |
|    mean_reward          | -22.4        |
| time/                   |              |
|    total_timesteps      | 400000       |
| train/                  |              |
|    approx_kl            | 0.0074958503 |
|    clip_fraction        | 0.116        |
|    clip_range           | 0.2          |
|    entropy_loss         | -1.26        |
|    explained_variance   | 0.996        |
|    learning_rate        | 0.0003       |
|    loss                 | 0.0191       |
|    n_updates            | 480          |
|    policy_gradient_loss | -0.00544     |
|    value_loss           | 0.0906       |
------------------------------------------
---------------------------------
| rollout/           |          |
|    ep_len_mean     | 441      |
|    ep_rew_mean     | -8.32    |
| time/              |          |
|    fps             | 1688     |
|    iterations      | 49       |
|    time_elapsed    | 237      |
|    total_timesteps | 401408   |
---------------------------------
------------------------------------------
| rollout/                |              |
|    ep_len_mean          | 448          |
|    ep_rew_mean          | -7.89        |
| time/                   |              |
|    fps                  | 1695         |
|    iterations           | 50           |
|    time_elapsed         | 241          |
|    total_timesteps      | 409600       |
| train/                  |              |
|    approx_kl            | 0.0057911435 |
|    clip_fraction        | 0.0608       |
|    clip_range           | 0.2          |
|    entropy_loss         | -1.26        |
|    explained_variance   | 0.997        |
|    learning_rate        | 0.0003       |
|    loss                 | 0.0231       |
|    n_updates            | 490          |
|    policy_gradient_loss | -0.00356     |
|    value_loss           | 0.0755       |
------------------------------------------
------------------------------------------
| rollout/                |              |
|    ep_len_mean          | 456          |
|    ep_rew_mean          | -7.31        |
| time/                   |              |
|    fps                  | 1700         |
|    iterations           | 51           |
|    time_elapsed         | 245          |
|    total_timesteps      | 417792       |
| train/                  |              |
|    approx_kl            | 0.0059539108 |
|    clip_fraction        | 0.0388       |
|    clip_range           | 0.2          |
|    entropy_loss         | -1.29        |
|    explained_variance   | 0.995        |
|    learning_rate        | 0.0003       |
|    loss                 | 0.0107       |
|    n_updates            | 500          |
|    policy_gradient_loss | -0.0039      |
|    value_loss           | 0.0799       |
------------------------------------------
Eval num_timesteps=420000, episode_reward=-22.35 +/- 0.23
Episode length: 367.10 +/- 18.10
------------------------------------------
| eval/                   |              |
|    mean_ep_length       | 367          |
|    mean_reward          | -22.4        |
| time/                   |              |
|    total_timesteps      | 420000       |
| train/                  |              |
|    approx_kl            | 0.0053951084 |
|    clip_fraction        | 0.0384       |
|    clip_range           | 0.2          |
|    entropy_loss         | -1.28        |
|    explained_variance   | 0.997        |
|    learning_rate        | 0.0003       |
|    loss                 | 0.0246       |
|    n_updates            | 510          |
|    policy_gradient_loss | -0.00254     |
|    value_loss           | 0.0701       |
------------------------------------------
---------------------------------
| rollout/           |          |
|    ep_len_mean     | 463      |
|    ep_rew_mean     | -6.74    |
| time/              |          |
|    fps             | 1686     |
|    iterations      | 52       |
|    time_elapsed    | 252      |
|    total_timesteps | 425984   |
---------------------------------
-----------------------------------------
| rollout/                |             |
|    ep_len_mean          | 477         |
|    ep_rew_mean          | -5.83       |
| time/                   |             |
|    fps                  | 1692        |
|    iterations           | 53          |
|    time_elapsed         | 256         |
|    total_timesteps      | 434176      |
| train/                  |             |
|    approx_kl            | 0.008769999 |
|    clip_fraction        | 0.0847      |
|    clip_range           | 0.2         |
|    entropy_loss         | -1.25       |
|    explained_variance   | 0.997       |
|    learning_rate        | 0.0003      |
|    loss                 | 0.0222      |
|    n_updates            | 520         |
|    policy_gradient_loss | -0.00435    |
|    value_loss           | 0.0675      |
-----------------------------------------
Eval num_timesteps=440000, episode_reward=-22.55 +/- 0.15
Episode length: 356.00 +/- 19.81
-----------------------------------------
| eval/                   |             |
|    mean_ep_length       | 356         |
|    mean_reward          | -22.6       |
| time/                   |             |
|    total_timesteps      | 440000      |
| train/                  |             |
|    approx_kl            | 0.007764758 |
|    clip_fraction        | 0.0878      |
|    clip_range           | 0.2         |
|    entropy_loss         | -1.28       |
|    explained_variance   | 0.997       |
|    learning_rate        | 0.0003      |
|    loss                 | 0.0139      |
|    n_updates            | 530         |
|    policy_gradient_loss | -0.00661    |
|    value_loss           | 0.0674      |
-----------------------------------------
---------------------------------
| rollout/           |          |
|    ep_len_mean     | 482      |
|    ep_rew_mean     | -5.26    |
| time/              |          |
|    fps             | 1683     |
|    iterations      | 54       |
|    time_elapsed    | 262      |
|    total_timesteps | 442368   |
---------------------------------
-----------------------------------------
| rollout/                |             |
|    ep_len_mean          | 492         |
|    ep_rew_mean          | -4.58       |
| time/                   |             |
|    fps                  | 1691        |
|    iterations           | 55          |
|    time_elapsed         | 266         |
|    total_timesteps      | 450560      |
| train/                  |             |
|    approx_kl            | 0.007983997 |
|    clip_fraction        | 0.0768      |
|    clip_range           | 0.2         |
|    entropy_loss         | -1.24       |
|    explained_variance   | 0.997       |
|    learning_rate        | 0.0003      |
|    loss                 | 0.0258      |
|    n_updates            | 540         |
|    policy_gradient_loss | -0.00359    |
|    value_loss           | 0.0624      |
-----------------------------------------
-----------------------------------------
| rollout/                |             |
|    ep_len_mean          | 490         |
|    ep_rew_mean          | -4.6        |
| time/                   |             |
|    fps                  | 1698        |
|    iterations           | 56          |
|    time_elapsed         | 270         |
|    total_timesteps      | 458752      |
| train/                  |             |
|    approx_kl            | 0.004585495 |
|    clip_fraction        | 0.049       |
|    clip_range           | 0.2         |
|    entropy_loss         | -1.19       |
|    explained_variance   | 0.997       |
|    learning_rate        | 0.0003      |
|    loss                 | 0.0141      |
|    n_updates            | 550         |
|    policy_gradient_loss | -0.00252    |
|    value_loss           | 0.0718      |
-----------------------------------------
Eval num_timesteps=460000, episode_reward=-22.35 +/- 0.23
Episode length: 447.00 +/- 30.18
------------------------------------------
| eval/                   |              |
|    mean_ep_length       | 447          |
|    mean_reward          | -22.4        |
| time/                   |              |
|    total_timesteps      | 460000       |
| train/                  |              |
|    approx_kl            | 0.0048937723 |
|    clip_fraction        | 0.0421       |
|    clip_range           | 0.2          |
|    entropy_loss         | -1.2         |
|    explained_variance   | 0.997        |
|    learning_rate        | 0.0003       |
|    loss                 | 0.0209       |
|    n_updates            | 560          |
|    policy_gradient_loss | -0.00179     |
|    value_loss           | 0.0717       |
------------------------------------------
---------------------------------
| rollout/           |          |
|    ep_len_mean     | 488      |
|    ep_rew_mean     | -4.67    |
| time/              |          |
|    fps             | 1685     |
|    iterations      | 57       |
|    time_elapsed    | 277      |
|    total_timesteps | 466944   |
---------------------------------
-----------------------------------------
| rollout/                |             |
|    ep_len_mean          | 487         |
|    ep_rew_mean          | -4.67       |
| time/                   |             |
|    fps                  | 1693        |
|    iterations           | 58          |
|    time_elapsed         | 280         |
|    total_timesteps      | 475136      |
| train/                  |             |
|    approx_kl            | 0.005811842 |
|    clip_fraction        | 0.0669      |
|    clip_range           | 0.2         |
|    entropy_loss         | -1.15       |
|    explained_variance   | 0.997       |
|    learning_rate        | 0.0003      |
|    loss                 | 0.0186      |
|    n_updates            | 570         |
|    policy_gradient_loss | -0.00143    |
|    value_loss           | 0.0645      |
-----------------------------------------
Eval num_timesteps=480000, episode_reward=-22.25 +/- 0.34
Episode length: 377.10 +/- 20.95
-----------------------------------------
| eval/                   |             |
|    mean_ep_length       | 377         |
|    mean_reward          | -22.2       |
| time/                   |             |
|    total_timesteps      | 480000      |
| train/                  |             |
|    approx_kl            | 0.007394866 |
|    clip_fraction        | 0.0761      |
|    clip_range           | 0.2         |
|    entropy_loss         | -1.17       |
|    explained_variance   | 0.998       |
|    learning_rate        | 0.0003      |
|    loss                 | 0.00342     |
|    n_updates            | 580         |
|    policy_gradient_loss | -0.0024     |
|    value_loss           | 0.0615      |
-----------------------------------------
---------------------------------
| rollout/           |          |
|    ep_len_mean     | 485      |
|    ep_rew_mean     | -4.79    |
| time/              |          |
|    fps             | 1685     |
|    iterations      | 59       |
|    time_elapsed    | 286      |
|    total_timesteps | 483328   |
---------------------------------
------------------------------------------
| rollout/                |              |
|    ep_len_mean          | 485          |
|    ep_rew_mean          | -4.85        |
| time/                   |              |
|    fps                  | 1691         |
|    iterations           | 60           |
|    time_elapsed         | 290          |
|    total_timesteps      | 491520       |
| train/                  |              |
|    approx_kl            | 0.0061218343 |
|    clip_fraction        | 0.0588       |
|    clip_range           | 0.2          |
|    entropy_loss         | -1.19        |
|    explained_variance   | 0.998        |
|    learning_rate        | 0.0003       |
|    loss                 | 0.0149       |
|    n_updates            | 590          |
|    policy_gradient_loss | -0.00252     |
|    value_loss           | 0.0529       |
------------------------------------------
------------------------------------------
| rollout/                |              |
|    ep_len_mean          | 487          |
|    ep_rew_mean          | -4.8         |
| time/                   |              |
|    fps                  | 1696         |
|    iterations           | 61           |
|    time_elapsed         | 294          |
|    total_timesteps      | 499712       |
| train/                  |              |
|    approx_kl            | 0.0072476263 |
|    clip_fraction        | 0.0689       |
|    clip_range           | 0.2          |
|    entropy_loss         | -1.2         |
|    explained_variance   | 0.997        |
|    learning_rate        | 0.0003       |
|    loss                 | 0.0119       |
|    n_updates            | 600          |
|    policy_gradient_loss | -0.00373     |
|    value_loss           | 0.0608       |
------------------------------------------
Eval num_timesteps=500000, episode_reward=-22.25 +/- 0.34
Episode length: 408.50 +/- 58.42
-----------------------------------------
| eval/                   |             |
|    mean_ep_length       | 408         |
|    mean_reward          | -22.2       |
| time/                   |             |
|    total_timesteps      | 500000      |
| train/                  |             |
|    approx_kl            | 0.006605467 |
|    clip_fraction        | 0.059       |
|    clip_range           | 0.2         |
|    entropy_loss         | -1.24       |
|    explained_variance   | 0.998       |
|    learning_rate        | 0.0003      |
|    loss                 | 0.0386      |
|    n_updates            | 610         |
|    policy_gradient_loss | -0.00117    |
|    value_loss           | 0.0524      |
-----------------------------------------
---------------------------------
| rollout/           |          |
|    ep_len_mean     | 508      |
|    ep_rew_mean     | -3.86    |
| time/              |          |
|    fps             | 1686     |
|    iterations      | 62       |
|    time_elapsed    | 301      |
|    total_timesteps | 507904   |
---------------------------------
------------------------------------------
| rollout/                |              |
|    ep_len_mean          | 520          |
|    ep_rew_mean          | -3.18        |
| time/                   |              |
|    fps                  | 1690         |
|    iterations           | 63           |
|    time_elapsed         | 305          |
|    total_timesteps      | 516096       |
| train/                  |              |
|    approx_kl            | 0.0054682307 |
|    clip_fraction        | 0.0525       |
|    clip_range           | 0.2          |
|    entropy_loss         | -1.2         |
|    explained_variance   | 0.998        |
|    learning_rate        | 0.0003       |
|    loss                 | 0.00692      |
|    n_updates            | 620          |
|    policy_gradient_loss | -0.00151     |
|    value_loss           | 0.0495       |
------------------------------------------
Eval num_timesteps=520000, episode_reward=-22.30 +/- 0.33
Episode length: 460.40 +/- 52.67
------------------------------------------
| eval/                   |              |
|    mean_ep_length       | 460          |
|    mean_reward          | -22.3        |
| time/                   |              |
|    total_timesteps      | 520000       |
| train/                  |              |
|    approx_kl            | 0.0065885866 |
|    clip_fraction        | 0.0527       |
|    clip_range           | 0.2          |
|    entropy_loss         | -1.2         |
|    explained_variance   | 0.998        |
|    learning_rate        | 0.0003       |
|    loss                 | 0.0305       |
|    n_updates            | 630          |
|    policy_gradient_loss | -0.00168     |
|    value_loss           | 0.047        |
------------------------------------------
---------------------------------
| rollout/           |          |
|    ep_len_mean     | 533      |
|    ep_rew_mean     | -2.43    |
| time/              |          |
|    fps             | 1677     |
|    iterations      | 64       |
|    time_elapsed    | 312      |
|    total_timesteps | 524288   |
---------------------------------
------------------------------------------
| rollout/                |              |
|    ep_len_mean          | 535          |
|    ep_rew_mean          | -2.34        |
| time/                   |              |
|    fps                  | 1682         |
|    iterations           | 65           |
|    time_elapsed         | 316          |
|    total_timesteps      | 532480       |
| train/                  |              |
|    approx_kl            | 0.0068618003 |
|    clip_fraction        | 0.0482       |
|    clip_range           | 0.2          |
|    entropy_loss         | -1.15        |
|    explained_variance   | 0.998        |
|    learning_rate        | 0.0003       |
|    loss                 | 0.0314       |
|    n_updates            | 640          |
|    policy_gradient_loss | -0.00171     |
|    value_loss           | 0.0533       |
------------------------------------------
Eval num_timesteps=540000, episode_reward=-22.55 +/- 0.27
Episode length: 430.70 +/- 53.57
-----------------------------------------
| eval/                   |             |
|    mean_ep_length       | 431         |
|    mean_reward          | -22.6       |
| time/                   |             |
|    total_timesteps      | 540000      |
| train/                  |             |
|    approx_kl            | 0.008914772 |
|    clip_fraction        | 0.0917      |
|    clip_range           | 0.2         |
|    entropy_loss         | -1.14       |
|    explained_variance   | 0.997       |
|    learning_rate        | 0.0003      |
|    loss                 | 0.0229      |
|    n_updates            | 650         |
|    policy_gradient_loss | -0.00153    |
|    value_loss           | 0.0667      |
-----------------------------------------
---------------------------------
| rollout/           |          |
|    ep_len_mean     | 531      |
|    ep_rew_mean     | -2.71    |
| time/              |          |
|    fps             | 1671     |
|    iterations      | 66       |
|    time_elapsed    | 323      |
|    total_timesteps | 540672   |
---------------------------------
----------------------------------------
| rollout/                |            |
|    ep_len_mean          | 530        |
|    ep_rew_mean          | -2.95      |
| time/                   |            |
|    fps                  | 1675       |
|    iterations           | 67         |
|    time_elapsed         | 327        |
|    total_timesteps      | 548864     |
| train/                  |            |
|    approx_kl            | 0.00680274 |
|    clip_fraction        | 0.0707     |
|    clip_range           | 0.2        |
|    entropy_loss         | -1.15      |
|    explained_variance   | 0.998      |
|    learning_rate        | 0.0003     |
|    loss                 | 0.016      |
|    n_updates            | 660        |
|    policy_gradient_loss | -0.00232   |
|    value_loss           | 0.058      |
----------------------------------------
------------------------------------------
| rollout/                |              |
|    ep_len_mean          | 523          |
|    ep_rew_mean          | -3.42        |
| time/                   |              |
|    fps                  | 1682         |
|    iterations           | 68           |
|    time_elapsed         | 331          |
|    total_timesteps      | 557056       |
| train/                  |              |
|    approx_kl            | 0.0090532135 |
|    clip_fraction        | 0.12         |
|    clip_range           | 0.2          |
|    entropy_loss         | -1.14        |
|    explained_variance   | 0.998        |
|    learning_rate        | 0.0003       |
|    loss                 | 0.0126       |
|    n_updates            | 670          |
|    policy_gradient_loss | -0.00318     |
|    value_loss           | 0.044        |
------------------------------------------
Eval num_timesteps=560000, episode_reward=-22.45 +/- 0.61
Episode length: 474.00 +/- 155.93
------------------------------------------
| eval/                   |              |
|    mean_ep_length       | 474          |
|    mean_reward          | -22.4        |
| time/                   |              |
|    total_timesteps      | 560000       |
| train/                  |              |
|    approx_kl            | 0.0046360455 |
|    clip_fraction        | 0.0578       |
|    clip_range           | 0.2          |
|    entropy_loss         | -1.1         |
|    explained_variance   | 0.997        |
|    learning_rate        | 0.0003       |
|    loss                 | 0.012        |
|    n_updates            | 680          |
|    policy_gradient_loss | -0.00169     |
|    value_loss           | 0.0669       |
------------------------------------------
---------------------------------
| rollout/           |          |
|    ep_len_mean     | 512      |
|    ep_rew_mean     | -3.88    |
| time/              |          |
|    fps             | 1670     |
|    iterations      | 69       |
|    time_elapsed    | 338      |
|    total_timesteps | 565248   |
---------------------------------
------------------------------------------
| rollout/                |              |
|    ep_len_mean          | 509          |
|    ep_rew_mean          | -4.1         |
| time/                   |              |
|    fps                  | 1675         |
|    iterations           | 70           |
|    time_elapsed         | 342          |
|    total_timesteps      | 573440       |
| train/                  |              |
|    approx_kl            | 0.0052487766 |
|    clip_fraction        | 0.0388       |
|    clip_range           | 0.2          |
|    entropy_loss         | -1.14        |
|    explained_variance   | 0.998        |
|    learning_rate        | 0.0003       |
|    loss                 | 0.015        |
|    n_updates            | 690          |
|    policy_gradient_loss | -0.00187     |
|    value_loss           | 0.0525       |
------------------------------------------
Eval num_timesteps=580000, episode_reward=-22.85 +/- 0.32
Episode length: 568.70 +/- 131.39
------------------------------------------
| eval/                   |              |
|    mean_ep_length       | 569          |
|    mean_reward          | -22.9        |
| time/                   |              |
|    total_timesteps      | 580000       |
| train/                  |              |
|    approx_kl            | 0.0042959983 |
|    clip_fraction        | 0.0549       |
|    clip_range           | 0.2          |
|    entropy_loss         | -1.08        |
|    explained_variance   | 0.998        |
|    learning_rate        | 0.0003       |
|    loss                 | 0.0282       |
|    n_updates            | 700          |
|    policy_gradient_loss | -0.00114     |
|    value_loss           | 0.0653       |
------------------------------------------
---------------------------------
| rollout/           |          |
|    ep_len_mean     | 510      |
|    ep_rew_mean     | -4.01    |
| time/              |          |
|    fps             | 1658     |
|    iterations      | 71       |
|    time_elapsed    | 350      |
|    total_timesteps | 581632   |
---------------------------------
-----------------------------------------
| rollout/                |             |
|    ep_len_mean          | 521         |
|    ep_rew_mean          | -3.31       |
| time/                   |             |
|    fps                  | 1662        |
|    iterations           | 72          |
|    time_elapsed         | 354         |
|    total_timesteps      | 589824      |
| train/                  |             |
|    approx_kl            | 0.006154013 |
|    clip_fraction        | 0.0687      |
|    clip_range           | 0.2         |
|    entropy_loss         | -1.16       |
|    explained_variance   | 0.998       |
|    learning_rate        | 0.0003      |
|    loss                 | 0.0016      |
|    n_updates            | 710         |
|    policy_gradient_loss | -0.00204    |
|    value_loss           | 0.0497      |
-----------------------------------------
-----------------------------------------
| rollout/                |             |
|    ep_len_mean          | 524         |
|    ep_rew_mean          | -2.8        |
| time/                   |             |
|    fps                  | 1666        |
|    iterations           | 73          |
|    time_elapsed         | 358         |
|    total_timesteps      | 598016      |
| train/                  |             |
|    approx_kl            | 0.004727645 |
|    clip_fraction        | 0.0465      |
|    clip_range           | 0.2         |
|    entropy_loss         | -1.12       |
|    explained_variance   | 0.998       |
|    learning_rate        | 0.0003      |
|    loss                 | 0.0227      |
|    n_updates            | 720         |
|    policy_gradient_loss | -0.00377    |
|    value_loss           | 0.0505      |
-----------------------------------------
Eval num_timesteps=600000, episode_reward=-22.30 +/- 0.75
Episode length: 516.70 +/- 89.79
------------------------------------------
| eval/                   |              |
|    mean_ep_length       | 517          |
|    mean_reward          | -22.3        |
| time/                   |              |
|    total_timesteps      | 600000       |
| train/                  |              |
|    approx_kl            | 0.0065448433 |
|    clip_fraction        | 0.0536       |
|    clip_range           | 0.2          |
|    entropy_loss         | -1.11        |
|    explained_variance   | 0.998        |
|    learning_rate        | 0.0003       |
|    loss                 | 0.00267      |
|    n_updates            | 730          |
|    policy_gradient_loss | -0.00173     |
|    value_loss           | 0.0513       |
------------------------------------------
---------------------------------
| rollout/           |          |
|    ep_len_mean     | 528      |
|    ep_rew_mean     | -2.42    |
| time/              |          |
|    fps             | 1655     |
|    iterations      | 74       |
|    time_elapsed    | 366      |
|    total_timesteps | 606208   |
---------------------------------
------------------------------------------
| rollout/                |              |
|    ep_len_mean          | 535          |
|    ep_rew_mean          | -2.1         |
| time/                   |              |
|    fps                  | 1662         |
|    iterations           | 75           |
|    time_elapsed         | 369          |
|    total_timesteps      | 614400       |
| train/                  |              |
|    approx_kl            | 0.0054424196 |
|    clip_fraction        | 0.0605       |
|    clip_range           | 0.2          |
|    entropy_loss         | -1.1         |
|    explained_variance   | 0.998        |
|    learning_rate        | 0.0003       |
|    loss                 | 0.00714      |
|    n_updates            | 740          |
|    policy_gradient_loss | -0.00235     |
|    value_loss           | 0.0469       |
------------------------------------------
Eval num_timesteps=620000, episode_reward=-22.15 +/- 0.39
Episode length: 468.60 +/- 34.59
------------------------------------------
| eval/                   |              |
|    mean_ep_length       | 469          |
|    mean_reward          | -22.1        |
| time/                   |              |
|    total_timesteps      | 620000       |
| train/                  |              |
|    approx_kl            | 0.0070491964 |
|    clip_fraction        | 0.0591       |
|    clip_range           | 0.2          |
|    entropy_loss         | -1.09        |
|    explained_variance   | 0.998        |
|    learning_rate        | 0.0003       |
|    loss                 | 0.0117       |
|    n_updates            | 750          |
|    policy_gradient_loss | -0.00161     |
|    value_loss           | 0.0448       |
------------------------------------------
---------------------------------
| rollout/           |          |
|    ep_len_mean     | 538      |
|    ep_rew_mean     | -1.95    |
| time/              |          |
|    fps             | 1653     |
|    iterations      | 76       |
|    time_elapsed    | 376      |
|    total_timesteps | 622592   |
---------------------------------
------------------------------------------
| rollout/                |              |
|    ep_len_mean          | 548          |
|    ep_rew_mean          | -1.46        |
| time/                   |              |
|    fps                  | 1657         |
|    iterations           | 77           |
|    time_elapsed         | 380          |
|    total_timesteps      | 630784       |
| train/                  |              |
|    approx_kl            | 0.0040999404 |
|    clip_fraction        | 0.0454       |
|    clip_range           | 0.2          |
|    entropy_loss         | -1.05        |
|    explained_variance   | 0.998        |
|    learning_rate        | 0.0003       |
|    loss                 | 0.0186       |
|    n_updates            | 760          |
|    policy_gradient_loss | -0.00117     |
|    value_loss           | 0.0466       |
------------------------------------------
-----------------------------------------
| rollout/                |             |
|    ep_len_mean          | 548         |
|    ep_rew_mean          | -1.45       |
| time/                   |             |
|    fps                  | 1662        |
|    iterations           | 78          |
|    time_elapsed         | 384         |
|    total_timesteps      | 638976      |
| train/                  |             |
|    approx_kl            | 0.005283132 |
|    clip_fraction        | 0.0557      |
|    clip_range           | 0.2         |
|    entropy_loss         | -1.09       |
|    explained_variance   | 0.998       |
|    learning_rate        | 0.0003      |
|    loss                 | 0.0137      |
|    n_updates            | 770         |
|    policy_gradient_loss | -0.00127    |
|    value_loss           | 0.0399      |
-----------------------------------------
Eval num_timesteps=640000, episode_reward=-22.90 +/- 0.73
Episode length: 576.80 +/- 26.55
-----------------------------------------
| eval/                   |             |
|    mean_ep_length       | 577         |
|    mean_reward          | -22.9       |
| time/                   |             |
|    total_timesteps      | 640000      |
| train/                  |             |
|    approx_kl            | 0.006637926 |
|    clip_fraction        | 0.0621      |
|    clip_range           | 0.2         |
|    entropy_loss         | -1.06       |
|    explained_variance   | 0.998       |
|    learning_rate        | 0.0003      |
|    loss                 | 0.0286      |
|    n_updates            | 780         |
|    policy_gradient_loss | -0.00175    |
|    value_loss           | 0.0568      |
-----------------------------------------
---------------------------------
| rollout/           |          |
|    ep_len_mean     | 549      |
|    ep_rew_mean     | -1.52    |
| time/              |          |
|    fps             | 1651     |
|    iterations      | 79       |
|    time_elapsed    | 391      |
|    total_timesteps | 647168   |
---------------------------------
-----------------------------------------
| rollout/                |             |
|    ep_len_mean          | 555         |
|    ep_rew_mean          | -1.17       |
| time/                   |             |
|    fps                  | 1657        |
|    iterations           | 80          |
|    time_elapsed         | 395         |
|    total_timesteps      | 655360      |
| train/                  |             |
|    approx_kl            | 0.006193282 |
|    clip_fraction        | 0.0566      |
|    clip_range           | 0.2         |
|    entropy_loss         | -1.11       |
|    explained_variance   | 0.998       |
|    learning_rate        | 0.0003      |
|    loss                 | 0.017       |
|    n_updates            | 790         |
|    policy_gradient_loss | -0.00169    |
|    value_loss           | 0.0516      |
-----------------------------------------
Eval num_timesteps=660000, episode_reward=-22.85 +/- 0.23
Episode length: 552.70 +/- 53.15
-----------------------------------------
| eval/                   |             |
|    mean_ep_length       | 553         |
|    mean_reward          | -22.9       |
| time/                   |             |
|    total_timesteps      | 660000      |
| train/                  |             |
|    approx_kl            | 0.006605325 |
|    clip_fraction        | 0.0786      |
|    clip_range           | 0.2         |
|    entropy_loss         | -1.13       |
|    explained_variance   | 0.999       |
|    learning_rate        | 0.0003      |
|    loss                 | 0.0259      |
|    n_updates            | 800         |
|    policy_gradient_loss | -0.00253    |
|    value_loss           | 0.0389      |
-----------------------------------------
---------------------------------
| rollout/           |          |
|    ep_len_mean     | 565      |
|    ep_rew_mean     | -0.575   |
| time/              |          |
|    fps             | 1645     |
|    iterations      | 81       |
|    time_elapsed    | 403      |
|    total_timesteps | 663552   |
---------------------------------
------------------------------------------
| rollout/                |              |
|    ep_len_mean          | 565          |
|    ep_rew_mean          | -0.504       |
| time/                   |              |
|    fps                  | 1648         |
|    iterations           | 82           |
|    time_elapsed         | 407          |
|    total_timesteps      | 671744       |
| train/                  |              |
|    approx_kl            | 0.0095881205 |
|    clip_fraction        | 0.0689       |
|    clip_range           | 0.2          |
|    entropy_loss         | -1.16        |
|    explained_variance   | 0.998        |
|    learning_rate        | 0.0003       |
|    loss                 | 0.0236       |
|    n_updates            | 810          |
|    policy_gradient_loss | -0.00364     |
|    value_loss           | 0.0459       |
------------------------------------------
-----------------------------------------
| rollout/                |             |
|    ep_len_mean          | 570         |
|    ep_rew_mean          | -0.285      |
| time/                   |             |
|    fps                  | 1650        |
|    iterations           | 83          |
|    time_elapsed         | 411         |
|    total_timesteps      | 679936      |
| train/                  |             |
|    approx_kl            | 0.008493554 |
|    clip_fraction        | 0.0914      |
|    clip_range           | 0.2         |
|    entropy_loss         | -1.16       |
|    explained_variance   | 0.998       |
|    learning_rate        | 0.0003      |
|    loss                 | 0.0225      |
|    n_updates            | 820         |
|    policy_gradient_loss | -0.00215    |
|    value_loss           | 0.0558      |
-----------------------------------------
Eval num_timesteps=680000, episode_reward=-22.75 +/- 0.46
Episode length: 513.30 +/- 21.87
-----------------------------------------
| eval/                   |             |
|    mean_ep_length       | 513         |
|    mean_reward          | -22.8       |
| time/                   |             |
|    total_timesteps      | 680000      |
| train/                  |             |
|    approx_kl            | 0.009833006 |
|    clip_fraction        | 0.1         |
|    clip_range           | 0.2         |
|    entropy_loss         | -1.2        |
|    explained_variance   | 0.998       |
|    learning_rate        | 0.0003      |
|    loss                 | 0.0295      |
|    n_updates            | 830         |
|    policy_gradient_loss | -0.00381    |
|    value_loss           | 0.0464      |
-----------------------------------------
---------------------------------
| rollout/           |          |
|    ep_len_mean     | 572      |
|    ep_rew_mean     | -0.232   |
| time/              |          |
|    fps             | 1640     |
|    iterations      | 84       |
|    time_elapsed    | 419      |
|    total_timesteps | 688128   |
---------------------------------
-----------------------------------------
| rollout/                |             |
|    ep_len_mean          | 579         |
|    ep_rew_mean          | -0.118      |
| time/                   |             |
|    fps                  | 1645        |
|    iterations           | 85          |
|    time_elapsed         | 423         |
|    total_timesteps      | 696320      |
| train/                  |             |
|    approx_kl            | 0.009005899 |
|    clip_fraction        | 0.113       |
|    clip_range           | 0.2         |
|    entropy_loss         | -1.17       |
|    explained_variance   | 0.998       |
|    learning_rate        | 0.0003      |
|    loss                 | 0.00821     |
|    n_updates            | 840         |
|    policy_gradient_loss | -0.00523    |
|    value_loss           | 0.0573      |
-----------------------------------------
Eval num_timesteps=700000, episode_reward=-22.65 +/- 0.32
Episode length: 543.20 +/- 30.56
------------------------------------------
| eval/                   |              |
|    mean_ep_length       | 543          |
|    mean_reward          | -22.6        |
| time/                   |              |
|    total_timesteps      | 700000       |
| train/                  |              |
|    approx_kl            | 0.0064683557 |
|    clip_fraction        | 0.0755       |
|    clip_range           | 0.2          |
|    entropy_loss         | -1.12        |
|    explained_variance   | 0.998        |
|    learning_rate        | 0.0003       |
|    loss                 | 0.0101       |
|    n_updates            | 850          |
|    policy_gradient_loss | -0.00364     |
|    value_loss           | 0.055        |
------------------------------------------
---------------------------------
| rollout/           |          |
|    ep_len_mean     | 588      |
|    ep_rew_mean     | 0.354    |
| time/              |          |
|    fps             | 1631     |
|    iterations      | 86       |
|    time_elapsed    | 431      |
|    total_timesteps | 704512   |
---------------------------------
-----------------------------------------
| rollout/                |             |
|    ep_len_mean          | 591         |
|    ep_rew_mean          | 0.0556      |
| time/                   |             |
|    fps                  | 1635        |
|    iterations           | 87          |
|    time_elapsed         | 435         |
|    total_timesteps      | 712704      |
| train/                  |             |
|    approx_kl            | 0.007965427 |
|    clip_fraction        | 0.0851      |
|    clip_range           | 0.2         |
|    entropy_loss         | -1.18       |
|    explained_variance   | 0.998       |
|    learning_rate        | 0.0003      |
|    loss                 | 0.0133      |
|    n_updates            | 860         |
|    policy_gradient_loss | -0.00316    |
|    value_loss           | 0.0423      |
-----------------------------------------
Eval num_timesteps=720000, episode_reward=-22.45 +/- 0.35
Episode length: 557.40 +/- 32.60
-----------------------------------------
| eval/                   |             |
|    mean_ep_length       | 557         |
|    mean_reward          | -22.4       |
| time/                   |             |
|    total_timesteps      | 720000      |
| train/                  |             |
|    approx_kl            | 0.006112926 |
|    clip_fraction        | 0.0607      |
|    clip_range           | 0.2         |
|    entropy_loss         | -1.22       |
|    explained_variance   | 0.997       |
|    learning_rate        | 0.0003      |
|    loss                 | 0.0117      |
|    n_updates            | 870         |
|    policy_gradient_loss | -0.00598    |
|    value_loss           | 0.0571      |
-----------------------------------------
---------------------------------
| rollout/           |          |
|    ep_len_mean     | 595      |
|    ep_rew_mean     | -0.244   |
| time/              |          |
|    fps             | 1624     |
|    iterations      | 88       |
|    time_elapsed    | 443      |
|    total_timesteps | 720896   |
---------------------------------
-----------------------------------------
| rollout/                |             |
|    ep_len_mean          | 610         |
|    ep_rew_mean          | -0.157      |
| time/                   |             |
|    fps                  | 1627        |
|    iterations           | 89          |
|    time_elapsed         | 448         |
|    total_timesteps      | 729088      |
| train/                  |             |
|    approx_kl            | 0.010640436 |
|    clip_fraction        | 0.1         |
|    clip_range           | 0.2         |
|    entropy_loss         | -1.14       |
|    explained_variance   | 0.997       |
|    learning_rate        | 0.0003      |
|    loss                 | 0.0184      |
|    n_updates            | 880         |
|    policy_gradient_loss | -0.00738    |
|    value_loss           | 0.0728      |
-----------------------------------------
-----------------------------------------
| rollout/                |             |
|    ep_len_mean          | 634         |
|    ep_rew_mean          | 0.289       |
| time/                   |             |
|    fps                  | 1630        |
|    iterations           | 90          |
|    time_elapsed         | 452         |
|    total_timesteps      | 737280      |
| train/                  |             |
|    approx_kl            | 0.023293637 |
|    clip_fraction        | 0.107       |
|    clip_range           | 0.2         |
|    entropy_loss         | -1.27       |
|    explained_variance   | 0.992       |
|    learning_rate        | 0.0003      |
|    loss                 | 0.0306      |
|    n_updates            | 890         |
|    policy_gradient_loss | -0.00667    |
|    value_loss           | 0.098       |
-----------------------------------------
Eval num_timesteps=740000, episode_reward=-22.50 +/- 0.45
Episode length: 546.30 +/- 32.61
-----------------------------------------
| eval/                   |             |
|    mean_ep_length       | 546         |
|    mean_reward          | -22.5       |
| time/                   |             |
|    total_timesteps      | 740000      |
| train/                  |             |
|    approx_kl            | 0.009521033 |
|    clip_fraction        | 0.138       |
|    clip_range           | 0.2         |
|    entropy_loss         | -1.2        |
|    explained_variance   | 0.986       |
|    learning_rate        | 0.0003      |
|    loss                 | 0.12        |
|    n_updates            | 900         |
|    policy_gradient_loss | -0.00539    |
|    value_loss           | 0.209       |
-----------------------------------------
---------------------------------
| rollout/           |          |
|    ep_len_mean     | 660      |
|    ep_rew_mean     | 0.447    |
| time/              |          |
|    fps             | 1621     |
|    iterations      | 91       |
|    time_elapsed    | 459      |
|    total_timesteps | 745472   |
---------------------------------
-----------------------------------------
| rollout/                |             |
|    ep_len_mean          | 688         |
|    ep_rew_mean          | 0.767       |
| time/                   |             |
|    fps                  | 1625        |
|    iterations           | 92          |
|    time_elapsed         | 463         |
|    total_timesteps      | 753664      |
| train/                  |             |
|    approx_kl            | 0.011338463 |
|    clip_fraction        | 0.127       |
|    clip_range           | 0.2         |
|    entropy_loss         | -1.15       |
|    explained_variance   | 0.976       |
|    learning_rate        | 0.0003      |
|    loss                 | 0.0613      |
|    n_updates            | 910         |
|    policy_gradient_loss | -0.00359    |
|    value_loss           | 0.202       |
-----------------------------------------
Eval num_timesteps=760000, episode_reward=-22.70 +/- 0.40
Episode length: 923.90 +/- 51.62
-----------------------------------------
| eval/                   |             |
|    mean_ep_length       | 924         |
|    mean_reward          | -22.7       |
| time/                   |             |
|    total_timesteps      | 760000      |
| train/                  |             |
|    approx_kl            | 0.014309912 |
|    clip_fraction        | 0.126       |
|    clip_range           | 0.2         |
|    entropy_loss         | -1.17       |
|    explained_variance   | 0.976       |
|    learning_rate        | 0.0003      |
|    loss                 | 0.0659      |
|    n_updates            | 920         |
|    policy_gradient_loss | -0.00309    |
|    value_loss           | 0.223       |
-----------------------------------------
---------------------------------
| rollout/           |          |
|    ep_len_mean     | 718      |
|    ep_rew_mean     | 1.27     |
| time/              |          |
|    fps             | 1608     |
|    iterations      | 93       |
|    time_elapsed    | 473      |
|    total_timesteps | 761856   |
---------------------------------
-----------------------------------------
| rollout/                |             |
|    ep_len_mean          | 747         |
|    ep_rew_mean          | 1.7         |
| time/                   |             |
|    fps                  | 1612        |
|    iterations           | 94          |
|    time_elapsed         | 477         |
|    total_timesteps      | 770048      |
| train/                  |             |
|    approx_kl            | 0.012037266 |
|    clip_fraction        | 0.145       |
|    clip_range           | 0.2         |
|    entropy_loss         | -1.18       |
|    explained_variance   | 0.982       |
|    learning_rate        | 0.0003      |
|    loss                 | 0.00369     |
|    n_updates            | 930         |
|    policy_gradient_loss | -0.00538    |
|    value_loss           | 0.127       |
-----------------------------------------
-----------------------------------------
| rollout/                |             |
|    ep_len_mean          | 781         |
|    ep_rew_mean          | 2.09        |
| time/                   |             |
|    fps                  | 1617        |
|    iterations           | 95          |
|    time_elapsed         | 481         |
|    total_timesteps      | 778240      |
| train/                  |             |
|    approx_kl            | 0.007822817 |
|    clip_fraction        | 0.0901      |
|    clip_range           | 0.2         |
|    entropy_loss         | -1.16       |
|    explained_variance   | 0.985       |
|    learning_rate        | 0.0003      |
|    loss                 | 0.0154      |
|    n_updates            | 940         |
|    policy_gradient_loss | -0.00621    |
|    value_loss           | 0.0717      |
-----------------------------------------
Eval num_timesteps=780000, episode_reward=-22.45 +/- 0.15
Episode length: 949.70 +/- 18.65
-----------------------------------------
| eval/                   |             |
|    mean_ep_length       | 950         |
|    mean_reward          | -22.4       |
| time/                   |             |
|    total_timesteps      | 780000      |
| train/                  |             |
|    approx_kl            | 0.008084951 |
|    clip_fraction        | 0.0994      |
|    clip_range           | 0.2         |
|    entropy_loss         | -1.15       |
|    explained_variance   | 0.987       |
|    learning_rate        | 0.0003      |
|    loss                 | 0.0244      |
|    n_updates            | 950         |
|    policy_gradient_loss | -0.00503    |
|    value_loss           | 0.059       |
-----------------------------------------
---------------------------------
| rollout/           |          |
|    ep_len_mean     | 815      |
|    ep_rew_mean     | 2.42     |
| time/              |          |
|    fps             | 1599     |
|    iterations      | 96       |
|    time_elapsed    | 491      |
|    total_timesteps | 786432   |
---------------------------------
-----------------------------------------
| rollout/                |             |
|    ep_len_mean          | 857         |
|    ep_rew_mean          | 2.92        |
| time/                   |             |
|    fps                  | 1603        |
|    iterations           | 97          |
|    time_elapsed         | 495         |
|    total_timesteps      | 794624      |
| train/                  |             |
|    approx_kl            | 0.006790425 |
|    clip_fraction        | 0.0591      |
|    clip_range           | 0.2         |
|    entropy_loss         | -1.17       |
|    explained_variance   | 0.989       |
|    learning_rate        | 0.0003      |
|    loss                 | 0.0305      |
|    n_updates            | 960         |
|    policy_gradient_loss | -0.00402    |
|    value_loss           | 0.0812      |
-----------------------------------------
Eval num_timesteps=800000, episode_reward=-23.00 +/- 0.00
Episode length: 1056.70 +/- 57.94
------------------------------------------
| eval/                   |              |
|    mean_ep_length       | 1.06e+03     |
|    mean_reward          | -23          |
| time/                   |              |
|    total_timesteps      | 800000       |
| train/                  |              |
|    approx_kl            | 0.0072059776 |
|    clip_fraction        | 0.0775       |
|    clip_range           | 0.2          |
|    entropy_loss         | -1.15        |
|    explained_variance   | 0.981        |
|    learning_rate        | 0.0003       |
|    loss                 | 0.0724       |
|    n_updates            | 970          |
|    policy_gradient_loss | -0.0034      |
|    value_loss           | 0.159        |
------------------------------------------
---------------------------------
| rollout/           |          |
|    ep_len_mean     | 891      |
|    ep_rew_mean     | 3.32     |
| time/              |          |
|    fps             | 1583     |
|    iterations      | 98       |
|    time_elapsed    | 506      |
|    total_timesteps | 802816   |
---------------------------------
    -> net_big: -22.20 +/- 0.33 (8.5 min)

[tune] wrote /home/claude/work/part2/results/tuning_results.csv

config         axis           value                  reward  vs baseline
--------------------------------------------------------------------------
baseline       -              -              -14.05 +/-  9.36  
lr_low         learning_rate  0.0001         -21.92 +/-  0.36  -7.87
lr_high        learning_rate  0.001           -3.60 +/-  0.90  +10.45
ent_default    ent_coef       0.0            -21.88 +/-  0.59  -7.83
net_big        net_arch       128x128        -22.20 +/-  0.33  -8.15
